method,scenario,group,param,coverage,class,width
bca,0,A,pd,0.821,below,3.25161
bca,0,A,rho,0.765,below,6.90675
bca,1,A,pd,0.912,below,0.940946
bca,1,A,rho,0.697,below,4.14169
bca,2,A,pd,0.922,below,0.487463
bca,2,A,rho,0.896,below,2.00074
bca,3,A,pd,0.954,in,2.08639
bca,3,A,rho,0.616,below,6.90675
bca,4,A,pd,0.918,below,0.685469
bca,4,A,rho,0.717,below,4.18147
bca,5,C,pd,0.943,in,0.354639
bca,5,C,rho,0.933,in,1.33273
bca,6,A,pd,0.948,in,1.30399
bca,6,A,rho,0.430,below,0
bca,7,A,pd,0.908,below,0.431183
bca,7,A,rho,0.866,below,3.66857
bca,8,D,pd,0.938,in,0.227988
bca,8,D,rho,0.928,in,0.83828
bca,9,A,pd,0.792,below,3.25998
bca,9,A,rho,0.733,below,6.90675
bca,10,A,pd,0.878,below,1.40952
bca,10,A,rho,0.901,below,4.55725
bca,11,B,pd,0.900,below,1.18974
bca,11,B,rho,0.930,in,1.61523
bca,12,A,pd,0.940,in,2.21678
bca,12,A,rho,0.690,below,6.90675
bca,13,C,pd,0.913,below,1.04159
bca,13,C,rho,0.934,in,2.25509
bca,14,C,pd,0.937,in,0.880474
bca,14,C,rho,0.937,in,1.11145
bca,15,A,pd,0.936,in,1.4069
bca,15,A,rho,0.680,below,6.2458
bca,16,D,pd,0.937,in,0.690112
bca,16,D,rho,0.938,in,1.25741
bca,17,D,pd,0.930,in,0.581226
bca,17,D,rho,0.952,in,0.692896
bca,18,A,pd,0.742,below,3.25998
bca,18,A,rho,0.662,below,6.90675
bca,19,A,pd,0.824,below,2.00939
bca,19,A,rho,0.878,below,3.66922
bca,20,A,pd,0.868,below,1.8996
bca,20,A,rho,0.938,in,1.69279
bca,21,A,pd,0.911,below,2.42943
bca,21,A,rho,0.783,below,6.90675
bca,22,A,pd,0.871,below,1.57008
bca,22,A,rho,0.921,below,2.07054
bca,23,A,pd,0.920,below,1.45903
bca,23,A,rho,0.931,in,1.2171
bca,24,A,pd,0.929,in,1.64659
bca,24,A,rho,0.796,below,6.86475
bca,25,D,pd,0.920,below,1.08479
bca,25,D,rho,0.946,in,1.24955
bca,26,D,pd,0.925,below,0.993526
bca,26,D,rho,0.943,in,0.771695
bca,27,A,pd,0.907,below,0.927301
bca,27,A,rho,0.800,below,3.91765
bca,28,A,pd,0.915,below,0.428422
bca,28,A,rho,0.896,below,2.36339
bca,29,B,pd,0.907,below,0.336226
bca,29,B,rho,0.861,below,1.21969
bca,30,A,pd,0.927,below,0.65828
bca,30,A,rho,0.738,below,4.42556
bca,31,C,pd,0.933,in,0.304757
bca,31,C,rho,0.908,below,1.59004
bca,32,C,pd,0.915,below,0.247969
bca,32,C,rho,0.908,below,0.902096
bca,33,A,pd,0.905,below,0.414791
bca,33,A,rho,0.724,below,4.02871
bca,34,D,pd,0.915,below,0.197627
bca,34,D,rho,0.946,in,0.984519
bca,35,D,pd,0.931,in,0.160462
bca,35,D,rho,0.926,below,0.590667
bca,36,A,pd,0.902,below,1.18839
bca,36,A,rho,0.880,below,5.39349
bca,37,B,pd,0.898,below,0.896818
bca,37,B,rho,0.906,below,1.5594
bca,38,B,pd,0.895,below,0.842652
bca,38,B,rho,0.885,below,1.13425
bca,39,A,pd,0.922,below,0.86512
bca,39,A,rho,0.936,in,2.93254
bca,40,C,pd,0.929,in,0.651342
bca,40,C,rho,0.926,below,1.09608
bca,41,C,pd,0.918,below,0.63696
bca,41,C,rho,0.928,in,0.850311
bca,42,D,pd,0.934,in,0.567882
bca,42,D,rho,0.928,in,1.44316
bca,43,D,pd,0.923,below,0.428622
bca,43,D,rho,0.935,in,0.688773
bca,44,D,pd,0.943,in,0.411346
bca,44,D,rho,0.941,in,0.562656
bca,45,A,pd,0.857,below,1.56479
bca,45,A,rho,0.892,below,3.87196
bca,46,A,pd,0.880,below,1.37128
bca,46,A,rho,0.928,in,1.60057
bca,47,B,pd,0.891,below,1.32108
bca,47,B,rho,0.886,below,1.26653
bca,48,A,pd,0.919,below,1.17115
bca,48,A,rho,0.925,below,2.0381
bca,49,C,pd,0.911,below,1.00644
bca,49,C,rho,0.928,in,1.11451
bca,50,C,pd,0.911,below,0.995352
bca,50,C,rho,0.933,in,0.918091
bca,51,D,pd,0.938,in,0.766844
bca,51,D,rho,0.935,in,1.2111
bca,52,D,pd,0.937,in,0.671098
bca,52,D,rho,0.930,in,0.708481
bca,53,D,pd,0.943,in,0.653488
bca,53,D,rho,0.940,in,0.589219
bca,54,A,pd,0.845,below,0.464298
bca,54,A,rho,0.725,below,3.79179
bca,55,B,pd,0.899,below,0.290006
bca,55,B,rho,0.866,below,1.42392
bca,56,B,pd,0.912,below,0.267095
bca,56,B,rho,0.884,below,1.11833
bca,57,A,pd,0.905,below,0.35817
bca,57,A,rho,0.873,below,3.48949
bca,58,C,pd,0.911,below,0.21306
bca,58,C,rho,0.917,below,1.0358
bca,59,C,pd,0.931,in,0.196846
bca,59,C,rho,0.913,below,0.849713
bca,60,A,pd,0.920,below,0.22073
bca,60,A,rho,0.943,in,2.16897
bca,61,D,pd,0.915,below,0.141466
bca,61,D,rho,0.931,in,0.677732
bca,62,D,pd,0.936,in,0.128071
bca,62,D,rho,0.928,in,0.564606
bca,63,B,pd,0.926,below,0.756456
bca,63,B,rho,0.921,below,1.99218
bca,64,B,pd,0.920,below,0.667922
bca,64,B,rho,0.889,below,1.1988
bca,65,B,pd,0.910,below,0.652666
bca,65,B,rho,0.887,below,1.10707
bca,66,C,pd,0.939,in,0.55354
bca,66,C,rho,0.932,in,1.33512
bca,67,C,pd,0.932,in,0.486719
bca,67,C,rho,0.913,below,0.877251
bca,68,C,pd,0.901,below,0.477702
bca,68,C,rho,0.914,below,0.820801
bca,69,D,pd,0.950,in,0.358028
bca,69,D,rho,0.945,in,0.830395
bca,70,D,pd,0.942,in,0.316566
bca,70,D,rho,0.940,in,0.573904
bca,71,D,pd,0.932,in,0.310456
bca,71,D,rho,0.938,in,0.542333
bca,72,A,pd,0.896,below,1.03965
bca,72,A,rho,0.913,below,1.78075
bca,73,B,pd,0.894,below,0.979875
bca,73,B,rho,0.889,below,1.23713
bca,74,B,pd,0.902,below,0.971802
bca,74,B,rho,0.872,below,1.08957
bca,75,C,pd,0.937,in,0.769012
bca,75,C,rho,0.926,below,1.22414
bca,76,C,pd,0.928,in,0.717452
bca,76,C,rho,0.935,in,0.907738
bca,77,C,pd,0.934,in,0.726601
bca,77,C,rho,0.919,below,0.828891
bca,78,D,pd,0.948,in,0.498642
bca,78,D,rho,0.937,in,0.767954
bca,79,D,pd,0.933,in,0.475194
bca,79,D,rho,0.946,in,0.583292
bca,80,D,pd,0.942,in,0.469068
bca,80,D,rho,0.929,in,0.538112
jeffreys_et,0,A,pd,0.945,in,2.90611
jeffreys_et,0,A,rho,0.981,above,4.65903
jeffreys_et,1,A,pd,0.970,in,1.14246
jeffreys_et,1,A,rho,0.981,above,4.20378
jeffreys_et,2,A,pd,0.941,in,0.538194
jeffreys_et,2,A,rho,0.957,in,2.04128
jeffreys_et,3,A,pd,0.952,in,2.15976
jeffreys_et,3,A,rho,0.971,in,4.65075
jeffreys_et,4,A,pd,0.963,in,0.755384
jeffreys_et,4,A,rho,0.984,above,3.7051
jeffreys_et,5,C,pd,0.957,in,0.376419
jeffreys_et,5,C,rho,0.959,in,1.37245
jeffreys_et,6,A,pd,0.956,in,1.40128
jeffreys_et,6,A,rho,0.935,in,4.61678
jeffreys_et,7,A,pd,0.953,in,0.451581
jeffreys_et,7,A,rho,0.979,above,3.16053
jeffreys_et,8,D,pd,0.943,in,0.234267
jeffreys_et,8,D,rho,0.939,in,0.851379
jeffreys_et,9,A,pd,0.929,in,2.90611
jeffreys_et,9,A,rho,0.998,above,4.38043
jeffreys_et,10,A,pd,0.947,in,1.81673
jeffreys_et,10,A,rho,0.974,above,3.23263
jeffreys_et,11,B,pd,0.949,in,1.42016
jeffreys_et,11,B,rho,0.946,in,1.62992
jeffreys_et,12,A,pd,0.951,in,2.38286
jeffreys_et,12,A,rho,0.994,above,4.44408
jeffreys_et,13,C,pd,0.953,in,1.21113
jeffreys_et,13,C,rho,0.946,in,2.17997
jeffreys_et,14,C,pd,0.958,in,0.966455
jeffreys_et,14,C,rho,0.950,in,1.13645
jeffreys_et,15,A,pd,0.954,in,1.49274
jeffreys_et,15,A,rho,0.986,above,4.25539
jeffreys_et,16,D,pd,0.954,in,0.739766
jeffreys_et,16,D,rho,0.953,in,1.2848
jeffreys_et,17,D,pd,0.944,in,0.60664
jeffreys_et,17,D,rho,0.961,in,0.713483
jeffreys_et,18,A,pd,0.953,in,3.26671
jeffreys_et,18,A,rho,1.000,above,4.38043
jeffreys_et,19,A,pd,0.963,in,2.33642
jeffreys_et,19,A,rho,0.973,above,2.54763
jeffreys_et,20,A,pd,0.951,in,2.22756
jeffreys_et,20,A,rho,0.957,in,1.68076
jeffreys_et,21,A,pd,0.946,in,2.41551
jeffreys_et,21,A,rho,0.998,above,4.19626
jeffreys_et,22,A,pd,0.949,in,1.80904
jeffreys_et,22,A,rho,0.939,in,1.92868
jeffreys_et,23,A,pd,0.953,in,1.63715
jeffreys_et,23,A,rho,0.958,in,1.24427
jeffreys_et,24,A,pd,0.950,in,1.63283
jeffreys_et,24,A,rho,0.992,above,3.33948
jeffreys_et,25,D,pd,0.946,in,1.18343
jeffreys_et,25,D,rho,0.957,in,1.26147
jeffreys_et,26,D,pd,0.944,in,1.03372
jeffreys_et,26,D,rho,0.945,in,0.791126
jeffreys_et,27,A,pd,0.971,in,1.0987
jeffreys_et,27,A,rho,0.972,in,4.41259
jeffreys_et,28,A,pd,0.946,in,0.460046
jeffreys_et,28,A,rho,0.964,in,2.44145
jeffreys_et,29,B,pd,0.925,below,0.363322
jeffreys_et,29,B,rho,0.936,in,1.38167
jeffreys_et,30,A,pd,0.968,in,0.731908
jeffreys_et,30,A,rho,0.973,above,3.97952
jeffreys_et,31,C,pd,0.953,in,0.315776
jeffreys_et,31,C,rho,0.944,in,1.64915
jeffreys_et,32,C,pd,0.942,in,0.256039
jeffreys_et,32,C,rho,0.947,in,0.962093
jeffreys_et,33,A,pd,0.953,in,0.438853
jeffreys_et,33,A,rho,0.981,above,3.50545
jeffreys_et,34,D,pd,0.941,in,0.198946
jeffreys_et,34,D,rho,0.955,in,0.998165
jeffreys_et,35,D,pd,0.945,in,0.159538
jeffreys_et,35,D,rho,0.953,in,0.604217
jeffreys_et,36,A,pd,0.961,in,1.38349
jeffreys_et,36,A,rho,0.979,above,3.94266
jeffreys_et,37,B,pd,0.944,in,1.02491
jeffreys_et,37,B,rho,0.938,in,1.61873
jeffreys_et,38,B,pd,0.948,in,0.959537
jeffreys_et,38,B,rho,0.942,in,1.31418
jeffreys_et,39,A,pd,0.947,in,0.944673
jeffreys_et,39,A,rho,0.972,in,2.57182
jeffreys_et,40,C,pd,0.951,in,0.703876
jeffreys_et,40,C,rho,0.945,in,1.12709
jeffreys_et,41,C,pd,0.939,in,0.678928
jeffreys_et,41,C,rho,0.951,in,0.920121
jeffreys_et,42,D,pd,0.940,in,0.589273
jeffreys_et,42,D,rho,0.956,in,1.46035
jeffreys_et,43,D,pd,0.943,in,0.443537
jeffreys_et,43,D,rho,0.947,in,0.704724
jeffreys_et,44,D,pd,0.957,in,0.424178
jeffreys_et,44,D,rho,0.948,in,0.578692
jeffreys_et,45,A,pd,0.953,in,1.70086
jeffreys_et,45,A,rho,0.968,in,2.78467
jeffreys_et,46,A,pd,0.950,in,1.55128
jeffreys_et,46,A,rho,0.952,in,1.5816
jeffreys_et,47,B,pd,0.935,in,1.5071
jeffreys_et,47,B,rho,0.950,in,1.32125
jeffreys_et,48,A,pd,0.944,in,1.27044
jeffreys_et,48,A,rho,0.964,in,1.89767
jeffreys_et,49,C,pd,0.942,in,1.10392
jeffreys_et,49,C,rho,0.938,in,1.15117
jeffreys_et,50,C,pd,0.942,in,1.07072
jeffreys_et,50,C,rho,0.959,in,0.947509
jeffreys_et,51,D,pd,0.952,in,0.809131
jeffreys_et,51,D,rho,0.956,in,1.2398
jeffreys_et,52,D,pd,0.953,in,0.698744
jeffreys_et,52,D,rho,0.942,in,0.729056
jeffreys_et,53,D,pd,0.952,in,0.670446
jeffreys_et,53,D,rho,0.943,in,0.597751
jeffreys_et,54,A,pd,0.962,in,0.517291
jeffreys_et,54,A,rho,0.980,above,3.65356
jeffreys_et,55,B,pd,0.936,in,0.306411
jeffreys_et,55,B,rho,0.934,in,1.60453
jeffreys_et,56,B,pd,0.955,in,0.281167
jeffreys_et,56,B,rho,0.952,in,1.30491
jeffreys_et,57,A,pd,0.950,in,0.351676
jeffreys_et,57,A,rho,0.976,above,3.1517
jeffreys_et,58,C,pd,0.943,in,0.21588
jeffreys_et,58,C,rho,0.942,in,1.11033
jeffreys_et,59,C,pd,0.965,in,0.195962
jeffreys_et,59,C,rho,0.949,in,0.911352
jeffreys_et,60,A,pd,0.935,in,0.218383
jeffreys_et,60,A,rho,0.966,in,2.16279
jeffreys_et,61,D,pd,0.956,in,0.135923
jeffreys_et,61,D,rho,0.952,in,0.692085
jeffreys_et,62,D,pd,0.949,in,0.123765
jeffreys_et,62,D,rho,0.943,in,0.571666
jeffreys_et,63,B,pd,0.957,in,0.831031
jeffreys_et,63,B,rho,0.945,in,1.9953
jeffreys_et,64,B,pd,0.947,in,0.728489
jeffreys_et,64,B,rho,0.946,in,1.35355
jeffreys_et,65,B,pd,0.941,in,0.71431
jeffreys_et,65,B,rho,0.947,in,1.27953
jeffreys_et,66,C,pd,0.951,in,0.588427
jeffreys_et,66,C,rho,0.941,in,1.36813
jeffreys_et,67,C,pd,0.951,in,0.511424
jeffreys_et,67,C,rho,0.953,in,0.947561
jeffreys_et,68,C,pd,0.925,below,0.504712
jeffreys_et,68,C,rho,0.947,in,0.89543
jeffreys_et,69,D,pd,0.953,in,0.369182
jeffreys_et,69,D,rho,0.955,in,0.843772
jeffreys_et,70,D,pd,0.951,in,0.325742
jeffreys_et,70,D,rho,0.946,in,0.595224
jeffreys_et,71,D,pd,0.948,in,0.318592
jeffreys_et,71,D,rho,0.953,in,0.561707
jeffreys_et,72,A,pd,0.936,in,1.14174
jeffreys_et,72,A,rho,0.933,in,1.71807
jeffreys_et,73,B,pd,0.934,in,1.08329
jeffreys_et,73,B,rho,0.942,in,1.33401
jeffreys_et,74,B,pd,0.935,in,1.07221
jeffreys_et,74,B,rho,0.938,in,1.27321
jeffreys_et,75,C,pd,0.952,in,0.820165
jeffreys_et,75,C,rho,0.946,in,1.24871
jeffreys_et,76,C,pd,0.954,in,0.768634
jeffreys_et,76,C,rho,0.957,in,0.951829
jeffreys_et,77,C,pd,0.953,in,0.764674
jeffreys_et,77,C,rho,0.945,in,0.895022
jeffreys_et,78,D,pd,0.956,in,0.516673
jeffreys_et,78,D,rho,0.941,in,0.78875
jeffreys_et,79,D,pd,0.947,in,0.486518
jeffreys_et,79,D,rho,0.953,in,0.59844
jeffreys_et,80,D,pd,0.953,in,0.482355
jeffreys_et,80,D,rho,0.941,in,0.563122
pct,0,A,pd,0.977,above,2.7581
pct,0,A,rho,1.000,above,6.90675
pct,1,A,pd,0.926,below,1.00163
pct,1,A,rho,1.000,above,4.43958
pct,2,A,pd,0.918,below,0.490861
pct,2,A,rho,0.865,below,2.60282
pct,3,A,pd,0.887,below,2.23386
pct,3,A,rho,1.000,above,6.90675
pct,4,A,pd,0.927,below,0.699833
pct,4,A,rho,1.000,above,4.16872
pct,5,C,pd,0.945,in,0.35727
pct,5,C,rho,0.925,below,1.51985
pct,6,A,pd,0.931,in,1.39675
pct,6,A,rho,1.000,above,5.58781
pct,7,A,pd,0.933,in,0.442626
pct,7,A,rho,0.998,above,3.74929
pct,8,D,pd,0.942,in,0.228809
pct,8,D,rho,0.908,below,0.886182
pct,9,A,pd,0.971,in,2.7581
pct,9,A,rho,1.000,above,6.90675
pct,10,A,pd,0.887,below,1.56479
pct,10,A,rho,0.861,below,5.5587
pct,11,B,pd,0.913,below,1.29188
pct,11,B,rho,0.896,below,1.75588
pct,12,A,pd,0.869,below,2.41604
pct,12,A,rho,1.000,above,6.90675
pct,13,C,pd,0.918,below,1.11433
pct,13,C,rho,0.899,below,3.18457
pct,14,C,pd,0.942,in,0.913462
pct,14,C,rho,0.905,below,1.16897
pct,15,A,pd,0.915,below,1.55899
pct,15,A,rho,0.999,above,6.10406
pct,16,D,pd,0.944,in,0.707263
pct,16,D,rho,0.925,below,1.3858
pct,17,D,pd,0.929,in,0.59163
pct,17,D,rho,0.944,in,0.71884
pct,18,A,pd,0.981,above,2.7581
pct,18,A,rho,1.000,above,6.90675
pct,19,A,pd,0.852,below,2.35984
pct,19,A,rho,0.885,below,6.28224
pct,20,A,pd,0.905,below,2.13393
pct,20,A,rho,0.910,below,1.88794
pct,21,A,pd,0.813,below,2.47758
pct,21,A,rho,0.981,above,6.90675
pct,22,A,pd,0.887,below,1.75062
pct,22,A,rho,0.911,below,2.64404
pct,23,A,pd,0.929,in,1.56764
pct,23,A,rho,0.929,in,1.29729
pct,24,A,pd,0.908,below,1.82581
pct,24,A,rho,0.910,below,6.73433
pct,25,D,pd,0.918,below,1.13233
pct,25,D,rho,0.936,in,1.34632
pct,26,D,pd,0.931,in,1.01276
pct,26,D,rho,0.934,in,0.801513
pct,27,A,pd,0.932,in,0.986714
pct,27,A,rho,1.000,above,4.85493
pct,28,A,pd,0.914,below,0.42745
pct,28,A,rho,0.873,below,3.11996
pct,29,B,pd,0.903,below,0.338196
pct,29,B,rho,0.860,below,1.45347
pct,30,A,pd,0.930,in,0.666821
pct,30,A,rho,1.000,above,4.47851
pct,31,C,pd,0.942,in,0.304974
pct,31,C,rho,0.901,below,1.9224
pct,32,C,pd,0.927,below,0.246646
pct,32,C,rho,0.912,below,0.985221
pct,33,A,pd,0.933,in,0.433981
pct,33,A,rho,0.997,above,4.03337
pct,34,D,pd,0.930,in,0.196446
pct,34,D,rho,0.939,in,1.05539
pct,35,D,pd,0.942,in,0.159904
pct,35,D,rho,0.923,below,0.613918
pct,36,A,pd,0.905,below,1.29605
pct,36,A,rho,0.897,below,5.68463
pct,37,B,pd,0.905,below,0.947222
pct,37,B,rho,0.879,below,1.75831
pct,38,B,pd,0.913,below,0.894607
pct,38,B,rho,0.883,below,1.36042
pct,39,A,pd,0.921,below,0.899751
pct,39,A,rho,0.879,below,4.88067
pct,40,C,pd,0.932,in,0.672775
pct,40,C,rho,0.920,below,1.16378
pct,41,C,pd,0.937,in,0.654363
pct,41,C,rho,0.927,below,0.934322
pct,42,D,pd,0.940,in,0.575377
pct,42,D,rho,0.916,below,1.65608
pct,43,D,pd,0.930,in,0.433964
pct,43,D,rho,0.933,in,0.711226
pct,44,D,pd,0.951,in,0.416867
pct,44,D,rho,0.938,in,0.579927
pct,45,A,pd,0.862,below,1.7447
pct,45,A,rho,0.875,below,6.23894
pct,46,A,pd,0.903,below,1.4856
pct,46,A,rho,0.900,below,1.7601
pct,47,B,pd,0.911,below,1.44662
pct,47,B,rho,0.895,below,1.3997
pct,48,A,pd,0.924,below,1.25417
pct,48,A,rho,0.905,below,2.53356
pct,49,C,pd,0.923,below,1.06963
pct,49,C,rho,0.907,below,1.19115
pct,50,C,pd,0.928,in,1.04029
pct,50,C,rho,0.925,below,0.963943
pct,51,D,pd,0.935,in,0.78896
pct,51,D,rho,0.924,below,1.32353
pct,52,D,pd,0.945,in,0.687582
pct,52,D,rho,0.928,in,0.733577
pct,53,D,pd,0.934,in,0.663298
pct,53,D,rho,0.933,in,0.598652
pct,54,A,pd,0.929,in,0.497755
pct,54,A,rho,1.000,above,3.94667
pct,55,B,pd,0.924,below,0.289009
pct,55,B,rho,0.851,below,1.77592
pct,56,B,pd,0.936,in,0.266301
pct,56,B,rho,0.870,below,1.34337
pct,57,A,pd,0.913,below,0.339248
pct,57,A,rho,0.977,above,3.68206
pct,58,C,pd,0.905,below,0.214517
pct,58,C,rho,0.916,below,1.16249
pct,59,C,pd,0.942,in,0.197073
pct,59,C,rho,0.894,below,0.929478
pct,60,A,pd,0.932,in,0.227592
pct,60,A,rho,0.928,in,2.85143
pct,61,D,pd,0.937,in,0.139507
pct,61,D,rho,0.930,in,0.71183
pct,62,D,pd,0.945,in,0.127101
pct,62,D,rho,0.923,below,0.583452
pct,63,B,pd,0.929,in,0.783491
pct,63,B,rho,0.896,below,2.42179
pct,64,B,pd,0.922,below,0.687281
pct,64,B,rho,0.881,below,1.41223
pct,65,B,pd,0.913,below,0.675851
pct,65,B,rho,0.871,below,1.31561
pct,66,C,pd,0.942,in,0.567076
pct,66,C,rho,0.916,below,1.46723
pct,67,C,pd,0.932,in,0.497193
pct,67,C,rho,0.907,below,0.964705
pct,68,C,pd,0.913,below,0.488228
pct,68,C,rho,0.912,below,0.902801
pct,69,D,pd,0.948,in,0.36185
pct,69,D,rho,0.938,in,0.869845
pct,70,D,pd,0.937,in,0.320056
pct,70,D,rho,0.918,below,0.597036
pct,71,D,pd,0.943,in,0.314106
pct,71,D,rho,0.938,in,0.563336
pct,72,A,pd,0.899,below,1.11045
pct,72,A,rho,0.860,below,2.02279
pct,73,B,pd,0.909,below,1.04601
pct,73,B,rho,0.891,below,1.41363
pct,74,B,pd,0.911,below,1.03531
pct,74,B,rho,0.860,below,1.32164
pct,75,C,pd,0.931,in,0.800725
pct,75,C,rho,0.914,below,1.31314
pct,76,C,pd,0.925,below,0.752212
pct,76,C,rho,0.920,below,0.967567
pct,77,C,pd,0.932,in,0.747525
pct,77,C,rho,0.925,below,0.907504
pct,78,D,pd,0.943,in,0.508633
pct,78,D,rho,0.933,in,0.799819
pct,79,D,pd,0.937,in,0.479532
pct,79,D,rho,0.934,in,0.60086
pct,80,D,pd,0.946,in,0.476884
pct,80,D,rho,0.929,in,0.56412
profile,0,A,pd,0.983,above,3.66273
profile,0,A,rho,0.995,above,6.90675
profile,1,A,pd,0.963,in,1.02988
profile,1,A,rho,0.991,above,4.75066
profile,2,A,pd,0.937,in,0.53099
profile,2,A,rho,0.931,in,2.057
profile,3,A,pd,0.986,above,2.63964
profile,3,A,rho,0.989,above,6.90675
profile,4,A,pd,0.950,in,0.717739
profile,4,A,rho,0.986,above,4.29721
profile,5,C,pd,0.958,in,0.37333
profile,5,C,rho,0.951,in,1.37514
profile,6,A,pd,0.977,above,1.40501
profile,6,A,rho,0.986,above,5.92942
profile,7,A,pd,0.938,in,0.44209
profile,7,A,rho,0.964,in,3.74317
profile,8,D,pd,0.943,in,0.233236
profile,8,D,rho,0.938,in,0.85157
profile,9,A,pd,0.980,above,3.66273
profile,9,A,rho,0.995,above,6.90675
profile,10,A,pd,0.944,in,1.82028
profile,10,A,rho,0.941,in,3.5852
profile,11,B,pd,0.953,in,1.39925
profile,11,B,rho,0.941,in,1.62774
profile,12,A,pd,0.980,above,2.72747
profile,12,A,rho,0.990,above,6.90675
profile,13,C,pd,0.955,in,1.2015
profile,13,C,rho,0.945,in,2.22137
profile,14,C,pd,0.961,in,0.958048
profile,14,C,rho,0.948,in,1.13287
profile,15,A,pd,0.970,in,1.50537
profile,15,A,rho,0.986,above,6.20994
profile,16,D,pd,0.952,in,0.736663
profile,16,D,rho,0.951,in,1.28815
profile,17,D,pd,0.939,in,0.604218
profile,17,D,rho,0.961,in,0.711499
profile,18,A,pd,0.981,above,3.66273
profile,18,A,rho,0.999,above,6.90675
profile,19,A,pd,0.941,in,2.73616
profile,19,A,rho,0.950,in,2.73928
profile,20,A,pd,0.944,in,2.29515
profile,20,A,rho,0.944,in,1.7355
profile,21,A,pd,0.978,above,2.91211
profile,21,A,rho,0.994,above,6.90675
profile,22,A,pd,0.942,in,1.93426
profile,22,A,rho,0.933,in,2.03061
profile,23,A,pd,0.954,in,1.6268
profile,23,A,rho,0.952,in,1.25655
profile,24,A,pd,0.971,in,1.84361
profile,24,A,rho,0.952,in,5.7519
profile,25,D,pd,0.944,in,1.18078
profile,25,D,rho,0.950,in,1.27577
profile,26,D,pd,0.943,in,1.02892
profile,26,D,rho,0.947,in,0.788305
profile,27,A,pd,0.966,in,0.998767
profile,27,A,rho,0.979,above,5.17914
profile,28,A,pd,0.937,in,0.453267
profile,28,A,rho,0.943,in,2.51735
profile,29,B,pd,0.920,below,0.357319
profile,29,B,rho,0.927,below,1.36349
profile,30,A,pd,0.949,in,0.68978
profile,30,A,rho,0.982,above,4.67379
profile,31,C,pd,0.948,in,0.313511
profile,31,C,rho,0.937,in,1.66275
profile,32,C,pd,0.940,in,0.253949
profile,32,C,rho,0.944,in,0.95524
profile,33,A,pd,0.948,in,0.425593
profile,33,A,rho,0.983,above,4.13183
profile,34,D,pd,0.940,in,0.198149
profile,34,D,rho,0.957,in,0.999803
profile,35,D,pd,0.946,in,0.15883
profile,35,D,rho,0.949,in,0.601854
profile,36,A,pd,0.953,in,1.37402
profile,36,A,rho,0.948,in,5.31885
profile,37,B,pd,0.944,in,1.0149
profile,37,B,rho,0.937,in,1.61638
profile,38,B,pd,0.947,in,0.944473
profile,38,B,rho,0.938,in,1.29777
profile,39,A,pd,0.940,in,0.938193
profile,39,A,rho,0.955,in,2.70299
profile,40,C,pd,0.947,in,0.699496
profile,40,C,rho,0.941,in,1.12476
profile,41,C,pd,0.935,in,0.672576
profile,41,C,rho,0.946,in,0.912253
profile,42,D,pd,0.942,in,0.587654
profile,42,D,rho,0.950,in,1.47238
profile,43,D,pd,0.942,in,0.442772
profile,43,D,rho,0.944,in,0.702611
profile,44,D,pd,0.955,in,0.422558
profile,44,D,rho,0.942,in,0.576158
profile,45,A,pd,0.930,in,1.89046
profile,45,A,rho,0.933,in,3.03862
profile,46,A,pd,0.950,in,1.57532
profile,46,A,rho,0.941,in,1.62569
profile,47,B,pd,0.936,in,1.50094
profile,47,B,rho,0.946,in,1.32692
profile,48,A,pd,0.947,in,1.32184
profile,48,A,rho,0.949,in,1.98858
profile,49,C,pd,0.938,in,1.09908
profile,49,C,rho,0.934,in,1.15655
profile,50,C,pd,0.939,in,1.06229
profile,50,C,rho,0.956,in,0.942273
profile,51,D,pd,0.952,in,0.809493
profile,51,D,rho,0.953,in,1.24803
profile,52,D,pd,0.951,in,0.695635
profile,52,D,rho,0.945,in,0.726877
profile,53,D,pd,0.951,in,0.666846
profile,53,D,rho,0.944,in,0.59529
profile,54,A,pd,0.943,in,0.491375
profile,54,A,rho,0.972,in,4.10512
profile,55,B,pd,0.936,in,0.302334
profile,55,B,rho,0.926,below,1.59417
profile,56,B,pd,0.951,in,0.276817
profile,56,B,rho,0.948,in,1.28564
profile,57,A,pd,0.944,in,0.344038
profile,57,A,rho,0.955,in,3.692
profile,58,C,pd,0.940,in,0.214232
profile,58,C,rho,0.940,in,1.10473
profile,59,C,pd,0.964,in,0.194314
profile,59,C,rho,0.945,in,0.903732
profile,60,A,pd,0.936,in,0.217112
profile,60,A,rho,0.956,in,2.36115
profile,61,D,pd,0.954,in,0.135484
profile,61,D,rho,0.948,in,0.690071
profile,62,D,pd,0.948,in,0.123243
profile,62,D,rho,0.944,in,0.569357
profile,63,B,pd,0.948,in,0.826221
profile,63,B,rho,0.944,in,2.00783
profile,64,B,pd,0.946,in,0.719159
profile,64,B,rho,0.935,in,1.3376
profile,65,B,pd,0.936,in,0.703948
profile,65,B,rho,0.943,in,1.26152
profile,66,C,pd,0.949,in,0.586089
profile,66,C,rho,0.938,in,1.3684
profile,67,C,pd,0.948,in,0.508164
profile,67,C,rho,0.951,in,0.939859
profile,68,C,pd,0.924,below,0.500966
profile,68,C,rho,0.946,in,0.887339
profile,69,D,pd,0.954,in,0.367924
profile,69,D,rho,0.954,in,0.844476
profile,70,D,pd,0.949,in,0.324505
profile,70,D,rho,0.943,in,0.592699
profile,71,D,pd,0.946,in,0.317149
profile,71,D,rho,0.951,in,0.559438
profile,72,A,pd,0.936,in,1.15901
profile,72,A,rho,0.924,below,1.77676
profile,73,B,pd,0.931,in,1.07822
profile,73,B,rho,0.939,in,1.33818
profile,74,B,pd,0.933,in,1.06312
profile,74,B,rho,0.921,below,1.2613
profile,75,C,pd,0.951,in,0.819271
profile,75,C,rho,0.939,in,1.26029
profile,76,C,pd,0.950,in,0.764465
profile,76,C,rho,0.953,in,0.9466
profile,77,C,pd,0.949,in,0.759103
profile,77,C,rho,0.947,in,0.88824
profile,78,D,pd,0.950,in,0.515634
profile,78,D,rho,0.942,in,0.787367
profile,79,D,pd,0.950,in,0.484544
profile,79,D,rho,0.951,in,0.596193
profile,80,D,pd,0.953,in,0.48023
profile,80,D,rho,0.941,in,0.560553
s4b,0,A,pd,0.968,in,3.32589
s4b,0,A,rho,0.995,above,6.90675
s4b,1,A,pd,0.946,in,0.97317
s4b,1,A,rho,0.992,above,4.57098
s4b,2,A,pd,0.941,in,0.557219
s4b,2,A,rho,0.928,in,2.13073
s4b,3,A,pd,0.973,above,2.14925
s4b,3,A,rho,0.985,above,6.90675
s4b,4,A,pd,0.948,in,0.702112
s4b,4,A,rho,0.985,above,4.21416
s4b,5,C,pd,0.961,in,0.37731
s4b,5,C,rho,0.960,in,1.42829
s4b,6,A,pd,0.939,in,1.26853
s4b,6,A,rho,0.986,above,5.86951
s4b,7,A,pd,0.930,in,0.437945
s4b,7,A,rho,0.955,in,3.70302
s4b,8,D,pd,0.948,in,0.238725
s4b,8,D,rho,0.942,in,0.854142
s4b,9,A,pd,0.967,in,3.32589
s4b,9,A,rho,0.995,above,6.90675
s4b,10,A,pd,0.930,in,1.82624
s4b,10,A,rho,0.902,below,3.54515
s4b,11,B,pd,0.954,in,1.44646
s4b,11,B,rho,0.947,in,1.73465
s4b,12,A,pd,0.979,above,2.50203
s4b,12,A,rho,0.987,above,6.90675
s4b,13,C,pd,0.950,in,1.22579
s4b,13,C,rho,0.943,in,2.24051
s4b,14,C,pd,0.959,in,0.965163
s4b,14,C,rho,0.951,in,1.15405
s4b,15,A,pd,0.918,below,1.37372
s4b,15,A,rho,0.979,above,6.08402
s4b,16,D,pd,0.954,in,0.747561
s4b,16,D,rho,0.954,in,1.31281
s4b,17,D,pd,0.940,in,0.607262
s4b,17,D,rho,0.958,in,0.713149
s4b,18,A,pd,0.979,above,3.32589
s4b,18,A,rho,0.998,above,6.90675
s4b,19,A,pd,0.922,below,2.68878
s4b,19,A,rho,0.922,below,2.90552
s4b,20,A,pd,0.949,in,2.38175
s4b,20,A,rho,0.945,in,1.77157
s4b,21,A,pd,0.976,above,2.82089
s4b,21,A,rho,0.986,above,6.90675
s4b,22,A,pd,0.941,in,2.01399
s4b,22,A,rho,0.923,below,2.12158
s4b,23,A,pd,0.958,in,1.65802
s4b,23,A,rho,0.958,in,1.27807
s4b,24,A,pd,0.911,below,1.82395
s4b,24,A,rho,0.934,in,5.17018
s4b,25,D,pd,0.946,in,1.20697
s4b,25,D,rho,0.952,in,1.27224
s4b,26,D,pd,0.940,in,1.04144
s4b,26,D,rho,0.947,in,0.791743
s4b,27,A,pd,0.945,in,0.941495
s4b,27,A,rho,0.982,above,4.91219
s4b,28,A,pd,0.943,in,0.458989
s4b,28,A,rho,0.920,below,2.7102
s4b,29,B,pd,0.928,in,0.370709
s4b,29,B,rho,0.938,in,1.44985
s4b,30,A,pd,0.944,in,0.674469
s4b,30,A,rho,0.986,above,4.50429
s4b,31,C,pd,0.949,in,0.323247
s4b,31,C,rho,0.932,in,1.65704
s4b,32,C,pd,0.941,in,0.259424
s4b,32,C,rho,0.948,in,0.976633
s4b,33,A,pd,0.945,in,0.426529
s4b,33,A,rho,0.984,above,3.93445
s4b,34,D,pd,0.943,in,0.20028
s4b,34,D,rho,0.953,in,1.01663
s4b,35,D,pd,0.948,in,0.158825
s4b,35,D,rho,0.949,in,0.606275
s4b,36,A,pd,0.943,in,1.36863
s4b,36,A,rho,0.917,below,5.11515
s4b,37,B,pd,0.948,in,1.05691
s4b,37,B,rho,0.943,in,1.69828
s4b,38,B,pd,0.949,in,0.981342
s4b,38,B,rho,0.952,in,1.34976
s4b,39,A,pd,0.943,in,0.974237
s4b,39,A,rho,0.923,below,2.84613
s4b,40,C,pd,0.956,in,0.712855
s4b,40,C,rho,0.944,in,1.13838
s4b,41,C,pd,0.939,in,0.685231
s4b,41,C,rho,0.952,in,0.939069
s4b,42,D,pd,0.941,in,0.596206
s4b,42,D,rho,0.950,in,1.47547
s4b,43,D,pd,0.940,in,0.443554
s4b,43,D,rho,0.951,in,0.710332
s4b,44,D,pd,0.957,in,0.42578
s4b,44,D,rho,0.946,in,0.581845
s4b,45,A,pd,0.921,below,1.99278
s4b,45,A,rho,0.900,below,3.11563
s4b,46,A,pd,0.952,in,1.58133
s4b,46,A,rho,0.951,in,1.65391
s4b,47,B,pd,0.944,in,1.53818
s4b,47,B,rho,0.948,in,1.387
s4b,48,A,pd,0.950,in,1.34198
s4b,48,A,rho,0.939,in,1.95787
s4b,49,C,pd,0.943,in,1.13787
s4b,49,C,rho,0.939,in,1.17393
s4b,50,C,pd,0.938,in,1.08274
s4b,50,C,rho,0.954,in,0.965372
s4b,51,D,pd,0.947,in,0.811342
s4b,51,D,rho,0.951,in,1.25498
s4b,52,D,pd,0.949,in,0.698491
s4b,52,D,rho,0.945,in,0.731196
s4b,53,D,pd,0.951,in,0.66629
s4b,53,D,rho,0.945,in,0.594188
s4b,54,A,pd,0.938,in,0.486074
s4b,54,A,rho,0.974,above,3.99861
s4b,55,B,pd,0.933,in,0.307178
s4b,55,B,rho,0.934,in,1.69319
s4b,56,B,pd,0.959,in,0.293075
s4b,56,B,rho,0.959,in,1.34573
s4b,57,A,pd,0.937,in,0.352289
s4b,57,A,rho,0.937,in,3.42696
s4b,58,C,pd,0.944,in,0.218003
s4b,58,C,rho,0.945,in,1.12747
s4b,59,C,pd,0.966,in,0.194747
s4b,59,C,rho,0.948,in,0.925814
s4b,60,A,pd,0.937,in,0.220465
s4b,60,A,rho,0.931,in,2.39618
s4b,61,D,pd,0.954,in,0.135359
s4b,61,D,rho,0.950,in,0.699483
s4b,62,D,pd,0.955,in,0.124409
s4b,62,D,rho,0.944,in,0.575079
s4b,63,B,pd,0.956,in,0.859417
s4b,63,B,rho,0.946,in,2.07508
s4b,64,B,pd,0.950,in,0.756319
s4b,64,B,rho,0.951,in,1.40829
s4b,65,B,pd,0.948,in,0.736352
s4b,65,B,rho,0.952,in,1.31353
s4b,66,C,pd,0.950,in,0.60143
s4b,66,C,rho,0.943,in,1.40048
s4b,67,C,pd,0.949,in,0.515386
s4b,67,C,rho,0.952,in,0.959219
s4b,68,C,pd,0.929,in,0.521669
s4b,68,C,rho,0.949,in,0.910604
s4b,69,D,pd,0.954,in,0.369232
s4b,69,D,rho,0.951,in,0.860534
s4b,70,D,pd,0.950,in,0.324488
s4b,70,D,rho,0.943,in,0.595854
s4b,71,D,pd,0.944,in,0.319463
s4b,71,D,rho,0.952,in,0.560423
s4b,72,A,pd,0.942,in,1.16653
s4b,72,A,rho,0.928,in,1.84568
s4b,73,B,pd,0.936,in,1.14596
s4b,73,B,rho,0.946,in,1.40107
s4b,74,B,pd,0.938,in,1.11739
s4b,74,B,rho,0.945,in,1.32615
s4b,75,C,pd,0.953,in,0.84057
s4b,75,C,rho,0.941,in,1.3009
s4b,76,C,pd,0.955,in,0.77131
s4b,76,C,rho,0.956,in,0.965574
s4b,77,C,pd,0.960,in,0.768856
s4b,77,C,rho,0.951,in,0.909545
s4b,78,D,pd,0.955,in,0.509801
s4b,78,D,rho,0.943,in,0.78962
s4b,79,D,pd,0.948,in,0.489927
s4b,79,D,rho,0.951,in,0.605253
s4b,80,D,pd,0.953,in,0.480505
s4b,80,D,rho,0.940,in,0.565474
stud,0,A,pd,0.250,below,1.80779
stud,0,A,rho,0.056,below,76.95
stud,1,A,pd,0.934,in,0.920705
stud,1,A,rho,0.507,below,13.2339
stud,2,A,pd,0.936,in,0.539393
stud,2,A,rho,0.769,below,1.59331
stud,3,A,pd,0.704,below,1.70654
stud,3,A,rho,0.103,below,77.9305
stud,4,A,pd,0.925,below,0.689594
stud,4,A,rho,0.677,below,4.66975
stud,5,C,pd,0.958,in,0.374653
stud,5,C,rho,0.883,below,1.25171
stud,6,A,pd,0.913,below,1.22357
stud,6,A,rho,0.283,below,71.596
stud,7,A,pd,0.929,in,0.439724
stud,7,A,rho,0.804,below,2.62298
stud,8,D,pd,0.944,in,0.233153
stud,8,D,rho,0.926,below,0.831128
stud,9,A,pd,0.215,below,1.8078
stud,9,A,rho,0.091,below,62.4286
stud,10,A,pd,0.892,below,1.56606
stud,10,A,rho,0.655,below,2.16298
stud,11,B,pd,0.945,in,1.46772
stud,11,B,rho,0.928,in,1.59937
stud,12,A,pd,0.670,below,1.82059
stud,12,A,rho,0.249,below,75.2182
stud,13,C,pd,0.928,in,1.14672
stud,13,C,rho,0.763,below,1.6776
stud,14,C,pd,0.957,in,0.974113
stud,14,C,rho,0.946,in,1.12918
stud,15,A,pd,0.889,below,1.35089
stud,15,A,rho,0.514,below,3.43504
stud,16,D,pd,0.947,in,0.721274
stud,16,D,rho,0.888,below,1.18557
stud,17,D,pd,0.940,in,0.605839
stud,17,D,rho,0.957,in,0.709409
stud,18,A,pd,0.167,below,1.83828
stud,18,A,rho,0.071,below,5.58364
stud,19,A,pd,0.817,below,2.49954
stud,19,A,rho,0.593,below,2.12543
stud,20,A,pd,0.937,in,2.5335
stud,20,A,rho,0.891,below,1.75071
stud,21,A,pd,0.522,below,1.95437
stud,21,A,rho,0.230,below,2.79467
stud,22,A,pd,0.917,below,1.91035
stud,22,A,rho,0.782,below,1.75952
stud,23,A,pd,0.957,in,1.71363
stud,23,A,rho,0.949,in,1.26007
stud,24,A,pd,0.877,below,1.61868
stud,24,A,rho,0.516,below,2.02197
stud,25,D,pd,0.939,in,1.18634
stud,25,D,rho,0.923,below,1.23158
stud,26,D,pd,0.946,in,1.0493
stud,26,D,rho,0.948,in,0.792282
stud,27,A,pd,0.929,in,0.923325
stud,27,A,rho,0.428,below,27.0632
stud,28,A,pd,0.934,in,0.467182
stud,28,A,rho,0.790,below,1.68843
stud,29,B,pd,0.934,in,0.373296
stud,29,B,rho,0.915,below,1.37155
stud,30,A,pd,0.953,in,0.653152
stud,30,A,rho,0.530,below,8.41904
stud,31,C,pd,0.952,in,0.318763
stud,31,C,rho,0.801,below,1.33823
stud,32,C,pd,0.943,in,0.258704
stud,32,C,rho,0.941,in,0.964654
stud,33,A,pd,0.930,in,0.424004
stud,33,A,rho,0.682,below,4.70614
stud,34,D,pd,0.944,in,0.200092
stud,34,D,rho,0.917,below,0.938203
stud,35,D,pd,0.944,in,0.161972
stud,35,D,rho,0.953,in,0.607258
stud,36,A,pd,0.910,below,1.26648
stud,36,A,rho,0.596,below,2.37098
stud,37,B,pd,0.946,in,1.04891
stud,37,B,rho,0.900,below,1.56197
stud,38,B,pd,0.952,in,0.983466
stud,38,B,rho,0.945,in,1.3445
stud,39,A,pd,0.931,in,0.909579
stud,39,A,rho,0.693,below,1.7521
stud,40,C,pd,0.953,in,0.710852
stud,40,C,rho,0.936,in,1.11574
stud,41,C,pd,0.940,in,0.687179
stud,41,C,rho,0.949,in,0.930705
stud,42,D,pd,0.938,in,0.578079
stud,42,D,rho,0.837,below,1.25406
stud,43,D,pd,0.943,in,0.444008
stud,43,D,rho,0.944,in,0.700875
stud,44,D,pd,0.955,in,0.425023
stud,44,D,rho,0.943,in,0.578979
stud,45,A,pd,0.870,below,1.78544
stud,45,A,rho,0.575,below,2.05236
stud,46,A,pd,0.952,in,1.69166
stud,46,A,rho,0.901,below,1.62451
stud,47,B,pd,0.946,in,1.61148
stud,47,B,rho,0.957,in,1.3804
stud,48,A,pd,0.937,in,1.30458
stud,48,A,rho,0.779,below,1.66105
stud,49,C,pd,0.944,in,1.13856
stud,49,C,rho,0.936,in,1.1577
stud,50,C,pd,0.937,in,1.09374
stud,50,C,rho,0.952,in,0.958103
stud,51,D,pd,0.948,in,0.806105
stud,51,D,rho,0.924,below,1.18148
stud,52,D,pd,0.955,in,0.703876
stud,52,D,rho,0.940,in,0.726213
stud,53,D,pd,0.952,in,0.673377
stud,53,D,rho,0.943,in,0.59731
stud,54,A,pd,0.927,below,0.49704
stud,54,A,rho,0.679,below,4.0506
stud,55,B,pd,0.953,in,0.320364
stud,55,B,rho,0.835,below,1.44345
stud,56,B,pd,0.964,in,0.292865
stud,56,B,rho,0.946,in,1.31538
stud,57,A,pd,0.917,below,0.34842
stud,57,A,rho,0.804,below,2.47871
stud,58,C,pd,0.940,in,0.223247
stud,58,C,rho,0.925,below,1.07463
stud,59,C,pd,0.956,in,0.202696
stud,59,C,rho,0.937,in,0.92224
stud,60,A,pd,0.942,in,0.232819
stud,60,A,rho,0.808,below,1.50092
stud,61,D,pd,0.951,in,0.142688
stud,61,D,rho,0.949,in,0.691321
stud,62,D,pd,0.951,in,0.130193
stud,62,D,rho,0.941,in,0.582796
stud,63,B,pd,0.947,in,0.850859
stud,63,B,rho,0.804,below,1.64922
stud,64,B,pd,0.955,in,0.755203
stud,64,B,rho,0.939,in,1.37465
stud,65,B,pd,0.948,in,0.738916
stud,65,B,rho,0.953,in,1.31212
stud,66,C,pd,0.946,in,0.591056
stud,66,C,rho,0.895,below,1.27938
stud,67,C,pd,0.950,in,0.519542
stud,67,C,rho,0.956,in,0.953086
stud,68,C,pd,0.931,in,0.510361
stud,68,C,rho,0.949,in,0.902062
stud,69,D,pd,0.956,in,0.367792
stud,69,D,rho,0.943,in,0.82878
stud,70,D,pd,0.951,in,0.325224
stud,70,D,rho,0.948,in,0.594863
stud,71,D,pd,0.945,in,0.319647
stud,71,D,rho,0.954,in,0.563603
stud,72,A,pd,0.937,in,1.21536
stud,72,A,rho,0.820,below,1.65838
stud,73,B,pd,0.941,in,1.13953
stud,73,B,rho,0.946,in,1.38938
stud,74,B,pd,0.945,in,1.12725
stud,74,B,rho,0.948,in,1.31717
stud,75,C,pd,0.953,in,0.834456
stud,75,C,rho,0.932,in,1.23406
stud,76,C,pd,0.959,in,0.783926
stud,76,C,rho,0.960,in,0.960174
stud,77,C,pd,0.961,in,0.778687
stud,77,C,rho,0.949,in,0.906247
stud,78,D,pd,0.950,in,0.517707
stud,78,D,rho,0.938,in,0.782035
stud,79,D,pd,0.949,in,0.487413
stud,79,D,rho,0.954,in,0.598468
stud,80,D,pd,0.951,in,0.483803
stud,80,D,rho,0.939,in,0.563512
