# Reviewed out-of-band verdicts of the shared jackknife run (D-155, D-159), one row per verdict.
# The run writes raw band classes (summary.csv); these labels are kept apart so a review needs no
# refit. Diagnoses (explained in studies/README.md, S-3 and S-5 entries):
#   near_bound, conservative_box: group A, rho-tilde and the shifted interval held by the box;
#   small_rho_resolution: rho = 0.02, inexact delete-one estimates amplified by T - 1, and the floor;
#   correction_noise: the correction adds variance, and the interval is shifted, not widened;
#   boundary_breakdown: the bootstrap near a bound (D-137); BCa does not repair it;
#   resampling_variance: BCa corrects bias and skew, not the (T - 1)/T resampling variance;
#   se_overstated: the delta-method SE overstates the spread; jackknife_se_small: SE_J too small.
scenario,family,side,diagnosis
0,shifted_rho,ABOVE,conservative_box
0,bca_pd,BELOW,boundary_breakdown
0,bca_rho,BELOW,boundary_breakdown
1,bca_pd,BELOW,boundary_breakdown
1,bca_rho,BELOW,boundary_breakdown
2,shifted_rho,BELOW,near_bound
2,bca_pd,BELOW,boundary_breakdown
2,bca_rho,BELOW,boundary_breakdown
3,shifted_rho,ABOVE,conservative_box
3,bca_rho,BELOW,boundary_breakdown
4,shifted_rho,BELOW,near_bound
4,bca_pd,BELOW,boundary_breakdown
4,bca_rho,BELOW,boundary_breakdown
5,shifted_rho,BELOW,small_rho_resolution
5,q_wald_a,BELOW,correction_noise
5,q_wald_b,BELOW,jackknife_se_small
6,bca_rho,BELOW,boundary_breakdown
7,shifted_rho,BELOW,near_bound
7,bca_pd,BELOW,boundary_breakdown
7,bca_rho,BELOW,boundary_breakdown
8,shifted_rho,BELOW,small_rho_resolution
8,q_wald_a,BELOW,correction_noise
8,q_wald_b,BELOW,jackknife_se_small
9,shifted_rho,ABOVE,conservative_box
9,bca_pd,BELOW,boundary_breakdown
9,bca_rho,BELOW,boundary_breakdown
10,shifted_rho,BELOW,near_bound
10,bca_pd,BELOW,boundary_breakdown
10,bca_rho,BELOW,boundary_breakdown
11,bca_pd,BELOW,resampling_variance
11,q_wald_b,BELOW,jackknife_se_small
12,bca_rho,BELOW,boundary_breakdown
13,shifted_rho,BELOW,correction_noise
13,bca_pd,BELOW,resampling_variance
13,q_wald_a,ABOVE,se_overstated
15,shifted_rho,BELOW,near_bound
15,bca_rho,BELOW,boundary_breakdown
16,shifted_rho,BELOW,correction_noise
17,shifted_rho,BELOW,correction_noise
17,q_wald_a,BELOW,correction_noise
17,q_wald_b,BELOW,jackknife_se_small
18,shifted_rho,ABOVE,conservative_box
18,bca_pd,BELOW,boundary_breakdown
18,bca_rho,BELOW,boundary_breakdown
19,bca_pd,BELOW,boundary_breakdown
19,bca_rho,BELOW,boundary_breakdown
20,bca_pd,BELOW,boundary_breakdown
21,shifted_rho,ABOVE,conservative_box
21,bca_pd,BELOW,boundary_breakdown
21,bca_rho,BELOW,boundary_breakdown
22,bca_pd,BELOW,boundary_breakdown
22,bca_rho,BELOW,boundary_breakdown
23,shifted_rho,BELOW,near_bound
23,bca_pd,BELOW,boundary_breakdown
24,shifted_rho,BELOW,near_bound
24,bca_rho,BELOW,boundary_breakdown
25,shifted_rho,BELOW,correction_noise
25,bca_pd,BELOW,resampling_variance
25,q_wald_b,BELOW,jackknife_se_small
26,shifted_rho,BELOW,correction_noise
26,bca_pd,BELOW,resampling_variance
26,q_wald_a,BELOW,correction_noise
26,q_wald_b,BELOW,jackknife_se_small
27,bca_pd,BELOW,boundary_breakdown
27,bca_rho,BELOW,boundary_breakdown
28,shifted_rho,BELOW,near_bound
28,bca_pd,BELOW,boundary_breakdown
28,bca_rho,BELOW,boundary_breakdown
29,shifted_rho,BELOW,small_rho_resolution
29,bca_pd,BELOW,resampling_variance
29,bca_rho,BELOW,resampling_variance
29,q_wald_a,BELOW,correction_noise
29,q_wald_b,BELOW,jackknife_se_small
30,shifted_rho,BELOW,near_bound
30,bca_pd,BELOW,boundary_breakdown
30,bca_rho,BELOW,boundary_breakdown
31,shifted_rho,BELOW,small_rho_resolution
31,bca_rho,BELOW,resampling_variance
31,q_wald_a,BELOW,correction_noise
31,q_wald_b,BELOW,jackknife_se_small
32,shifted_rho,BELOW,small_rho_resolution
32,bca_pd,BELOW,resampling_variance
32,bca_rho,BELOW,resampling_variance
32,q_wald_a,BELOW,correction_noise
32,q_wald_b,BELOW,jackknife_se_small
33,shifted_rho,BELOW,near_bound
33,bca_pd,BELOW,boundary_breakdown
33,bca_rho,BELOW,boundary_breakdown
34,shifted_rho,BELOW,small_rho_resolution
34,bca_pd,BELOW,resampling_variance
34,q_wald_a,BELOW,correction_noise
34,q_wald_b,BELOW,jackknife_se_small
35,shifted_rho,BELOW,small_rho_resolution
35,bca_rho,BELOW,resampling_variance
35,q_wald_a,BELOW,correction_noise
35,q_wald_b,BELOW,jackknife_se_small
36,shifted_rho,BELOW,near_bound
36,bca_pd,BELOW,boundary_breakdown
36,bca_rho,BELOW,boundary_breakdown
37,bca_pd,BELOW,resampling_variance
37,bca_rho,BELOW,resampling_variance
37,q_wald_a,BELOW,correction_noise
37,q_wald_b,BELOW,jackknife_se_small
38,bca_pd,BELOW,resampling_variance
38,bca_rho,BELOW,resampling_variance
38,q_wald_a,BELOW,correction_noise
38,q_wald_b,BELOW,jackknife_se_small
39,bca_pd,BELOW,boundary_breakdown
40,bca_rho,BELOW,resampling_variance
40,q_wald_b,BELOW,jackknife_se_small
41,bca_pd,BELOW,resampling_variance
42,shifted_rho,BELOW,correction_noise
43,bca_pd,BELOW,resampling_variance
44,shifted_rho,BELOW,correction_noise
45,shifted_rho,BELOW,near_bound
45,bca_pd,BELOW,boundary_breakdown
45,bca_rho,BELOW,boundary_breakdown
46,bca_pd,BELOW,boundary_breakdown
47,bca_pd,BELOW,resampling_variance
47,bca_rho,BELOW,resampling_variance
47,q_wald_a,BELOW,correction_noise
47,q_wald_b,BELOW,jackknife_se_small
48,bca_pd,BELOW,boundary_breakdown
48,bca_rho,BELOW,boundary_breakdown
49,shifted_rho,BELOW,correction_noise
49,bca_pd,BELOW,resampling_variance
49,q_wald_b,BELOW,jackknife_se_small
50,bca_pd,BELOW,resampling_variance
51,shifted_rho,BELOW,correction_noise
52,shifted_rho,BELOW,correction_noise
52,q_wald_b,BELOW,jackknife_se_small
53,shifted_rho,BELOW,correction_noise
53,q_wald_a,BELOW,correction_noise
53,q_wald_b,BELOW,jackknife_se_small
54,shifted_rho,BELOW,near_bound
54,bca_pd,BELOW,boundary_breakdown
54,bca_rho,BELOW,boundary_breakdown
55,shifted_rho,BELOW,small_rho_resolution
55,bca_pd,BELOW,resampling_variance
55,bca_rho,BELOW,resampling_variance
55,q_wald_a,BELOW,correction_noise
55,q_wald_b,BELOW,jackknife_se_small
56,shifted_rho,BELOW,small_rho_resolution
56,bca_pd,BELOW,resampling_variance
56,bca_rho,BELOW,resampling_variance
56,q_wald_a,BELOW,correction_noise
56,q_wald_b,BELOW,jackknife_se_small
57,shifted_rho,BELOW,near_bound
57,bca_pd,BELOW,boundary_breakdown
57,bca_rho,BELOW,boundary_breakdown
58,shifted_rho,BELOW,small_rho_resolution
58,bca_pd,BELOW,resampling_variance
58,bca_rho,BELOW,resampling_variance
58,q_wald_a,BELOW,correction_noise
58,q_wald_b,BELOW,jackknife_se_small
59,shifted_rho,BELOW,small_rho_resolution
59,bca_rho,BELOW,resampling_variance
59,q_wald_a,BELOW,correction_noise
59,q_wald_b,BELOW,jackknife_se_small
60,shifted_rho,BELOW,near_bound
60,bca_pd,BELOW,boundary_breakdown
61,shifted_rho,BELOW,small_rho_resolution
61,bca_pd,BELOW,resampling_variance
61,q_wald_a,BELOW,correction_noise
61,q_wald_b,BELOW,jackknife_se_small
62,shifted_rho,BELOW,small_rho_resolution
62,q_wald_a,BELOW,correction_noise
63,bca_pd,BELOW,resampling_variance
63,bca_rho,BELOW,resampling_variance
64,bca_pd,BELOW,resampling_variance
64,bca_rho,BELOW,resampling_variance
64,q_wald_a,BELOW,correction_noise
64,q_wald_b,BELOW,jackknife_se_small
65,bca_pd,BELOW,resampling_variance
65,bca_rho,BELOW,resampling_variance
65,q_wald_a,BELOW,correction_noise
65,q_wald_b,BELOW,jackknife_se_small
67,bca_rho,BELOW,resampling_variance
67,q_wald_a,BELOW,correction_noise
67,q_wald_b,BELOW,jackknife_se_small
68,bca_pd,BELOW,resampling_variance
68,bca_rho,BELOW,resampling_variance
68,q_wald_a,BELOW,correction_noise
68,q_wald_b,BELOW,jackknife_se_small
69,q_wald_b,BELOW,jackknife_se_small
70,q_wald_a,BELOW,correction_noise
70,q_wald_b,BELOW,jackknife_se_small
71,shifted_rho,BELOW,correction_noise
72,shifted_rho,BELOW,near_bound
72,bca_pd,BELOW,boundary_breakdown
72,bca_rho,BELOW,boundary_breakdown
73,bca_pd,BELOW,resampling_variance
73,bca_rho,BELOW,resampling_variance
73,q_wald_a,BELOW,correction_noise
73,q_wald_b,BELOW,jackknife_se_small
74,bca_pd,BELOW,resampling_variance
74,bca_rho,BELOW,resampling_variance
74,q_wald_a,BELOW,correction_noise
74,q_wald_b,BELOW,jackknife_se_small
75,bca_rho,BELOW,resampling_variance
75,q_wald_b,BELOW,jackknife_se_small
77,bca_rho,BELOW,resampling_variance
80,shifted_rho,BELOW,correction_noise
80,q_wald_b,BELOW,jackknife_se_small
