# The shared jackknife run (S-3, S-5, S-21; J1-J18): one row per scenario, R replicates each.
# Written by study_jackknife_run. *_class is the raw position against the band (PASS, BELOW,
# ABOVE, DEFERRED); reviewed labels live in studies/jackknife-bias-rho/reviewed.csv (D-155).
scenario,replicates,unflagged,rho_bias_hex,rho_rmse_hex,rho_tilde_bias_hex,rho_tilde_rmse_hex,clamped,parity_rho_covered,shifted_rho_covered,shifted_gained,shifted_lost,shifted_class,pd_bca_covered,pd_bca_below,pd_bca_not_computed,pd_bca_class,pd_pct_covered,rho_bca_covered,rho_bca_below,rho_bca_not_computed,rho_bca_class,rho_pct_covered,qa_covered,qa_below,qa_class,qb_covered,qb_below,qb_class,qb_covered_all,corr_err_se_delta_hex,corr_err_se_jack_hex,infl_rho_median_hex,infl_rho_p90_hex,infl_pd_median_hex,extreme_z_top,extreme_z_assessed,pair_ratio_median_hex,refit_gap_max_hex,refit_gap_clean_max_hex,shifted_coverage,rho_bca_coverage,pd_bca_coverage,qa_coverage,qb_coverage,rho_tilde_p_bias_hex,rho_tilde_p_rmse_hex,shifted_p_covered,shifted_p_class,qa_p_covered,qa_p_below,qa_p_class,qb_p_covered,qb_p_below,qb_p_class
29,1000,1000,-0x1.2511ba943bc4dp-10,0x1.b92b3d50fc0aap-8,-0x1.0d2373e9cd48fp-13,0x1.44256dad15019p-7,22,927,873,22,76,BELOW,907,61,0,BELOW,908,861,118,0,BELOW,813,849,132,BELOW,849,126,BELOW,849,0x1.8dd9c9b524e71p-1,0x1.c7eedafe6db99p-5,0x1.5a176898b8ef4p-1,0x1.103d0f1d4c935p+0,0x1.1e0fd3ddfcd88p-1,603,1000,0x1.ab684bf56009dp+0,0x1.09fd6019e2a26p-1,0x1.f22770cb59987p-4,0.8730,0.8610,0.9070,0.8490,0.8490,0x1.1eec6d2882d4cp-14,0x1.c9cc06cc51393p-8,935,PASS,906,87,BELOW,895,93,BELOW
37,1000,998,-0x1.51417e711e3aep-8,0x1.68e87f41d1d0bp-5,0x1.6f4a402661dbap-11,0x1.76f68ed7a74d7p-5,0,937,929,8,16,PASS,898,74,0,BELOW,886,906,65,0,BELOW,855,914,78,BELOW,899,84,BELOW,900,0x1.4f27dce0f5978p-1,0x1.20e05af7ee8c2p-2,0x1.2026ea233a5dcp-1,0x1.049f7eaddeb29p+0,0x1.35702008b6338p-1,467,998,0x1.ccebb1bdb39e4p+0,0x1.84c7bb760986ep-6,0x1.84c7bb760986ep-6,0.9290,0.9060,0.8980,0.9158,0.9008,0x1.f0cb73138b5e0p-11,0x1.7473ee55b1013p-5,933,PASS,922,71,BELOW,903,80,BELOW
72,1000,794,-0x1.1d1e637339a5dp-6,0x1.5d0a0d1afb541p-4,-0x1.da9ea9f1faea1p-9,0x1.67da8005cea24p-4,5,924,923,16,17,BELOW,896,80,1,BELOW,879,913,65,0,BELOW,852,694,99,DEFERRED,700,94,DEFERRED,891,0x1.1ab1bbae16797p-1,0x1.1fedb1242412bp-2,0x1.23fc7e2c84982p-1,0x1.277ef5483bd5bp+0,0x1.413a32479f07cp-1,312,794,0x1.dc74c2ef6cdf6p+0,0x1.b139179446540p-6,0x1.b139179446540p-6,0.9230,0.9130,0.8960,nan,nan,-0x1.84435039a1dd2p-9,0x1.68fefcf99396fp-4,927,BELOW,692,101,DEFERRED,700,94,DEFERRED
4,1000,485,0x1.da4b1d4635be1p-16,0x1.452766d76928bp-6,0x1.ef12eb1a0d55bp-11,0x1.6687bd3bbc6fcp-6,357,986,905,0,81,BELOW,918,42,12,BELOW,928,717,269,0,BELOW,897,472,0,DEFERRED,464,0,DEFERRED,729,-0x1.63cf051a88adfp-1,-0x1.53f40323a8165p-3,0x1.1d9aefb29ba6fp-1,0x1.18cf6b2878998p+0,0x1.f8dc29f0339f5p-2,80,485,0x1.8ac6276861e74p+0,0x1.fffc1f5410681p-6,0x1.fffc1f5410681p-6,0.9050,0.7170,0.9180,nan,nan,0x1.53f51cc64ac23p-10,0x1.6afe26e4843edp-6,920,BELOW,472,0,DEFERRED,467,0,DEFERRED
68,1000,1000,-0x1.db1b77bce47e1p-9,0x1.88da1e3d9e929p-6,-0x1.10314857589b2p-11,0x1.9fba51bc7a958p-6,0,946,936,7,17,PASS,901,51,0,BELOW,912,914,57,0,BELOW,874,924,68,BELOW,900,84,BELOW,900,0x1.b56a5bffeb476p-1,0x1.9e1361ece8b47p-2,0x1.1c903b42f3533p-1,0x1.bf8a08f1a9fb8p-1,0x1.e22f5d6943112p-2,760,1000,0x1.d0f69fff3517ep+0,0x1.2f373fb3e709ap-5,0x1.2f373fb3e709ap-5,0.9360,0.9140,0.9010,0.9240,0.9000,-0x1.e8b371b3e6a8fp-12,0x1.8de5dc777c6dep-6,943,PASS,933,64,PASS,919,70,BELOW
49,1000,972,-0x1.84065846fdb4cp-8,0x1.cb63a53d341d1p-5,0x1.42c7787e5a819p-12,0x1.dca93f76331c9p-5,0,934,926,8,16,BELOW,911,58,0,BELOW,899,928,41,0,PASS,892,903,63,PASS,899,63,BELOW,915,0x1.423140f6d5b70p-1,0x1.13ea096af4c0ap-2,0x1.f4b5b37a33199p-2,0x1.ce80970bc0139p-1,0x1.1984130c2f030p-1,439,972,0x1.c773c0f7f87abp+0,0x1.14ed0415f1a25p-6,0x1.14ed0415f1a25p-6,0.9260,0.9280,0.9110,0.9290,0.9249,-0x1.c89f4bd9d8106p-18,0x1.d33f9d22a0dfap-5,934,PASS,908,58,PASS,897,66,BELOW
7,1000,664,-0x1.7d50500889f49p-10,0x1.b833d3ace68d5p-7,0x1.36c9d34f5bdb9p-12,0x1.32836a9a2086ep-6,207,964,845,2,121,BELOW,908,44,0,BELOW,932,866,115,0,BELOW,918,626,10,DEFERRED,626,12,DEFERRED,856,-0x1.6b760208f8a89p-1,-0x1.4bf87f7e684b2p-2,0x1.148be03116409p-1,0x1.e9b5372da1b38p-1,0x1.7819134b7aa4cp-2,75,664,0x1.ab295809737d4p+0,0x1.900478cae09d3p-5,0x1.900478cae09d3p-5,0.8450,0.8660,0.9080,nan,nan,-0x1.78196000264cap-12,0x1.d90a4b3baca43p-7,895,BELOW,643,0,DEFERRED,646,0,DEFERRED
43,1000,1000,-0x1.487d654888ea6p-9,0x1.33c85db965120p-6,-0x1.8d5dc7446b010p-10,0x1.481be1895bb9cp-6,0,944,930,15,29,PASS,923,48,0,BELOW,916,935,43,0,PASS,914,928,62,PASS,928,57,PASS,928,0x1.4aa714680c2adp-1,0x1.e88ff1c996dd5p-3,0x1.acaadba528da8p-2,0x1.5d859e25003b0p-1,0x1.aa4096d90efccp-2,395,1000,0x1.ccf2a8cf5a268p+0,0x1.6bd4bd70fd302p-5,0x1.6bd4bd70fd302p-5,0.9300,0.9350,0.9230,0.9280,0.9280,-0x1.1ba3c674b8af2p-10,0x1.33e5b83635d9cp-6,946,PASS,932,55,PASS,939,46,PASS
51,1000,974,-0x1.8d3b5b04f6cbbp-8,0x1.d8664e81fcd88p-5,-0x1.2896e85e26ac5p-10,0x1.0326e58e6ecc7p-4,1,953,925,2,30,BELOW,938,34,0,PASS,932,935,41,0,PASS,911,919,48,PASS,914,55,PASS,933,0x1.d25631aade555p-3,0x1.1a9d20bb26217p-4,0x1.1110655cd9116p-1,0x1.e86e63c1e2f9cp-1,0x1.f8fd9adf1c5a9p-2,330,974,0x1.d54e7366d0292p+0,0x1.190efbfc9011ap-5,0x1.190efbfc9011ap-5,0.9250,0.9350,0.9380,0.9435,0.9384,-0x1.2452d9f1b6852p-13,0x1.dce5e7b04c926p-5,952,PASS,939,31,PASS,928,42,PASS
