# Reviewed out-of-band coverage verdicts of the rate MLE in the estimator-comparison pass (S-27,
# S-28), one row per verdict: raw class and diagnosis, assigned by review.py's rules (its
# docstring explains each diagnosis). Coverage over the replicates the treatment estimates;
# rel_bias is the mean error of the estimate over the true value.
scenario,treatment,param,coverage,class,rel_bias,diagnosis
0,drop,pd,0.000,BELOW,+9.666,drop_keeps_worse_periods
0,drop,rho,0.215,BELOW,-0.795,low_tail_lost
0,censor,pd,0.888,BELOW,+0.891,noise_as_factor_variance
0,censor,rho,0.138,BELOW,+7.194,noise_as_factor_variance
0,substitute,pd,0.000,BELOW,+4.501,substituted_rate_off
0,substitute,rho,0.124,BELOW,-0.694,low_tail_lost
1,drop,pd,0.034,BELOW,+0.667,drop_keeps_worse_periods
1,censor,pd,0.922,BELOW,+0.162,noise_as_factor_variance
1,censor,rho,0.039,BELOW,+3.188,noise_as_factor_variance
1,substitute,pd,0.778,BELOW,+0.183,substituted_rate_off
1,substitute,rho,0.497,BELOW,+0.746,noise_as_factor_variance
2,refuse,rho,0.657,BELOW,+0.539,noise_as_factor_variance
2,drop,rho,0.657,BELOW,+0.547,noise_as_factor_variance
2,censor,rho,0.608,BELOW,+0.657,noise_as_factor_variance
2,substitute,rho,0.608,BELOW,+0.635,noise_as_factor_variance
3,drop,pd,0.000,BELOW,+9.653,drop_keeps_worse_periods
3,drop,rho,0.244,BELOW,-0.788,low_tail_lost
3,censor,pd,0.682,BELOW,+0.922,noise_as_factor_variance
3,censor,rho,0.014,BELOW,+8.978,noise_as_factor_variance
3,substitute,pd,0.000,BELOW,+4.498,substituted_rate_off
3,substitute,rho,0.052,BELOW,-0.690,low_tail_lost
4,drop,pd,0.000,BELOW,+0.676,drop_keeps_worse_periods
4,censor,pd,0.885,BELOW,+0.160,noise_as_factor_variance
4,censor,rho,0.001,BELOW,+3.281,noise_as_factor_variance
4,substitute,pd,0.631,BELOW,+0.181,substituted_rate_off
4,substitute,rho,0.162,BELOW,+0.820,noise_as_factor_variance
5,refuse,rho,0.388,BELOW,+0.632,noise_as_factor_variance
5,drop,rho,0.390,BELOW,+0.627,noise_as_factor_variance
5,censor,rho,0.336,BELOW,+0.732,noise_as_factor_variance
5,substitute,rho,0.336,BELOW,+0.716,noise_as_factor_variance
6,drop,pd,0.000,BELOW,+9.625,drop_keeps_worse_periods
6,drop,rho,0.251,BELOW,-0.777,low_tail_lost
6,censor,pd,0.421,BELOW,+0.933,noise_as_factor_variance
6,censor,rho,0.000,BELOW,+9.082,noise_as_factor_variance
6,substitute,pd,0.000,BELOW,+4.495,substituted_rate_off
6,substitute,rho,0.000,BELOW,-0.686,low_tail_lost
7,drop,pd,0.000,BELOW,+0.667,drop_keeps_worse_periods
7,censor,pd,0.737,BELOW,+0.159,noise_as_factor_variance
7,censor,rho,0.000,BELOW,+3.208,noise_as_factor_variance
7,substitute,pd,0.337,BELOW,+0.179,substituted_rate_off
7,substitute,rho,0.005,BELOW,+0.836,noise_as_factor_variance
8,refuse,rho,0.081,BELOW,+0.636,noise_as_factor_variance
8,drop,rho,0.088,BELOW,+0.634,noise_as_factor_variance
8,censor,rho,0.058,BELOW,+0.737,noise_as_factor_variance
8,substitute,rho,0.058,BELOW,+0.723,noise_as_factor_variance
9,drop,pd,0.000,BELOW,+10.540,drop_keeps_worse_periods
9,drop,rho,0.199,BELOW,-0.934,low_tail_lost
9,censor,pd,0.888,BELOW,+0.841,noise_as_factor_variance
9,censor,rho,0.986,ABOVE,+0.526,conservative
9,substitute,pd,0.000,BELOW,+4.538,substituted_rate_off
9,substitute,rho,0.000,BELOW,-0.939,low_tail_lost
10,drop,pd,0.045,BELOW,+1.204,drop_keeps_worse_periods
10,drop,rho,0.333,BELOW,-0.684,low_tail_lost
10,substitute,pd,0.749,BELOW,+0.198,substituted_rate_off
10,substitute,rho,0.215,BELOW,-0.591,low_tail_lost
11,refuse,rho,0.853,BELOW,-0.208,refusal_selection
11,drop,pd,0.911,BELOW,+0.115,drop_keeps_worse_periods
11,drop,rho,0.867,BELOW,-0.241,low_tail_lost
11,censor,rho,0.901,BELOW,+0.215,noise_as_factor_variance
11,substitute,rho,0.979,ABOVE,-0.018,conservative
12,drop,pd,0.000,BELOW,+10.616,drop_keeps_worse_periods
12,drop,rho,0.169,BELOW,-0.922,low_tail_lost
12,censor,pd,0.753,BELOW,+0.851,noise_as_factor_variance
12,substitute,pd,0.000,BELOW,+4.530,substituted_rate_off
12,substitute,rho,0.000,BELOW,-0.938,low_tail_lost
13,drop,pd,0.002,BELOW,+1.176,drop_keeps_worse_periods
13,drop,rho,0.109,BELOW,-0.666,low_tail_lost
13,censor,rho,0.870,BELOW,+0.384,noise_as_factor_variance
13,substitute,pd,0.713,BELOW,+0.176,substituted_rate_off
13,substitute,rho,0.041,BELOW,-0.584,low_tail_lost
14,drop,pd,0.912,BELOW,+0.093,narrow_without_bias
14,drop,rho,0.829,BELOW,-0.224,low_tail_lost
14,censor,rho,0.862,BELOW,+0.200,noise_as_factor_variance
14,substitute,rho,0.978,ABOVE,-0.009,conservative
15,drop,pd,0.000,BELOW,+10.630,drop_keeps_worse_periods
15,drop,rho,0.043,BELOW,-0.910,low_tail_lost
15,censor,pd,0.486,BELOW,+0.838,noise_as_factor_variance
15,censor,rho,0.786,BELOW,+1.027,noise_as_factor_variance
15,substitute,pd,0.000,BELOW,+4.528,substituted_rate_off
15,substitute,rho,0.000,BELOW,-0.937,low_tail_lost
16,drop,pd,0.000,BELOW,+1.195,drop_keeps_worse_periods
16,drop,rho,0.002,BELOW,-0.646,low_tail_lost
16,censor,pd,0.869,BELOW,+0.196,noise_as_factor_variance
16,censor,rho,0.621,BELOW,+0.407,noise_as_factor_variance
16,substitute,pd,0.480,BELOW,+0.183,substituted_rate_off
16,substitute,rho,0.000,BELOW,-0.569,low_tail_lost
17,drop,pd,0.885,BELOW,+0.084,narrow_without_bias
17,drop,rho,0.617,BELOW,-0.209,low_tail_lost
17,censor,rho,0.673,BELOW,+0.223,noise_as_factor_variance
17,substitute,rho,0.978,ABOVE,+0.010,conservative
18,drop,pd,0.000,BELOW,+12.152,drop_keeps_worse_periods
18,drop,rho,0.106,BELOW,-0.933,low_tail_lost
18,censor,pd,0.925,BELOW,+0.676,unexplained
18,censor,rho,0.997,ABOVE,-0.190,conservative
18,substitute,pd,0.000,BELOW,+4.543,substituted_rate_off
18,substitute,rho,0.000,BELOW,-0.965,low_tail_lost
19,drop,pd,0.103,BELOW,+2.040,drop_keeps_worse_periods
19,drop,rho,0.278,BELOW,-0.759,low_tail_lost
19,censor,rho,0.975,ABOVE,+0.091,conservative
19,substitute,pd,0.731,BELOW,+0.136,substituted_rate_off
19,substitute,rho,0.016,BELOW,-0.768,low_tail_lost
20,drop,pd,0.842,BELOW,+0.335,drop_keeps_worse_periods
20,drop,rho,0.486,BELOW,-0.486,low_tail_lost
20,substitute,pd,0.823,BELOW,-0.138,substituted_rate_off
20,substitute,rho,0.633,BELOW,-0.357,low_tail_lost
21,drop,pd,0.000,BELOW,+12.341,drop_keeps_worse_periods
21,drop,rho,0.100,BELOW,-0.922,low_tail_lost
21,censor,pd,0.834,BELOW,+0.667,noise_as_factor_variance
21,censor,rho,0.993,ABOVE,+0.113,conservative
21,substitute,pd,0.000,BELOW,+4.536,substituted_rate_off
21,substitute,rho,0.000,BELOW,-0.964,low_tail_lost
22,drop,pd,0.006,BELOW,+1.893,drop_keeps_worse_periods
22,drop,rho,0.084,BELOW,-0.740,low_tail_lost
22,substitute,pd,0.730,BELOW,+0.094,unexplained
22,substitute,rho,0.000,BELOW,-0.769,low_tail_lost
23,drop,pd,0.824,BELOW,+0.256,drop_keeps_worse_periods
23,drop,rho,0.231,BELOW,-0.472,low_tail_lost
23,substitute,pd,0.777,BELOW,-0.201,substituted_rate_off
23,substitute,rho,0.376,BELOW,-0.348,low_tail_lost
24,drop,pd,0.000,BELOW,+12.464,drop_keeps_worse_periods
24,drop,rho,0.040,BELOW,-0.905,low_tail_lost
24,censor,pd,0.641,BELOW,+0.711,noise_as_factor_variance
24,censor,rho,0.975,ABOVE,+0.267,conservative
24,substitute,pd,0.000,BELOW,+4.561,substituted_rate_off
24,substitute,rho,0.000,BELOW,-0.961,low_tail_lost
25,drop,pd,0.000,BELOW,+1.910,drop_keeps_worse_periods
25,drop,rho,0.002,BELOW,-0.714,low_tail_lost
25,censor,pd,0.927,BELOW,+0.195,noise_as_factor_variance
25,substitute,pd,0.651,BELOW,+0.113,substituted_rate_off
25,substitute,rho,0.000,BELOW,-0.755,low_tail_lost
26,drop,pd,0.713,BELOW,+0.258,drop_keeps_worse_periods
26,drop,rho,0.012,BELOW,-0.451,low_tail_lost
26,censor,rho,0.903,BELOW,+0.100,noise_as_factor_variance
26,substitute,pd,0.696,BELOW,-0.200,substituted_rate_off
26,substitute,rho,0.069,BELOW,-0.329,low_tail_lost
27,drop,pd,0.036,BELOW,+0.640,drop_keeps_worse_periods
27,drop,rho,0.757,BELOW,+0.590,noise_as_factor_variance
27,censor,pd,0.920,BELOW,+0.147,noise_as_factor_variance
27,censor,rho,0.003,BELOW,+5.055,noise_as_factor_variance
27,substitute,pd,0.770,BELOW,+0.186,substituted_rate_off
27,substitute,rho,0.083,BELOW,+1.707,noise_as_factor_variance
28,refuse,rho,0.474,BELOW,+0.841,noise_as_factor_variance
28,drop,rho,0.476,BELOW,+0.843,noise_as_factor_variance
28,censor,rho,0.464,BELOW,+0.894,noise_as_factor_variance
28,substitute,rho,0.464,BELOW,+0.885,noise_as_factor_variance
29,refuse,pd,0.923,BELOW,-0.000,shared_small_t
29,drop,pd,0.923,BELOW,-0.000,shared_small_t
29,censor,pd,0.923,BELOW,-0.000,shared_small_t
29,substitute,pd,0.923,BELOW,-0.000,shared_small_t
30,drop,pd,0.000,BELOW,+0.636,drop_keeps_worse_periods
30,drop,rho,0.502,BELOW,+0.674,noise_as_factor_variance
30,censor,pd,0.888,BELOW,+0.138,noise_as_factor_variance
30,censor,rho,0.000,BELOW,+5.115,noise_as_factor_variance
30,substitute,pd,0.641,BELOW,+0.178,substituted_rate_off
30,substitute,rho,0.005,BELOW,+1.779,noise_as_factor_variance
31,refuse,rho,0.230,BELOW,+0.853,noise_as_factor_variance
31,drop,rho,0.229,BELOW,+0.853,noise_as_factor_variance
31,censor,rho,0.216,BELOW,+0.918,noise_as_factor_variance
31,substitute,rho,0.216,BELOW,+0.910,noise_as_factor_variance
33,drop,pd,0.000,BELOW,+0.631,drop_keeps_worse_periods
33,drop,rho,0.120,BELOW,+0.699,noise_as_factor_variance
33,censor,pd,0.773,BELOW,+0.140,noise_as_factor_variance
33,censor,rho,0.000,BELOW,+5.038,noise_as_factor_variance
33,substitute,pd,0.298,BELOW,+0.178,substituted_rate_off
33,substitute,rho,0.000,BELOW,+1.805,noise_as_factor_variance
34,refuse,rho,0.012,BELOW,+0.898,noise_as_factor_variance
34,drop,rho,0.010,BELOW,+0.901,noise_as_factor_variance
34,censor,rho,0.010,BELOW,+0.965,noise_as_factor_variance
34,substitute,rho,0.010,BELOW,+0.958,noise_as_factor_variance
35,refuse,rho,0.911,BELOW,+0.079,narrow_without_bias
35,drop,rho,0.911,BELOW,+0.079,narrow_without_bias
35,censor,rho,0.911,BELOW,+0.079,narrow_without_bias
35,substitute,rho,0.911,BELOW,+0.079,narrow_without_bias
36,drop,pd,0.042,BELOW,+0.973,drop_keeps_worse_periods
36,drop,rho,0.479,BELOW,-0.579,low_tail_lost
36,censor,rho,0.797,BELOW,+0.632,noise_as_factor_variance
36,substitute,pd,0.754,BELOW,+0.206,substituted_rate_off
36,substitute,rho,0.591,BELOW,-0.407,low_tail_lost
37,censor,rho,0.856,BELOW,+0.236,noise_as_factor_variance
38,refuse,rho,0.926,BELOW,-0.040,narrow_without_bias
38,drop,rho,0.925,BELOW,-0.041,narrow_without_bias
38,censor,rho,0.919,BELOW,-0.026,narrow_without_bias
38,substitute,rho,0.921,BELOW,-0.028,narrow_without_bias
39,drop,pd,0.001,BELOW,+0.944,drop_keeps_worse_periods
39,drop,rho,0.251,BELOW,-0.555,low_tail_lost
39,censor,pd,0.913,BELOW,+0.152,noise_as_factor_variance
39,censor,rho,0.628,BELOW,+0.616,noise_as_factor_variance
39,substitute,pd,0.642,BELOW,+0.198,substituted_rate_off
39,substitute,rho,0.359,BELOW,-0.396,low_tail_lost
40,censor,rho,0.793,BELOW,+0.237,noise_as_factor_variance
40,substitute,rho,0.920,BELOW,+0.120,noise_as_factor_variance
42,drop,pd,0.000,BELOW,+0.958,drop_keeps_worse_periods
42,drop,rho,0.028,BELOW,-0.530,low_tail_lost
42,censor,pd,0.856,BELOW,+0.151,noise_as_factor_variance
42,censor,rho,0.194,BELOW,+0.652,noise_as_factor_variance
42,substitute,pd,0.388,BELOW,+0.197,substituted_rate_off
42,substitute,rho,0.068,BELOW,-0.379,low_tail_lost
43,drop,pd,0.916,BELOW,+0.052,narrow_without_bias
43,censor,rho,0.550,BELOW,+0.256,noise_as_factor_variance
43,substitute,rho,0.808,BELOW,+0.141,noise_as_factor_variance
44,censor,rho,0.925,BELOW,+0.033,narrow_without_bias
45,drop,pd,0.065,BELOW,+1.427,drop_keeps_worse_periods
45,drop,rho,0.312,BELOW,-0.692,low_tail_lost
45,substitute,pd,0.724,BELOW,+0.194,substituted_rate_off
45,substitute,rho,0.093,BELOW,-0.649,low_tail_lost
46,refuse,rho,0.571,BELOW,-0.401,refusal_selection
46,drop,pd,0.890,BELOW,+0.188,drop_keeps_worse_periods
46,drop,rho,0.718,BELOW,-0.345,low_tail_lost
46,substitute,pd,0.902,BELOW,-0.044,narrow_without_bias
46,substitute,rho,0.917,BELOW,-0.175,low_tail_lost
47,drop,pd,0.927,BELOW,+0.023,narrow_without_bias
47,drop,rho,0.922,BELOW,-0.123,low_tail_lost
48,drop,pd,0.002,BELOW,+1.422,drop_keeps_worse_periods
48,drop,rho,0.114,BELOW,-0.659,low_tail_lost
48,censor,rho,0.927,BELOW,+0.219,noise_as_factor_variance
48,substitute,pd,0.671,BELOW,+0.195,substituted_rate_off
48,substitute,rho,0.013,BELOW,-0.632,low_tail_lost
49,drop,pd,0.856,BELOW,+0.179,drop_keeps_worse_periods
49,drop,rho,0.536,BELOW,-0.328,low_tail_lost
49,censor,rho,0.900,BELOW,+0.118,noise_as_factor_variance
49,substitute,pd,0.892,BELOW,-0.050,narrow_without_bias
49,substitute,rho,0.864,BELOW,-0.157,low_tail_lost
50,drop,pd,0.924,BELOW,+0.010,narrow_without_bias
51,drop,pd,0.000,BELOW,+1.413,drop_keeps_worse_periods
51,drop,rho,0.005,BELOW,-0.644,low_tail_lost
51,censor,pd,0.904,BELOW,+0.147,noise_as_factor_variance
51,censor,rho,0.805,BELOW,+0.232,noise_as_factor_variance
51,substitute,pd,0.505,BELOW,+0.189,substituted_rate_off
51,substitute,rho,0.000,BELOW,-0.625,low_tail_lost
52,drop,pd,0.783,BELOW,+0.165,drop_keeps_worse_periods
52,drop,rho,0.154,BELOW,-0.317,low_tail_lost
52,censor,rho,0.820,BELOW,+0.133,noise_as_factor_variance
52,substitute,pd,0.898,BELOW,-0.064,narrow_without_bias
52,substitute,rho,0.754,BELOW,-0.144,low_tail_lost
53,refuse,rho,0.818,BELOW,-0.096,unexplained
53,drop,rho,0.871,BELOW,-0.095,unexplained
53,censor,rho,0.916,BELOW,+0.039,narrow_without_bias
54,refuse,rho,0.062,BELOW,+2.145,noise_as_factor_variance
54,drop,rho,0.061,BELOW,+2.143,noise_as_factor_variance
54,censor,rho,0.047,BELOW,+2.664,noise_as_factor_variance
54,substitute,rho,0.047,BELOW,+2.539,noise_as_factor_variance
55,refuse,rho,0.889,BELOW,+0.165,shared_small_t
55,drop,rho,0.889,BELOW,+0.165,shared_small_t
55,censor,rho,0.889,BELOW,+0.165,shared_small_t
55,substitute,rho,0.889,BELOW,+0.165,shared_small_t
57,refuse,rho,0.002,BELOW,+2.258,noise_as_factor_variance
57,drop,rho,0.001,BELOW,+2.245,noise_as_factor_variance
57,censor,rho,0.001,BELOW,+2.772,noise_as_factor_variance
57,substitute,rho,0.001,BELOW,+2.660,noise_as_factor_variance
58,refuse,rho,0.829,BELOW,+0.222,noise_as_factor_variance
58,drop,rho,0.829,BELOW,+0.222,noise_as_factor_variance
58,censor,rho,0.829,BELOW,+0.222,noise_as_factor_variance
58,substitute,rho,0.829,BELOW,+0.222,noise_as_factor_variance
60,refuse,rho,0.000,BELOW,+2.338,noise_as_factor_variance
60,drop,rho,0.000,BELOW,+2.305,noise_as_factor_variance
60,censor,rho,0.000,BELOW,+2.807,noise_as_factor_variance
60,substitute,rho,0.000,BELOW,+2.710,noise_as_factor_variance
61,refuse,rho,0.622,BELOW,+0.242,noise_as_factor_variance
61,drop,rho,0.622,BELOW,+0.242,noise_as_factor_variance
61,censor,rho,0.622,BELOW,+0.242,noise_as_factor_variance
61,substitute,rho,0.622,BELOW,+0.242,noise_as_factor_variance
63,drop,pd,0.911,BELOW,+0.101,drop_keeps_worse_periods
63,drop,rho,0.974,ABOVE,+0.001,conservative
63,censor,rho,0.712,BELOW,+0.463,noise_as_factor_variance
63,substitute,rho,0.885,BELOW,+0.268,noise_as_factor_variance
64,censor,rho,0.926,BELOW,+0.009,narrow_without_bias
66,drop,pd,0.890,BELOW,+0.089,narrow_without_bias
66,drop,rho,0.975,ABOVE,+0.029,conservative
66,censor,rho,0.467,BELOW,+0.488,noise_as_factor_variance
66,substitute,rho,0.731,BELOW,+0.298,noise_as_factor_variance
67,censor,rho,0.920,BELOW,+0.040,narrow_without_bias
67,substitute,rho,0.923,BELOW,+0.038,narrow_without_bias
68,refuse,pd,0.924,BELOW,+0.003,shared_small_t
68,drop,pd,0.924,BELOW,+0.003,shared_small_t
68,censor,pd,0.924,BELOW,+0.003,shared_small_t
68,substitute,pd,0.924,BELOW,+0.003,shared_small_t
69,drop,pd,0.806,BELOW,+0.089,unexplained
69,censor,pd,0.973,ABOVE,+0.026,conservative
69,censor,rho,0.109,BELOW,+0.504,noise_as_factor_variance
69,substitute,rho,0.312,BELOW,+0.320,noise_as_factor_variance
70,refuse,rho,0.924,BELOW,+0.052,narrow_without_bias
70,drop,rho,0.925,BELOW,+0.051,narrow_without_bias
70,censor,rho,0.907,BELOW,+0.062,narrow_without_bias
70,substitute,rho,0.911,BELOW,+0.061,narrow_without_bias
72,refuse,rho,0.688,BELOW,-0.326,shared_small_t
72,drop,pd,0.822,BELOW,+0.207,drop_keeps_worse_periods
72,drop,rho,0.762,BELOW,-0.306,shared_small_t
72,censor,rho,0.895,BELOW,+0.163,shared_small_t
72,substitute,pd,0.914,BELOW,-0.008,narrow_without_bias
73,drop,pd,0.927,BELOW,+0.001,narrow_without_bias
73,censor,rho,0.921,BELOW,+0.006,narrow_without_bias
74,refuse,rho,0.927,BELOW,-0.054,shared_small_t
74,drop,rho,0.926,BELOW,-0.052,shared_small_t
74,censor,rho,0.923,BELOW,-0.045,shared_small_t
74,substitute,rho,0.924,BELOW,-0.047,shared_small_t
75,drop,pd,0.762,BELOW,+0.211,drop_keeps_worse_periods
75,drop,rho,0.654,BELOW,-0.281,low_tail_lost
75,censor,rho,0.827,BELOW,+0.203,noise_as_factor_variance
75,substitute,pd,0.919,BELOW,-0.010,narrow_without_bias
78,drop,pd,0.539,BELOW,+0.209,drop_keeps_worse_periods
78,drop,rho,0.309,BELOW,-0.267,low_tail_lost
78,censor,rho,0.623,BELOW,+0.215,noise_as_factor_variance
78,substitute,pd,0.922,BELOW,-0.013,narrow_without_bias
79,censor,rho,0.909,BELOW,+0.055,narrow_without_bias
81,refuse,rho,0.924,BELOW,+0.002,narrow_without_bias
81,drop,rho,0.924,BELOW,+0.002,narrow_without_bias
81,censor,rho,0.924,BELOW,+0.002,narrow_without_bias
81,substitute,rho,0.924,BELOW,+0.002,narrow_without_bias
87,censor,rho,0.927,BELOW,+0.004,narrow_without_bias
89,censor,rho,0.922,BELOW,+0.047,narrow_without_bias
91,censor,rho,0.909,BELOW,+0.047,narrow_without_bias
91,substitute,rho,0.926,BELOW,+0.036,narrow_without_bias
93,refuse,rho,0.850,BELOW,-0.233,refusal_selection
93,drop,pd,0.914,BELOW,-0.007,narrow_without_bias
93,drop,rho,0.843,BELOW,-0.247,low_tail_lost
95,refuse,rho,0.778,BELOW,-0.179,refusal_selection
95,drop,pd,0.909,BELOW,-0.023,narrow_without_bias
95,drop,rho,0.752,BELOW,-0.228,low_tail_lost
97,drop,pd,0.917,BELOW,-0.017,narrow_without_bias
97,drop,rho,0.554,BELOW,-0.200,low_tail_lost
97,censor,rho,0.921,BELOW,+0.057,narrow_without_bias
111,refuse,pd,0.922,BELOW,+0.008,shared_small_t
111,drop,pd,0.924,BELOW,+0.004,shared_small_t
111,censor,pd,0.925,BELOW,+0.010,shared_small_t
111,substitute,pd,0.925,BELOW,+0.007,shared_small_t
