scenario,group,pd,rho,T,n,p0,refused_expected,ref_bias_se,bin_share,bin_pd_bias,bin_pd_rmse,bin_pd_rel_err,bin_rho_bias,bin_rho_rmse,bin_pd_coverage,bin_rho_coverage,mom_share,mom_pd_bias,mom_pd_rmse,mom_pd_rel_err,mom_rho_bias,mom_rho_rmse,refuse_share,refuse_pd_bias,refuse_pd_rmse,refuse_pd_rel_err,refuse_rho_bias,refuse_rho_rmse,refuse_pd_coverage,refuse_rho_coverage,drop_share,drop_pd_bias,drop_pd_rmse,drop_pd_rel_err,drop_rho_bias,drop_rho_rmse,drop_pd_coverage,drop_rho_coverage,censor_share,censor_pd_bias,censor_pd_rmse,censor_pd_rel_err,censor_rho_bias,censor_rho_rmse,censor_pd_coverage,censor_rho_coverage,substitute_share,substitute_pd_bias,substitute_pd_rmse,substitute_pd_rel_err,substitute_rho_bias,substitute_rho_rmse,substitute_pd_coverage,substitute_rho_coverage,refuse_rho_diff_se,refuse_rho_coverage_diff,drop_rho_diff_se,drop_rho_coverage_diff,censor_rho_diff_se,censor_rho_coverage_diff,substitute_rho_diff_se,substitute_rho_coverage_diff
0,A,0.001,0.02,20,100,0.905887,1,164.202,1.0000,1.87679e-05,0.000712637,0.0187679,0.0703535,0.194964,0.9830,0.9950,0.8620,0.000144432,0.000658031,0.144432,-0.00426853,0.0485538,0.0000,nan,nan,nan,nan,nan,nan,nan,0.2790,0.00966626,0.00975078,9.66626,-0.0159073,0.0170622,0.0000,0.2151,1.0000,0.000890776,0.00142639,0.890776,0.143887,0.168788,0.8880,0.1380,1.0000,0.00450116,0.00451731,4.50116,-0.0138801,0.0146968,0.0000,0.1240,nan,nan,-0.0976,-0.7849,0.3385,-0.8570,-0.3878,-0.8710
1,A,0.001,0.02,20,1000,0.407192,0.999971,16.4202,1.0000,-3.06122e-06,0.000256572,-0.00306122,-0.0012745,0.025355,0.9630,0.9910,1.0000,-8e-07,0.000251426,-0.0008,-0.00396126,0.020472,0.0000,nan,nan,nan,nan,nan,nan,nan,1.0000,0.000666837,0.000724795,0.666837,-0.000247284,0.00774663,0.0340,0.9500,1.0000,0.00016216,0.000297357,0.16216,0.0637581,0.0712677,0.9220,0.0390,1.0000,0.000182844,0.00028069,0.182844,0.0149242,0.0178324,0.7780,0.4970,nan,nan,0.0236,-0.0410,1.4922,-0.9520,0.3717,-0.4940
2,A,0.001,0.02,20,10000,0.00377512,0.0728551,1.64202,1.0000,1.14365e-07,0.000129878,0.000114365,-0.00162853,0.00948448,0.9370,0.9310,1.0000,5.7e-07,0.00013032,0.00057,-0.00226134,0.00958615,0.9260,1.80735e-05,0.000132367,0.0180735,0.0107761,0.0151377,0.9546,0.6566,1.0000,1.56063e-05,0.000131386,0.0156063,0.0109433,0.0152203,0.9550,0.6570,1.0000,1.6938e-05,0.000131931,0.016938,0.0131302,0.018939,0.9580,0.6080,1.0000,1.5544e-05,0.000131665,0.015544,0.0126928,0.0178891,0.9570,0.6080,1.4707,-0.2732,1.3219,-0.2740,1.5519,-0.3230,1.5059,-0.3230
3,A,0.001,0.02,40,100,0.905887,1,232.217,1.0000,-1.63894e-05,0.000510443,-0.0163894,0.0189787,0.0990078,0.9860,0.9890,0.9860,5.07099e-07,0.000492721,0.000507099,0.00404903,0.0546566,0.0000,nan,nan,nan,nan,nan,nan,nan,0.7340,0.00965265,0.00972942,9.65265,-0.015768,0.0169678,0.0000,0.2439,1.0000,0.000922116,0.0012082,0.922116,0.179556,0.190099,0.6820,0.0140,1.0000,0.00449787,0.00450599,4.49787,-0.0137917,0.0142738,0.0000,0.0520,nan,nan,-0.1676,-0.7534,0.8840,-0.9750,-0.1804,-0.9370
4,A,0.001,0.02,40,1000,0.407192,1,23.2217,1.0000,-1.99048e-06,0.000177313,-0.00199048,2.82701e-05,0.0198458,0.9500,0.9860,1.0000,-6.25e-07,0.000175995,-0.000625,-0.00114144,0.0181488,0.0000,nan,nan,nan,nan,nan,nan,nan,1.0000,0.000675843,0.000703385,0.675843,0.00149861,0.00571409,0.0000,0.9540,1.0000,0.000160256,0.000236705,0.160256,0.0656122,0.069245,0.8850,0.0010,1.0000,0.000180665,0.000234013,0.180665,0.0164099,0.0177623,0.6310,0.1620,nan,nan,0.0544,-0.0320,2.4254,-0.9850,0.6058,-0.8240
5,C,0.001,0.02,40,10000,0.00377512,0.140402,2.32217,1.0000,-1.19841e-06,9.0745e-05,-0.00119841,-0.00047646,0.00652712,0.9580,0.9510,1.0000,1.5e-07,9.09143e-05,0.00015,-0.000934428,0.00665311,0.8660,1.665e-05,9.33418e-05,0.01665,0.0126435,0.0149432,0.9688,0.3880,1.0000,1.6161e-05,9.32165e-05,0.016161,0.0125464,0.0148227,0.9690,0.3900,1.0000,1.75803e-05,9.39038e-05,0.0175803,0.0146342,0.0174193,0.9710,0.3360,1.0000,1.65544e-05,9.35705e-05,0.0165544,0.0143151,0.0168886,0.9710,0.3360,2.0948,-0.5635,1.9321,-0.5610,2.2418,-0.6150,2.1945,-0.6150
6,A,0.001,0.02,100,100,0.905887,1,367.168,1.0000,-1.17593e-05,0.000314324,-0.0117593,0.0173469,0.0648923,0.9770,0.9860,1.0000,-1.62e-05,0.000314452,-0.0162,0.0121522,0.0522175,0.0000,nan,nan,nan,nan,nan,nan,nan,0.9970,0.00962497,0.0096639,9.62497,-0.0155479,0.0163242,0.0000,0.2508,1.0000,0.000932803,0.00105098,0.932803,0.181631,0.186105,0.4210,0.0000,1.0000,0.0044949,0.00449806,4.4949,-0.0137266,0.013924,0.0000,0.0000,nan,nan,-0.2783,-0.7352,1.3852,-0.9860,-0.2620,-0.9860
7,A,0.001,0.02,100,1000,0.407192,1,36.7168,1.0000,1.08806e-07,0.000116068,0.000108806,-0.0014546,0.0134339,0.9380,0.9640,1.0000,1.05e-06,0.000115686,0.00105,-0.00164199,0.0132882,0.0000,nan,nan,nan,nan,nan,nan,nan,1.0000,0.000666627,0.000678221,0.666627,0.00193478,0.00407529,0.0000,0.9440,1.0000,0.00015926,0.00019576,0.15926,0.0641533,0.0655646,0.7370,0.0000,1.0000,0.000179388,0.000204091,0.179388,0.0167217,0.0173049,0.3370,0.0050,nan,nan,0.2196,-0.0200,4.2517,-0.9640,1.1779,-0.9590
8,D,0.001,0.02,100,10000,0.00377512,0.314925,3.67168,1.0000,-3.8631e-06,5.93939e-05,-0.0038631,-0.000492314,0.0042448,0.9430,0.9380,1.0000,-2.224e-06,5.90449e-05,-0.002224,-0.000610907,0.00454519,0.6920,1.40741e-05,6.20059e-05,0.0140741,0.0127298,0.0136554,0.9509,0.0809,1.0000,1.40306e-05,6.15424e-05,0.0140306,0.0126717,0.0136305,0.9550,0.0880,1.0000,1.54294e-05,6.22095e-05,0.0154294,0.0147368,0.0159498,0.9570,0.0580,1.0000,1.4564e-05,6.18481e-05,0.014564,0.0144672,0.0155916,0.9570,0.0580,3.3875,-0.8569,3.1460,-0.8500,3.6395,-0.8800,3.5751,-0.8800
9,A,0.001,0.12,20,100,0.913542,1,83.3588,1.0000,5.1115e-05,0.000823433,0.051115,0.0155156,0.20452,0.9800,0.9950,0.8350,0.000206587,0.00076975,0.206587,-0.0817794,0.111846,0.0000,nan,nan,nan,nan,nan,nan,nan,0.2410,0.0105405,0.0108088,10.5405,-0.112117,0.112651,0.0000,0.1992,1.0000,0.000840615,0.0014527,0.840615,0.0631097,0.132781,0.8880,0.9860,1.0000,0.0045385,0.00456282,4.5385,-0.112653,0.112889,0.0000,0.0000,nan,nan,-0.2267,-0.8008,0.1958,-0.0090,-0.5274,-0.9950
10,A,0.001,0.12,20,1000,0.557737,1,8.33588,1.0000,3.2167e-05,0.000461451,0.032167,-0.0130357,0.0762571,0.9440,0.9410,1.0000,9.95e-06,0.000437284,0.00995,-0.0408424,0.0661025,0.0000,nan,nan,nan,nan,nan,nan,nan,0.9980,0.00120378,0.0014036,1.20378,-0.0821201,0.085048,0.0451,0.3327,1.0000,0.000223319,0.00053698,0.223319,0.0452706,0.0801577,0.9400,0.9300,1.0000,0.000198486,0.000400864,0.198486,-0.0708985,0.073899,0.7490,0.2150,nan,nan,-0.8209,-0.6082,0.6894,-0.0110,-0.6842,-0.7260
11,B,0.001,0.12,20,10000,0.117052,0.917071,0.833588,1.0000,2.8379e-05,0.000361157,0.028379,-0.00297755,0.0433046,0.9530,0.9410,1.0000,5.48e-06,0.000353231,0.00548,-0.0298861,0.0489229,0.0680,0.000178631,0.000390069,0.178631,-0.0249469,0.0362229,0.9118,0.8529,1.0000,0.000114925,0.000386177,0.114925,-0.0289115,0.0395211,0.9110,0.8670,1.0000,0.000106706,0.00040217,0.106706,0.0258009,0.0514952,0.9680,0.9010,1.0000,1.06166e-05,0.000343803,0.0106166,-0.00210119,0.028751,0.9470,0.9790,0.3767,0.0441,-0.5900,-0.0740,0.6547,-0.0400,0.0199,0.0380
12,A,0.001,0.12,40,100,0.913542,1,117.887,1.0000,1.29482e-05,0.00056019,0.0129482,-0.024271,0.15029,0.9800,0.9900,0.9720,3.21502e-05,0.000529663,0.0321502,-0.0603825,0.10846,0.0000,nan,nan,nan,nan,nan,nan,nan,0.6980,0.0106161,0.0108798,10.6161,-0.110604,0.111473,0.0000,0.1691,1.0000,0.000851111,0.00116739,0.851111,0.11037,0.143734,0.7530,0.9520,1.0000,0.00452956,0.00454053,4.52956,-0.112564,0.112687,0.0000,0.0000,nan,nan,-0.3813,-0.8252,0.6502,-0.0380,-0.4263,-0.9900
13,C,0.001,0.12,40,1000,0.557737,1,11.7887,1.0000,3.56189e-06,0.000292316,0.00356189,-0.00788391,0.0550252,0.9550,0.9450,1.0000,-7.575e-06,0.000287742,-0.007575,-0.0272666,0.0518061,0.0000,nan,nan,nan,nan,nan,nan,nan,1.0000,0.00117633,0.0012728,1.17633,-0.0798743,0.0813942,0.0020,0.1090,1.0000,0.00018995,0.00036449,0.18995,0.0460962,0.0666834,0.9350,0.8700,1.0000,0.000176237,0.00028441,0.176237,-0.070064,0.0715289,0.7130,0.0410,nan,nan,-1.2979,-0.8360,0.9732,-0.0750,-1.1210,-0.9040
14,C,0.001,0.12,40,10000,0.117052,0.993123,1.17887,1.0000,7.64648e-06,0.000233297,0.00764648,-0.00391358,0.029618,0.9610,0.9480,1.0000,6.55e-07,0.000238175,0.000655,-0.0196668,0.040693,0.0060,5.66729e-05,0.000176502,0.0566729,-0.0279523,0.0305946,1.0000,0.8333,1.0000,9.25261e-05,0.000258315,0.0925261,-0.0269013,0.0326004,0.9120,0.8290,1.0000,8.17971e-05,0.000265199,0.0817971,0.023945,0.0389728,0.9700,0.8620,1.0000,-2.11099e-06,0.000226928,-0.00211099,-0.00110589,0.0199815,0.9540,0.9780,0.5672,0.0000,-0.7663,-0.1190,0.9287,-0.0860,0.0936,0.0300
15,A,0.001,0.12,100,100,0.913542,1,186.396,1.0000,9.87603e-06,0.000361538,0.00987603,-0.0149894,0.108298,0.9700,0.9860,1.0000,2.7e-06,0.000361262,0.0027,-0.0330929,0.0898534,0.0000,nan,nan,nan,nan,nan,nan,nan,0.9930,0.0106296,0.0107557,10.6296,-0.109213,0.10973,0.0000,0.0433,1.0000,0.000838413,0.000985944,0.838413,0.123286,0.138625,0.4860,0.7860,1.0000,0.00452802,0.00453275,4.52802,-0.112437,0.112491,0.0000,0.0000,nan,nan,-0.7233,-0.9426,1.0533,-0.2000,-0.7423,-0.9860
16,D,0.001,0.12,100,1000,0.557737,1,18.6396,1.0000,1.09446e-05,0.000181307,0.0109446,-0.00199422,0.0339703,0.9520,0.9510,1.0000,7.29e-06,0.000181861,0.00729,-0.0133841,0.0370474,0.0000,nan,nan,nan,nan,nan,nan,nan,1.0000,0.00119509,0.00123157,1.19509,-0.07754,0.0781933,0.0000,0.0020,1.0000,0.000196138,0.000273947,0.196138,0.0488952,0.0575982,0.8690,0.6210,1.0000,0.000182523,0.000229309,0.182523,-0.0683196,0.0689266,0.4800,0.0000,nan,nan,-2.2079,-0.9490,1.4873,-0.3300,-1.9384,-0.9510
17,D,0.001,0.12,100,10000,0.117052,0.999996,1.86396,1.0000,-3.7329e-06,0.00015815,-0.0037329,-0.00106293,0.0189937,0.9390,0.9610,1.0000,-6e-06,0.000162649,-0.006,-0.0107073,0.0317724,0.0000,nan,nan,nan,nan,nan,nan,nan,1.0000,8.40785e-05,0.000182731,0.0840785,-0.0250902,0.0277169,0.8850,0.6170,1.0000,7.0063e-05,0.000183271,0.070063,0.0267868,0.0333891,0.9510,0.6730,1.0000,-1.36681e-05,0.000154935,-0.0136681,0.00121968,0.0128986,0.9350,0.9780,nan,nan,-1.2569,-0.3440,1.4569,-0.2880,0.1194,0.0170
18,A,0.001,0.24,20,100,0.925973,1,558.7,1.0000,1.49454e-05,0.00099281,0.0149454,-0.0457755,0.231871,0.9810,0.9990,0.7750,0.000249677,0.00096937,0.249677,-0.176303,0.205107,0.0000,nan,nan,nan,nan,nan,nan,nan,0.1800,0.0121515,0.0130432,12.1515,-0.223869,0.225307,0.0000,0.1056,1.0000,0.000675504,0.00144511,0.675504,-0.0457124,0.152035,0.9250,0.9970,1.0000,0.00454287,0.00458397,4.54287,-0.231582,0.231843,0.0000,0.0000,nan,nan,-0.4058,-0.8944,0.0003,-0.0020,-0.7488,-0.9990
19,A,0.001,0.24,20,1000,0.682828,1,55.87,1.0000,7.5616e-05,0.000696924,0.075616,-0.0233583,0.130529,0.9410,0.9500,1.0000,-1.325e-05,0.000634604,-0.01325,-0.105109,0.127643,0.0000,nan,nan,nan,nan,nan,nan,nan,0.9770,0.00204012,0.00276491,2.04012,-0.182259,0.18697,0.1034,0.2784,1.0000,0.000249394,0.000760975,0.249394,0.021783,0.111633,0.9590,0.9750,1.0000,0.000135817,0.000429502,0.135817,-0.184391,0.186923,0.7310,0.0160,nan,nan,-1.1940,-0.6714,0.3362,0.0250,-1.1992,-0.9340
20,A,0.001,0.24,20,10000,0.318559,0.999534,5.587,1.0000,0.000113671,0.000706134,0.113671,-0.0109974,0.0821395,0.9440,0.9440,1.0000,1.9385e-05,0.0006577,0.019385,-0.0934641,0.11183,0.0000,nan,nan,nan,nan,nan,nan,nan,1.0000,0.000335094,0.000823323,0.335094,-0.116571,0.124979,0.8420,0.4860,1.0000,0.000210317,0.000762287,0.210317,0.0170294,0.0794025,0.9590,0.9540,1.0000,-0.000138052,0.000518514,-0.138052,-0.0856252,0.0957947,0.8230,0.6330,nan,nan,-1.3021,-0.4580,0.3457,0.0100,-0.9204,-0.3110
21,A,0.001,0.24,40,100,0.925973,1,790.121,1.0000,-1.45343e-05,0.000681501,-0.0145343,-0.0816251,0.204485,0.9780,0.9940,0.9490,2.16017e-05,0.000649937,0.0216017,-0.142669,0.185373,0.0000,nan,nan,nan,nan,nan,nan,nan,0.5420,0.0123415,0.0130466,12.3415,-0.221338,0.22268,0.0000,0.0996,1.0000,0.000666747,0.00109263,0.666747,0.0270359,0.120676,0.8340,0.9930,1.0000,0.0045363,0.00455438,4.5363,-0.231294,0.231433,0.0000,0.0000,nan,nan,-0.6762,-0.8948,0.5003,-0.0010,-0.6892,-0.9940
22,A,0.001,0.24,40,1000,0.682828,1,79.0121,1.0000,4.12856e-06,0.000489596,0.00412856,-0.0143715,0.0964575,0.9420,0.9330,1.0000,-4.215e-05,0.000476693,-0.04215,-0.0765142,0.103504,0.0000,nan,nan,nan,nan,nan,nan,nan,1.0000,0.00189313,0.00223398,1.89313,-0.177648,0.180789,0.0060,0.0840,1.0000,0.0001765,0.000541215,0.1765,0.0249738,0.0869017,0.9580,0.9560,1.0000,9.42869e-05,0.000291201,0.0942869,-0.184531,0.185961,0.7300,0.0000,nan,nan,-1.7467,-0.8490,0.4209,0.0230,-1.8204,-0.9330
23,A,0.001,0.24,40,10000,0.318559,1,7.90121,1.0000,2.41151e-05,0.000432372,0.0241151,-0.00697352,0.0581673,0.9540,0.9520,1.0000,-1.8895e-05,0.000438824,-0.018895,-0.0677256,0.0924278,0.0000,nan,nan,nan,nan,nan,nan,nan,1.0000,0.0002563,0.000539366,0.2563,-0.113394,0.117888,0.8240,0.2310,1.0000,0.000119742,0.000476199,0.119742,0.0205696,0.0590217,0.9620,0.9350,1.0000,-0.000200981,0.000368139,-0.200981,-0.083587,0.08889,0.7770,0.3760,nan,nan,-1.8429,-0.7210,0.4770,-0.0170,-1.3267,-0.5760
24,A,0.001,0.24,100,100,0.925973,1,1249.29,1.0000,3.43471e-05,0.000439305,0.0343471,-0.0398078,0.148105,0.9710,0.9520,0.9990,2.05205e-05,0.000431505,0.0205205,-0.0803087,0.136883,0.0000,nan,nan,nan,nan,nan,nan,nan,0.9870,0.0124644,0.0129146,12.4644,-0.217103,0.218373,0.0000,0.0395,1.0000,0.000710676,0.000893359,0.710676,0.0640087,0.107151,0.6410,0.9750,1.0000,0.00456135,0.00456873,4.56135,-0.230622,0.230685,0.0000,0.0000,nan,nan,-1.1979,-0.9119,0.6953,0.0230,-1.2780,-0.9520
25,D,0.001,0.24,100,1000,0.682828,1,124.929,1.0000,1.97218e-05,0.000308372,0.0197218,-0.00388101,0.0579039,0.9440,0.9500,1.0000,6.11e-06,0.000315902,0.00611,-0.0412377,0.0756492,0.0000,nan,nan,nan,nan,nan,nan,nan,1.0000,0.00191009,0.00202973,1.91009,-0.171259,0.172654,0.0000,0.0020,1.0000,0.000195206,0.000380346,0.195206,0.0313628,0.0606926,0.9270,0.9400,1.0000,0.000113381,0.000213151,0.113381,-0.181099,0.181749,0.6510,0.0000,nan,nan,-2.8505,-0.9480,0.6002,-0.0100,-3.0181,-0.9500
26,D,0.001,0.24,100,10000,0.318559,1,12.4929,1.0000,2.2876e-05,0.000272909,0.022876,-0.0021407,0.036315,0.9430,0.9470,1.0000,4.982e-06,0.000291796,0.004982,-0.040941,0.068842,0.0000,nan,nan,nan,nan,nan,nan,nan,1.0000,0.000258272,0.000396678,0.258272,-0.108157,0.110166,0.7130,0.0120,1.0000,0.000115403,0.000314331,0.115403,0.0241027,0.0424017,0.9470,0.9030,1.0000,-0.00020022,0.000279286,-0.20022,-0.0790638,0.0815108,0.6960,0.0690,nan,nan,-2.9054,-0.9350,0.7192,-0.0440,-2.1081,-0.8780
27,A,0.01,0.02,20,100,0.391432,0.999951,23.9123,1.0000,6.10249e-05,0.00239461,0.00610249,0.00492267,0.037223,0.9660,0.9790,1.0000,7.7e-05,0.00238485,0.0077,0.00185655,0.031271,0.0000,nan,nan,nan,nan,nan,nan,nan,1.0000,0.00640466,0.00694283,0.640466,0.0117903,0.0172861,0.0360,0.7570,1.0000,0.00146563,0.00272328,0.146563,0.101094,0.110542,0.9200,0.0030,1.0000,0.00185925,0.00273247,0.185925,0.0341446,0.0373447,0.7700,0.0830,nan,nan,0.1087,-0.2220,1.5224,-0.9760,0.4626,-0.8960
28,A,0.01,0.02,20,1000,0.00156763,0.0308901,2.39123,1.0000,6.55364e-06,0.0011025,0.000655364,-0.00152995,0.0105872,0.9370,0.9430,1.0000,5.65e-06,0.00110203,0.000565,-0.00208255,0.0100263,0.9780,8.40776e-05,0.00111284,0.00840776,0.0168197,0.0211692,0.9509,0.4744,1.0000,8.50793e-05,0.00111016,0.00850793,0.0168603,0.0212434,0.9510,0.4760,1.0000,8.621e-05,0.00111092,0.008621,0.0178812,0.023264,0.9520,0.4640,1.0000,8.2842e-05,0.0011104,0.0082842,0.0176936,0.0226959,0.9520,0.4640,1.7140,-0.4714,1.6529,-0.4670,1.7447,-0.4790,1.7278,-0.4790
29,B,0.01,0.02,20,10000,3.79717e-11,7.59435e-10,0.239123,1.0000,-1.85069e-05,0.000928952,-0.00185069,-0.00111797,0.0067317,0.9200,0.9270,1.0000,-9.93e-06,0.000927447,-0.000993,-0.00145227,0.00719408,1.0000,-4.18712e-06,0.00092517,-0.000418712,0.000681195,0.00681954,0.9230,0.9300,1.0000,-4.18712e-06,0.00092517,-0.000418712,0.000681195,0.00681954,0.9230,0.9300,1.0000,-4.18712e-06,0.00092517,-0.000418712,0.000681195,0.00681954,0.9230,0.9300,1.0000,-4.18712e-06,0.00092517,-0.000418712,0.000681195,0.00681954,0.9230,0.9300,0.2704,0.0030,0.2704,0.0030,0.2704,0.0030,0.2704,0.0030
30,A,0.01,0.02,40,100,0.391432,1,33.8171,1.0000,-2.41558e-05,0.00168563,-0.00241558,0.00329911,0.0276706,0.9490,0.9820,1.0000,-8.25e-06,0.00168102,-0.000825,0.00201866,0.0254953,0.0000,nan,nan,nan,nan,nan,nan,nan,1.0000,0.00636429,0.0066322,0.636429,0.0134717,0.0161079,0.0000,0.5020,1.0000,0.00138081,0.00212395,0.138081,0.102306,0.106965,0.8880,0.0000,1.0000,0.00177671,0.0022677,0.177671,0.0355707,0.0371359,0.6410,0.0050,nan,nan,0.2541,-0.4800,2.4726,-0.9820,0.8060,-0.9770
31,C,0.01,0.02,40,1000,0.00156763,0.0608261,3.38171,1.0000,-3.30085e-06,0.000782894,-0.000330085,-0.00126812,0.00775885,0.9480,0.9370,1.0000,4e-06,0.000779049,0.0004,-0.00136074,0.00775373,0.9380,7.9187e-05,0.000782879,0.0079187,0.0170508,0.0194697,0.9616,0.2303,1.0000,8.46174e-05,0.000782041,0.00846174,0.0170551,0.0194769,0.9630,0.2290,1.0000,8.66415e-05,0.000783442,0.00866415,0.0183607,0.0212443,0.9640,0.2160,1.0000,8.37041e-05,0.000782436,0.00837041,0.018197,0.0209455,0.9640,0.2160,2.4919,-0.7079,2.4049,-0.7080,2.5763,-0.7210,2.5548,-0.7210
32,C,0.01,0.02,40,10000,3.79717e-11,1.51887e-09,0.338171,1.0000,-3.7206e-06,0.000631458,-0.00037206,-0.000321133,0.00478989,0.9400,0.9440,1.0000,1.24975e-05,0.000628472,0.00124975,-0.000347348,0.00525989,1.0000,1.68227e-05,0.000628691,0.00168227,0.0014898,0.0050797,0.9440,0.9310,1.0000,1.68227e-05,0.000628691,0.00168227,0.0014898,0.0050797,0.9440,0.9310,1.0000,1.68227e-05,0.000628691,0.00168227,0.0014898,0.0050797,0.9440,0.9310,1.0000,1.68227e-05,0.000628691,0.00168227,0.0014898,0.0050797,0.9440,0.9310,0.3800,-0.0130,0.3800,-0.0130,0.3800,-0.0130,0.3800,-0.0130
33,A,0.01,0.02,100,100,0.391432,1,53.4695,1.0000,2.09047e-06,0.00108445,0.000209047,-0.000563833,0.0181233,0.9480,0.9830,1.0000,1.54e-05,0.00106187,0.00154,-0.000956063,0.0174845,0.0000,nan,nan,nan,nan,nan,nan,nan,1.0000,0.00630748,0.00641416,0.630748,0.0139842,0.0150013,0.0000,0.1200,1.0000,0.00139814,0.00173002,0.139814,0.100758,0.102588,0.7730,0.0000,1.0000,0.00178158,0.00199313,0.178158,0.0360928,0.0367042,0.2980,0.0000,nan,nan,0.6292,-0.8630,4.3822,-0.9830,1.5854,-0.9830
34,D,0.01,0.02,100,1000,0.00156763,0.145199,5.34695,1.0000,-9.56964e-06,0.000526898,-0.000956964,-0.000515076,0.00473978,0.9400,0.9570,1.0000,3.01e-06,0.000523931,0.000301,-0.000363696,0.00489331,0.8620,9.31499e-05,0.000528822,0.00931499,0.0179673,0.0189096,0.9513,0.0116,1.0000,8.69009e-05,0.000530132,0.00869009,0.0180275,0.0189813,0.9520,0.0100,1.0000,8.87759e-05,0.000531152,0.00887759,0.019305,0.0204889,0.9540,0.0100,1.0000,8.63524e-05,0.000530584,0.00863524,0.019168,0.0202951,0.9540,0.0100,3.9734,-0.9478,3.8420,-0.9470,4.1067,-0.9470,4.0783,-0.9470
35,D,0.01,0.02,100,10000,3.79717e-11,3.79717e-09,0.534695,1.0000,-8.48031e-06,0.00039672,-0.000848031,-0.000268384,0.00301293,0.9460,0.9490,1.0000,1.0602e-05,0.00040075,0.0010602,-0.000116711,0.00340398,1.0000,1.44608e-05,0.000400715,0.00144608,0.00158197,0.00343099,0.9480,0.9110,1.0000,1.44608e-05,0.000400715,0.00144608,0.00158197,0.00343099,0.9480,0.9110,1.0000,1.44608e-05,0.000400715,0.00144608,0.00158197,0.00343099,0.9480,0.9110,1.0000,1.44608e-05,0.000400715,0.00144608,0.00158197,0.00343099,0.9480,0.9110,0.6216,-0.0380,0.6216,-0.0380,0.6216,-0.0380,0.6216,-0.0380
36,A,0.01,0.12,20,100,0.498412,0.999999,7.01492,1.0000,8.15139e-05,0.00324616,0.00815139,-0.0160662,0.0862952,0.9530,0.9480,1.0000,3.2e-05,0.00321924,0.0032,-0.0351421,0.0744991,0.0000,nan,nan,nan,nan,nan,nan,nan,0.9980,0.00972701,0.0108926,0.972701,-0.0694594,0.0739337,0.0421,0.4790,1.0000,0.00161391,0.00364626,0.161391,0.0758626,0.105054,0.9460,0.7970,1.0000,0.00205559,0.00339165,0.205559,-0.0487851,0.0549742,0.7540,0.5910,nan,nan,-0.5838,-0.4689,1.0108,-0.1510,-0.3597,-0.3570
37,B,0.01,0.12,20,1000,0.0596084,0.707467,0.701492,1.0000,-0.000108523,0.00255241,-0.0108523,-0.00514612,0.0440562,0.9440,0.9370,1.0000,-0.00015945,0.00253949,-0.015945,-0.0201125,0.0466606,0.2760,0.000250414,0.0024838,0.0250414,-0.013264,0.0301021,0.9457,0.9493,1.0000,0.0004582,0.00266985,0.04582,-0.0118812,0.03186,0.9310,0.9460,1.0000,0.000295207,0.00265393,0.0295207,0.0283167,0.0552689,0.9640,0.8560,1.0000,-3.07369e-07,0.00256078,-3.07369e-05,0.0121989,0.0363929,0.9540,0.9420,0.5854,0.0471,-0.1583,0.0090,0.7863,-0.0810,0.4076,0.0050
38,B,0.01,0.12,20,10000,0.0010218,0.0202389,0.0701492,1.0000,-7.89336e-05,0.00239245,-0.00789336,-0.00784228,0.0341942,0.9470,0.9380,1.0000,-0.000131005,0.00241923,-0.0131005,-0.0227757,0.0449731,0.9770,-2.06722e-05,0.00239849,-0.00206722,-0.0048419,0.0334277,0.9478,0.9263,1.0000,-2.71894e-05,0.00239241,-0.00271894,-0.00486086,0.0334154,0.9480,0.9250,1.0000,-5.17263e-06,0.00239882,-0.000517263,-0.00307751,0.0350625,0.9490,0.9190,1.0000,-1.39946e-05,0.00239507,-0.00139946,-0.00340778,0.034419,0.9490,0.9210,0.1238,-0.0133,0.0890,-0.0130,0.1423,-0.0190,0.1324,-0.0170
39,A,0.01,0.12,40,100,0.498412,1,9.9206,1.0000,1.52244e-05,0.0023352,0.00152244,-0.012863,0.059695,0.9400,0.9550,1.0000,1.625e-05,0.00234079,0.001625,-0.0216279,0.0592427,0.0000,nan,nan,nan,nan,nan,nan,nan,1.0000,0.00943731,0.00994522,0.943731,-0.0665684,0.0689651,0.0010,0.2510,1.0000,0.0015177,0.0027807,0.15177,0.0739371,0.0881664,0.9130,0.6280,1.0000,0.00198295,0.00277538,0.198295,-0.0475358,0.0506615,0.6420,0.3590,nan,nan,-0.8927,-0.7040,1.4429,-0.3270,-0.5764,-0.5960
40,C,0.01,0.12,40,1000,0.0596084,0.914424,0.99206,1.0000,-3.04191e-05,0.00180284,-0.00304191,-0.00460872,0.029872,0.9470,0.9410,1.0000,-3.075e-05,0.00181691,-0.003075,-0.0113893,0.0392305,0.0950,0.000763776,0.00208124,0.0763776,-0.00714178,0.0228007,0.9158,0.9474,1.0000,0.000518169,0.00191331,0.0518169,-0.00923988,0.0232869,0.9330,0.9530,1.0000,0.000371212,0.00188456,0.0371212,0.0284752,0.0425613,0.9620,0.7930,1.0000,0.000111846,0.0018073,0.0111846,0.014407,0.0278123,0.9580,0.9200,0.7644,0.1158,-0.1578,0.0120,1.1276,-0.1480,0.6481,-0.0210
41,C,0.01,0.12,40,10000,0.0010218,0.0400682,0.099206,1.0000,2.38569e-05,0.00170563,0.00238569,-0.00238854,0.0242991,0.9350,0.9460,1.0000,2.09375e-05,0.00174242,0.00209375,-0.00987781,0.0371156,0.9610,9.11354e-05,0.00171492,0.00911354,0.000942669,0.0243674,0.9386,0.9396,1.0000,7.80411e-05,0.00171021,0.00780411,0.000750765,0.0241984,0.9390,0.9410,1.0000,9.76963e-05,0.00171458,0.00976963,0.00234117,0.0252847,0.9400,0.9350,1.0000,9.13038e-05,0.00171235,0.00913038,0.00209252,0.0249191,0.9400,0.9380,0.1693,-0.0073,0.1290,-0.0050,0.1943,-0.0110,0.1841,-0.0080
42,D,0.01,0.12,100,100,0.498412,1,15.6858,1.0000,1.74536e-05,0.00149144,0.00174536,-0.00334064,0.0382764,0.9420,0.9500,1.0000,3.32e-05,0.00149524,0.00332,-0.00712952,0.0397783,0.0000,nan,nan,nan,nan,nan,nan,nan,1.0000,0.00957855,0.00981003,0.957855,-0.0636088,0.0647418,0.0000,0.0280,1.0000,0.00151034,0.00212786,0.151034,0.0782988,0.0846045,0.8560,0.1940,1.0000,0.00196704,0.00232522,0.196704,-0.045463,0.046969,0.3880,0.0680,nan,nan,-1.5972,-0.9220,2.1635,-0.7560,-1.1163,-0.8820
43,D,0.01,0.12,100,1000,0.0596084,0.997858,1.56858,1.0000,-4.25263e-05,0.00114527,-0.00425263,-0.00250618,0.0187856,0.9420,0.9440,1.0000,-3.492e-05,0.00114897,-0.003492,-0.00603642,0.0274413,0.0010,0.00160298,0.00160298,0.160298,0.000161678,0.000161678,1.0000,1.0000,1.0000,0.000519384,0.00128724,0.0519384,-0.00717423,0.0149924,0.9160,0.9460,1.0000,0.00036863,0.00124099,0.036863,0.0307104,0.0367667,0.9630,0.5500,1.0000,0.000113717,0.00116067,0.0113717,0.0169016,0.0228415,0.9560,0.8080,1.2294,0.0000,-0.2508,0.0020,1.7846,-0.3940,1.0427,-0.1360
44,D,0.01,0.12,100,10000,0.0010218,0.0971806,0.156858,1.0000,4.02873e-05,0.00105956,0.00402873,-0.00105451,0.015259,0.9550,0.9420,1.0000,3.732e-05,0.0010675,0.003732,-0.00498004,0.0262811,0.9060,0.000124065,0.00107045,0.0124065,0.0025378,0.0155841,0.9570,0.9382,1.0000,0.000101893,0.00106635,0.0101893,0.00235991,0.0155168,0.9580,0.9390,1.0000,0.000121309,0.00106817,0.0121309,0.00394506,0.0164018,0.9600,0.9250,1.0000,0.000115795,0.00106723,0.0115795,0.00372353,0.0161552,0.9600,0.9310,0.2846,-0.0044,0.2210,-0.0030,0.3236,-0.0170,0.3093,-0.0110
45,A,0.01,0.24,20,100,0.599366,1,13.6892,1.0000,9.39573e-06,0.0045531,0.000939573,-0.0311705,0.130251,0.9300,0.9330,1.0000,-9e-05,0.00456514,-0.009,-0.0767919,0.128136,0.0000,nan,nan,nan,nan,nan,nan,nan,0.9970,0.0142678,0.0169663,1.42678,-0.165985,0.17274,0.0652,0.3119,1.0000,0.00142022,0.00476136,0.142022,0.0430046,0.110129,0.9590,0.9410,1.0000,0.00193958,0.00405065,0.193958,-0.155763,0.160519,0.7240,0.0930,nan,nan,-1.0568,-0.6209,0.5831,0.0080,-0.9794,-0.8400
46,A,0.01,0.24,20,1000,0.193576,0.986471,1.36892,1.0000,0.000239913,0.00405803,0.0239913,-0.0094728,0.0756453,0.9500,0.9410,1.0000,8.71e-05,0.00412663,0.00871,-0.0551034,0.0971406,0.0140,0.000858399,0.00289938,0.0858399,-0.0961398,0.106224,0.9286,0.5714,1.0000,0.00187654,0.00483609,0.187654,-0.0828209,0.0963482,0.8900,0.7180,1.0000,0.000801364,0.00424144,0.0801364,0.0254444,0.0758721,0.9670,0.9310,1.0000,-0.000437405,0.00373589,-0.0437405,-0.0419197,0.0628627,0.9020,0.9170,0.3086,0.0714,-0.9834,-0.2230,0.4682,-0.0100,-0.4350,-0.0240
47,B,0.01,0.24,20,10000,0.0295387,0.45101,0.136892,1.0000,0.000272106,0.00410587,0.0272106,-0.00930063,0.0616184,0.9360,0.9460,1.0000,0.00011956,0.00422056,0.011956,-0.0549608,0.0985198,0.5420,0.000138001,0.00389699,0.0138001,-0.0280468,0.0588878,0.9354,0.9299,1.0000,0.000227297,0.00404056,0.0227297,-0.0294034,0.0597154,0.9270,0.9220,1.0000,0.000513772,0.00418543,0.0513772,0.00221721,0.0629074,0.9400,0.9360,1.0000,0.000205028,0.00401395,0.0205028,-0.00848613,0.0554579,0.9360,0.9510,0.0698,0.0037,-0.3330,-0.0240,0.1908,-0.0100,0.0135,0.0050
48,A,0.01,0.24,40,100,0.599366,1,19.3595,1.0000,8.38791e-05,0.00314941,0.00838791,-0.0136474,0.0891289,0.9470,0.9490,1.0000,3.025e-05,0.00317605,0.003025,-0.0435209,0.0962176,0.0000,nan,nan,nan,nan,nan,nan,nan,1.0000,0.0142221,0.0154291,1.42221,-0.158103,0.161768,0.0020,0.1140,1.0000,0.00153052,0.00353496,0.153052,0.0525478,0.0897556,0.9410,0.9270,1.0000,0.0019477,0.00312929,0.19477,-0.15157,0.154067,0.6710,0.0130,nan,nan,-1.6120,-0.8350,0.7387,-0.0220,-1.5391,-0.9360
49,C,0.01,0.24,40,1000,0.193576,0.999817,1.93595,1.0000,0.000158304,0.00294856,0.0158304,-0.00592079,0.0560778,0.9380,0.9340,1.0000,5.07e-05,0.00298276,0.00507,-0.0372285,0.0800832,0.0000,nan,nan,nan,nan,nan,nan,nan,1.0000,0.00178554,0.00372513,0.178554,-0.0787967,0.0862859,0.8560,0.5360,1.0000,0.000724931,0.00312641,0.0724931,0.0282422,0.0605176,0.9550,0.9000,1.0000,-0.000499589,0.00272526,-0.0499589,-0.0376321,0.0510416,0.8920,0.8640,nan,nan,-1.3820,-0.3980,0.6479,-0.0340,-0.6014,-0.0700
50,C,0.01,0.24,40,10000,0.0295387,0.69861,0.193595,1.0000,0.000120575,0.00273981,0.0120575,-0.00519516,0.0428917,0.9390,0.9560,1.0000,5.362e-05,0.00283555,0.005362,-0.0334904,0.0770125,0.3050,0.000216856,0.00282741,0.0216856,-0.0254436,0.0443618,0.9115,0.9279,1.0000,0.00010089,0.0027019,0.010089,-0.0243447,0.0432765,0.9240,0.9310,1.0000,0.00037628,0.00281015,0.037628,0.00673311,0.0445188,0.9430,0.9370,1.0000,9.27528e-05,0.0026948,0.00927528,-0.00346286,0.0383451,0.9420,0.9660,0.1105,0.0131,-0.4441,-0.0250,0.2766,-0.0190,0.0402,0.0100
51,D,0.01,0.24,100,100,0.599366,1,30.61,1.0000,2.3141e-05,0.00201563,0.0023141,-0.00606128,0.057666,0.9520,0.9530,1.0000,9.1e-06,0.0020169,0.00091,-0.0217861,0.0696723,0.0000,nan,nan,nan,nan,nan,nan,nan,1.0000,0.0141318,0.0146319,1.41318,-0.15463,0.156191,0.0000,0.0050,1.0000,0.00146667,0.00252479,0.146667,0.0557287,0.0741185,0.9040,0.8050,1.0000,0.00189016,0.00245539,0.189016,-0.15008,0.151132,0.5050,0.0000,nan,nan,-2.6359,-0.9480,1.0963,-0.1480,-2.5552,-0.9530
52,D,0.01,0.24,100,1000,0.193576,1,3.061,1.0000,1.14097e-05,0.00173716,0.00114097,-0.00183547,0.034444,0.9510,0.9450,1.0000,-3.27e-05,0.00177475,-0.00327,-0.0191951,0.0580395,0.0000,nan,nan,nan,nan,nan,nan,nan,1.0000,0.00165069,0.00254446,0.165069,-0.0761035,0.0788846,0.7830,0.1540,1.0000,0.000584049,0.00190292,0.0584049,0.0320339,0.0464277,0.9560,0.8200,1.0000,-0.00063967,0.00171534,-0.063967,-0.0345062,0.0402289,0.8980,0.7540,nan,nan,-2.2097,-0.7910,1.0077,-0.1250,-0.9721,-0.1910
53,D,0.01,0.24,100,10000,0.0295387,0.950132,0.3061,1.0000,-2.8119e-05,0.00167726,-0.0028119,-0.00306634,0.0285538,0.9510,0.9440,1.0000,-5.7275e-05,0.00177437,-0.0057275,-0.0169512,0.0583092,0.0550,-4.64459e-05,0.00154551,-0.00464459,-0.0231219,0.0336249,0.9636,0.8182,1.0000,-4.04027e-05,0.00164747,-0.00404027,-0.0227653,0.0326856,0.9460,0.8710,1.0000,0.000242889,0.0017201,0.0242889,0.00946911,0.0307184,0.9590,0.9160,1.0000,-3.7346e-05,0.00164315,-0.0037346,-0.000840745,0.0251673,0.9550,0.9550,0.1814,0.0364,-0.7176,-0.0730,0.4567,-0.0280,0.0811,0.0110
54,A,0.05,0.02,20,100,0.0143133,0.250489,7.28353,1.0000,-0.000194611,0.00606271,-0.00389222,-0.00186834,0.0179853,0.9430,0.9720,1.0000,-0.000172,0.00592929,-0.00344,-0.00232423,0.017298,0.7540,0.000737475,0.00586752,0.0147495,0.0429076,0.0472594,0.9536,0.0623,1.0000,0.000718667,0.00590765,0.0143733,0.0428656,0.0471471,0.9540,0.0610,1.0000,0.000293783,0.00589908,0.00587567,0.0532866,0.0600167,0.9630,0.0470,1.0000,0.000220159,0.00590678,0.00440318,0.0507792,0.0561773,0.9610,0.0470,2.3555,-0.9151,1.9896,-0.9110,2.4531,-0.9250,2.3415,-0.9250
55,B,0.05,0.02,20,1000,6.33343e-10,1.26669e-08,0.728353,1.0000,8.31233e-05,0.00369618,0.00166247,-0.00168533,0.00775601,0.9360,0.9260,1.0000,4.545e-05,0.00363521,0.000909,-0.00173828,0.00789311,1.0000,5.71272e-05,0.00363361,0.00114254,0.00330942,0.00842464,0.9360,0.8890,1.0000,5.71272e-05,0.00363361,0.00114254,0.00330942,0.00842464,0.9360,0.8890,1.0000,5.71272e-05,0.00363361,0.00114254,0.00330942,0.00842464,0.9360,0.8890,1.0000,5.71272e-05,0.00363361,0.00114254,0.00330942,0.00842464,0.9360,0.8890,0.6656,-0.0370,0.6656,-0.0370,0.6656,-0.0370,0.6656,-0.0370
56,B,0.05,0.02,20,10000,1.74186e-25,0,0.0728353,1.0000,3.59855e-05,0.00334588,0.00071971,-0.00111367,0.00608412,0.9510,0.9480,1.0000,8.33e-06,0.00330607,0.0001666,-0.00121366,0.00619809,1.0000,1.04914e-05,0.00330367,0.000209828,-0.000501358,0.0060351,0.9510,0.9480,1.0000,1.04914e-05,0.00330367,0.000209828,-0.000501358,0.0060351,0.9510,0.9480,1.0000,1.04914e-05,0.00330367,0.000209828,-0.000501358,0.0060351,0.9510,0.9480,1.0000,1.04914e-05,0.00330367,0.000209828,-0.000501358,0.0060351,0.9510,0.9480,0.0978,0.0000,0.0978,0.0000,0.0978,0.0000,0.0978,0.0000
57,A,0.05,0.02,40,100,0.0143133,0.438233,10.3005,1.0000,0.000119031,0.00428157,0.00238063,-0.0017062,0.0130768,0.9440,0.9550,1.0000,0.00011425,0.0041871,0.002285,-0.00178083,0.0129688,0.5690,0.00103088,0.00409683,0.0206176,0.045169,0.0469926,0.9561,0.0018,1.0000,0.00103648,0.00426158,0.0207296,0.044899,0.0467735,0.9460,0.0010,1.0000,0.000611847,0.00420094,0.0122369,0.0554312,0.0586029,0.9660,0.0010,1.0000,0.000545153,0.00420055,0.0109031,0.0532038,0.0557016,0.9630,0.0010,3.6686,-0.9561,3.1437,-0.9540,3.8542,-0.9540,3.7039,-0.9540
58,C,0.05,0.02,40,1000,6.33343e-10,2.53337e-08,1.03005,1.0000,-2.9221e-05,0.0027013,-0.000584419,-0.000629298,0.00543677,0.9400,0.9400,1.0000,-5.595e-05,0.00261295,-0.001119,-0.00059893,0.00560829,1.0000,-4.12303e-05,0.00261384,-0.000824606,0.00444728,0.00714694,0.9420,0.8290,1.0000,-4.12303e-05,0.00261384,-0.000824606,0.00444728,0.00714694,0.9420,0.8290,1.0000,-4.12303e-05,0.00261384,-0.000824606,0.00444728,0.00714694,0.9420,0.8290,1.0000,-4.12303e-05,0.00261384,-0.000824606,0.00444728,0.00714694,0.9420,0.8290,0.9380,-0.1110,0.9380,-0.1110,0.9380,-0.1110,0.9380,-0.1110
59,C,0.05,0.02,40,10000,1.74186e-25,0,0.103005,1.0000,-0.000127373,0.00228116,-0.00254745,-0.000803395,0.00458886,0.9640,0.9450,1.0000,-0.000101875,0.00220998,-0.0020375,-0.000726856,0.00485449,1.0000,-0.000101125,0.00220981,-0.00202249,-0.000182284,0.00451597,0.9640,0.9480,1.0000,-0.000101125,0.00220981,-0.00202249,-0.000182284,0.00451597,0.9640,0.9480,1.0000,-0.000101125,0.00220981,-0.00202249,-0.000182284,0.00451597,0.9640,0.9480,1.0000,-0.000101125,0.00220981,-0.00202249,-0.000182284,0.00451597,0.9640,0.9480,0.1408,0.0030,0.1408,0.0030,0.1408,0.0030,0.1408,0.0030
60,A,0.05,0.02,100,100,0.0143133,0.763468,16.2865,1.0000,-4.46101e-05,0.00285715,-0.000892201,-0.00123163,0.00866586,0.9360,0.9560,1.0000,-1.22e-05,0.0027687,-0.000244,-0.000962268,0.0088406,0.2680,0.0009247,0.00288902,0.018494,0.0467663,0.0475912,0.9478,0.0000,1.0000,0.000884967,0.00286145,0.0176993,0.0461025,0.0468883,0.9460,0.0000,1.0000,0.000481437,0.0027852,0.00962874,0.0561317,0.0573487,0.9630,0.0000,1.0000,0.000423411,0.0027818,0.00846821,0.0542072,0.0552037,0.9600,0.0000,5.9615,-0.9552,5.2022,-0.9560,6.3045,-0.9560,6.0929,-0.9560
61,D,0.05,0.02,100,1000,6.33343e-10,6.33343e-08,1.62865,1.0000,-7.5542e-05,0.00165435,-0.00151084,-0.000228873,0.00341791,0.9540,0.9480,1.0000,-3.604e-05,0.00159715,-0.0007208,-0.000107323,0.00352626,1.0000,-2.1491e-05,0.00159797,-0.00042982,0.00484845,0.00597859,0.9580,0.6220,1.0000,-2.1491e-05,0.00159797,-0.00042982,0.00484845,0.00597859,0.9580,0.6220,1.0000,-2.1491e-05,0.00159797,-0.00042982,0.00484845,0.00597859,0.9580,0.6220,1.0000,-2.1491e-05,0.00159797,-0.00042982,0.00484845,0.00597859,0.9580,0.6220,1.4825,-0.3260,1.4825,-0.3260,1.4825,-0.3260,1.4825,-0.3260
62,D,0.05,0.02,100,10000,1.74186e-25,0,0.162865,1.0000,-0.000112468,0.0015293,-0.00224935,-0.000317059,0.00289076,0.9480,0.9440,1.0000,-6.5133e-05,0.00146855,-0.00130266,-0.000295924,0.00302929,1.0000,-6.3132e-05,0.0014671,-0.00126264,0.000258565,0.00287398,0.9490,0.9400,1.0000,-6.3132e-05,0.0014671,-0.00126264,0.000258565,0.00287398,0.9490,0.9400,1.0000,-6.3132e-05,0.0014671,-0.00126264,0.000258565,0.00287398,0.9490,0.9400,1.0000,-6.3132e-05,0.0014671,-0.00126264,0.000258565,0.00287398,0.9490,0.9400,0.2043,-0.0040,0.2043,-0.0040,0.2043,-0.0040,0.2043,-0.0040
63,B,0.05,0.12,20,100,0.0832278,0.824115,1.52394,1.0000,0.000566208,0.00968531,0.0113242,-0.00713246,0.0499512,0.9480,0.9440,1.0000,0.0006145,0.00969857,0.01229,-0.014595,0.0515356,0.1600,0.00500356,0.0115636,0.100071,-2.54436e-05,0.0280167,0.8938,0.9875,1.0000,0.00502978,0.0111897,0.100596,0.000138583,0.0309947,0.9110,0.9740,1.0000,0.00182281,0.0098878,0.0364562,0.0556065,0.0755269,0.9710,0.7120,1.0000,0.0011247,0.0097593,0.0224941,0.032195,0.0476341,0.9630,0.8850,1.1736,0.1188,0.1442,0.0300,1.2443,-0.2320,0.7800,-0.0590
64,B,0.05,0.12,20,1000,0.000706342,0.0140324,0.152394,1.0000,0.000324502,0.00887534,0.00649004,-0.00685216,0.0355596,0.9460,0.9350,1.0000,0.0004038,0.00893258,0.008076,-0.0117735,0.0425717,0.9870,0.000548599,0.00884296,0.010972,-8.55876e-05,0.0348775,0.9504,0.9331,1.0000,0.000531276,0.00888973,0.0106255,-4.00316e-05,0.0349688,0.9490,0.9320,1.0000,0.000545028,0.00889184,0.0109006,0.0010953,0.0364424,0.9500,0.9260,1.0000,0.00053282,0.00888817,0.0106564,0.00089497,0.0359556,0.9490,0.9280,0.2185,-0.0030,0.1970,-0.0030,0.2298,-0.0090,0.2240,-0.0070
65,B,0.05,0.12,20,10000,6.50732e-07,1.30146e-05,0.0152394,1.0000,-0.000100785,0.00848271,-0.00201569,-0.00783798,0.0326815,0.9360,0.9430,1.0000,-3.93e-06,0.00856467,-7.86e-05,-0.0117045,0.0434986,1.0000,-2.16401e-05,0.0084902,-0.000432801,-0.00716431,0.0324505,0.9360,0.9380,1.0000,-2.16401e-05,0.0084902,-0.000432801,-0.00716431,0.0324505,0.9360,0.9380,1.0000,-2.16401e-05,0.0084902,-0.000432801,-0.00716431,0.0324505,0.9360,0.9380,1.0000,-2.16401e-05,0.0084902,-0.000432801,-0.00716431,0.0324505,0.9360,0.9380,0.0208,-0.0050,0.0208,-0.0050,0.0208,-0.0050,0.0208,-0.0050
66,C,0.05,0.12,40,100,0.0832278,0.969064,2.15518,1.0000,5.17559e-06,0.0070218,0.000103512,-0.00369691,0.0357321,0.9490,0.9380,1.0000,8.45e-05,0.00702852,0.00169,-0.00745599,0.0392108,0.0330,0.00513336,0.00843546,0.102667,0.00695925,0.0208901,0.9091,0.9697,1.0000,0.0044603,0.00849194,0.0892059,0.00352265,0.0223141,0.8900,0.9750,1.0000,0.00127101,0.00716384,0.0254202,0.0585137,0.0690015,0.9650,0.4670,1.0000,0.000586986,0.00706007,0.0117397,0.0357601,0.0436407,0.9570,0.7310,1.5584,0.1818,0.2025,0.0370,1.7453,-0.4710,1.1070,-0.2070
67,C,0.05,0.12,40,1000,0.000706342,0.027868,0.215518,1.0000,-0.000249059,0.00604551,-0.00498118,-0.00374037,0.0256863,0.9480,0.9510,1.0000,-0.00017615,0.00606722,-0.003523,-0.00683564,0.0314075,0.9630,-1.74939e-06,0.00604771,-3.49878e-05,0.00326176,0.0260653,0.9512,0.9315,1.0000,-1.69393e-05,0.00604617,-0.000338786,0.00308868,0.026131,0.9520,0.9310,1.0000,7.97082e-06,0.00604751,0.000159416,0.00485376,0.0275317,0.9530,0.9200,1.0000,-6.78543e-06,0.0060456,-0.000135709,0.00460573,0.0271111,0.9530,0.9230,0.3182,-0.0208,0.2756,-0.0200,0.3468,-0.0310,0.3368,-0.0280
68,C,0.05,0.12,40,10000,6.50732e-07,2.60289e-05,0.0215518,1.0000,7.83626e-05,0.006294,0.00156725,-0.00362478,0.0239778,0.9240,0.9460,1.0000,0.000110397,0.00630878,0.00220795,-0.00809823,0.0305733,1.0000,0.000160754,0.00630002,0.00321509,-0.0028798,0.0239165,0.9240,0.9460,1.0000,0.000160754,0.00630002,0.00321509,-0.0028798,0.0239165,0.9240,0.9460,1.0000,0.000160754,0.00630002,0.00321509,-0.0028798,0.0239165,0.9240,0.9460,1.0000,0.000160754,0.00630002,0.00321509,-0.0028798,0.0239165,0.9240,0.9460,0.0319,0.0000,0.0319,0.0000,0.0319,0.0000,0.0319,0.0000
69,D,0.05,0.12,100,100,0.0832278,0.999832,3.40764,1.0000,4.65456e-05,0.00445384,0.000930911,-0.000885353,0.0221763,0.9540,0.9540,1.0000,0.0001503,0.0044726,0.003006,-0.00182459,0.0262436,0.0000,nan,nan,nan,nan,nan,nan,nan,1.0000,0.00447167,0.00634239,0.0894335,0.00613288,0.0157426,0.8060,0.9550,1.0000,0.00130938,0.00463849,0.0261875,0.0604726,0.0644398,0.9730,0.1090,1.0000,0.000638879,0.0044981,0.0127776,0.0384517,0.0415427,0.9580,0.3120,nan,nan,0.3113,0.0010,2.7217,-0.8450,1.7449,-0.6420
70,D,0.05,0.12,100,1000,0.000706342,0.0682205,0.340764,1.0000,-0.000284381,0.00396274,-0.00568763,-0.00128875,0.0160551,0.9490,0.9430,1.0000,-0.00022002,0.00398047,-0.0044004,-0.00316582,0.0209307,0.9290,-7.35448e-05,0.00396076,-0.0014709,0.00618758,0.0174953,0.9516,0.9236,1.0000,-4.10379e-05,0.00395619,-0.000820758,0.00608458,0.0174348,0.9540,0.9250,1.0000,-2.08695e-05,0.00395876,-0.00041739,0.00749062,0.018542,0.9540,0.9070,1.0000,-3.12029e-05,0.00395718,-0.000624059,0.00731486,0.0183048,0.9540,0.9110,0.5169,-0.0194,0.4654,-0.0180,0.5542,-0.0360,0.5431,-0.0320
71,D,0.05,0.12,100,10000,6.50732e-07,6.50711e-05,0.0340764,1.0000,2.48846e-07,0.00402595,4.97692e-06,-0.00119343,0.0149306,0.9460,0.9510,1.0000,5.2777e-05,0.00402795,0.00105554,-0.00282921,0.0203427,1.0000,8.33815e-05,0.00403006,0.00166763,-0.000432717,0.0149042,0.9460,0.9500,1.0000,8.33815e-05,0.00403006,0.00166763,-0.000432717,0.0149042,0.9460,0.9500,1.0000,8.33815e-05,0.00403006,0.00166763,-0.000432717,0.0149042,0.9460,0.9500,1.0000,8.33815e-05,0.00403006,0.00166763,-0.000432717,0.0149042,0.9460,0.9500,0.0508,-0.0010,0.0508,-0.0010,0.0508,-0.0010,0.0508,-0.0010
72,A,0.05,0.24,20,100,0.189844,0.985162,1.37309,1.0000,-3.00935e-05,0.0145387,-0.00060187,-0.0174023,0.0852147,0.9360,0.9240,1.0000,2.45e-05,0.0146406,0.00049,-0.0339551,0.0971773,0.0160,0.00923599,0.0174962,0.18472,-0.0782944,0.0883123,0.8125,0.6875,1.0000,0.0103263,0.0195965,0.206526,-0.0733273,0.0892926,0.8220,0.7620,1.0000,0.00150982,0.0145788,0.0301964,0.0392272,0.086112,0.9560,0.8950,1.0000,-0.000383748,0.0141868,-0.00767496,-0.0274367,0.0578708,0.9140,0.9350,0.6323,0.1875,-0.7119,-0.1620,0.7209,-0.0290,-0.1277,0.0110
73,B,0.05,0.24,20,1000,0.0177939,0.301683,0.137309,1.0000,-0.000550678,0.0130763,-0.0110136,-0.0135277,0.0617474,0.9310,0.9390,1.0000,-0.00063305,0.0132357,-0.012661,-0.0344095,0.0821374,0.6760,-4.31169e-05,0.0128271,-0.000862338,-0.0230057,0.0575455,0.9260,0.9320,1.0000,4.81294e-05,0.0131571,0.000962588,-0.0226528,0.0569,0.9270,0.9410,1.0000,4.74205e-05,0.0131026,0.00094841,0.00143959,0.0631413,0.9410,0.9210,1.0000,-0.000396326,0.0130183,-0.00792652,-0.00557278,0.0570153,0.9340,0.9420,0.1529,0.0059,-0.1526,0.0020,0.2503,-0.0180,0.1330,0.0030
74,B,0.05,0.24,20,10000,0.000747738,0.014849,0.0137309,1.0000,0.000182684,0.0131734,0.00365369,-0.0123066,0.0606787,0.9330,0.9210,1.0000,0.00020873,0.0134093,0.0041746,-0.031098,0.0869702,0.9840,0.000261946,0.0132058,0.00523893,-0.0128823,0.0594796,0.9329,0.9268,1.0000,0.000223784,0.0131772,0.00447569,-0.0125305,0.0595192,0.9340,0.9260,1.0000,0.000274499,0.013174,0.00548998,-0.0108577,0.0610361,0.9340,0.9230,1.0000,0.000246542,0.0131696,0.00493084,-0.0111961,0.0604496,0.9340,0.9240,0.0199,0.0030,-0.0040,0.0050,0.0258,0.0020,0.0198,0.0030
75,C,0.05,0.24,40,100,0.189844,0.99978,1.94185,1.0000,-0.000123663,0.0097919,-0.00247326,-0.00701974,0.0578631,0.9510,0.9390,1.0000,-7.8e-05,0.00986123,-0.00156,-0.0176101,0.0718425,0.0000,nan,nan,nan,nan,nan,nan,nan,1.0000,0.0105534,0.0152845,0.211069,-0.0674217,0.0760949,0.7620,0.6540,1.0000,0.00150311,0.00990241,0.0300623,0.0486793,0.0719362,0.9630,0.8270,1.0000,-0.000515543,0.00958561,-0.0103109,-0.0201686,0.0394626,0.9190,0.9560,nan,nan,-1.0652,-0.2850,0.9823,-0.1120,-0.2319,0.0170
76,C,0.05,0.24,40,1000,0.0177939,0.512354,0.194185,1.0000,-0.00014034,0.00929048,-0.0028068,-0.00696145,0.0418951,0.9500,0.9530,1.0000,-0.0002348,0.00935781,-0.004696,-0.0220398,0.0618392,0.4820,0.000882366,0.00932874,0.0176473,-0.0146088,0.0385361,0.9564,0.9544,1.0000,0.000487205,0.00935542,0.00974411,-0.0150196,0.0392535,0.9450,0.9470,1.0000,0.000506378,0.00932257,0.0101276,0.00853029,0.0442817,0.9630,0.9390,1.0000,9.46774e-05,0.00927341,0.00189355,0.00199421,0.0388779,0.9570,0.9600,0.2166,0.0207,-0.1872,-0.0060,0.3599,-0.0140,0.2080,0.0070
77,C,0.05,0.24,40,10000,0.000747738,0.0294775,0.0194185,1.0000,-8.53491e-05,0.00887389,-0.00170698,-0.00493532,0.0411676,0.9490,0.9470,1.0000,-0.00010902,0.00898498,-0.0021804,-0.0165184,0.0622897,0.9820,-4.83552e-05,0.00887682,-0.000967103,-0.00439884,0.0408345,0.9491,0.9460,1.0000,-1.80796e-05,0.008865,-0.000361593,-0.00435734,0.0407154,0.9500,0.9460,1.0000,1.78598e-05,0.00887651,0.000357197,-0.00328585,0.0413927,0.9500,0.9440,1.0000,3.58389e-06,0.00886959,7.16778e-05,-0.00346164,0.0411616,0.9500,0.9450,0.0344,-0.0020,0.0142,-0.0010,0.0406,-0.0030,0.0363,-0.0020
78,D,0.05,0.24,100,100,0.189844,1,3.07033,1.0000,-0.000257921,0.00606748,-0.00515841,-0.0032118,0.037463,0.9500,0.9420,1.0000,-0.0001929,0.00608956,-0.003858,-0.0085708,0.0489638,0.0000,nan,nan,nan,nan,nan,nan,nan,1.0000,0.0104303,0.0125108,0.208606,-0.0640857,0.067814,0.5390,0.3090,1.0000,0.00138235,0.00623711,0.027647,0.0516245,0.062002,0.9660,0.6230,1.0000,-0.000661717,0.00597609,-0.0132343,-0.0169637,0.0273667,0.9220,0.9370,nan,nan,-1.6893,-0.6330,1.5217,-0.3190,-0.3816,-0.0050
79,D,0.05,0.24,100,1000,0.0177939,0.833941,0.307033,1.0000,-6.08602e-05,0.00597936,-0.0012172,-0.00224825,0.0273781,0.9500,0.9510,1.0000,-1.286e-05,0.00603166,-0.0002572,-0.0067058,0.0421499,0.1660,0.00124939,0.00539677,0.0249878,-0.00901734,0.0249556,0.9578,0.9518,1.0000,0.000569855,0.00603373,0.0113971,-0.0100767,0.0258635,0.9410,0.9490,1.0000,0.000591646,0.0060166,0.0118329,0.0131574,0.0313218,0.9490,0.9090,1.0000,0.000196726,0.0059657,0.00393453,0.00689153,0.0264904,0.9520,0.9490,0.3232,0.0361,-0.2842,-0.0020,0.5593,-0.0420,0.3318,-0.0020
80,D,0.05,0.24,100,10000,0.000747738,0.0720726,0.0307033,1.0000,5.72729e-05,0.00578063,0.00114546,-0.00190654,0.0268866,0.9530,0.9410,1.0000,6.9522e-05,0.0058201,0.00139044,-0.00790463,0.0433072,0.9190,6.34012e-05,0.00577182,0.00126802,-0.00207832,0.026569,0.9543,0.9423,1.0000,0.000113864,0.00577709,0.00227729,-0.00200362,0.0264738,0.9530,0.9430,1.0000,0.000180761,0.00579219,0.00361523,-2.41825e-05,0.0271935,0.9540,0.9390,1.0000,0.0001579,0.0057845,0.00315799,-0.000318584,0.026946,0.9540,0.9420,0.0532,0.0011,-0.0037,0.0020,0.0726,-0.0020,0.0612,0.0010
81,-,0.001,0.02,20,100000,5.16938e-09,1.03388e-07,0.164202,1.0000,-2.19212e-06,0.000119075,-0.00219212,-0.00122085,0.00654803,0.9250,0.9330,1.0000,-1.0145e-06,0.000119707,-0.0010145,-0.00174054,0.0075227,1.0000,7.12283e-09,0.000119344,7.12283e-06,4.94991e-05,0.00656626,0.9290,0.9240,1.0000,7.12283e-09,0.000119344,7.12283e-06,4.94991e-05,0.00656626,0.9290,0.9240,1.0000,7.12283e-09,0.000119344,7.12283e-06,4.94991e-05,0.00656626,0.9290,0.9240,1.0000,7.12283e-09,0.000119344,7.12283e-06,4.94991e-05,0.00656626,0.9290,0.9240,0.1962,-0.0090,0.1962,-0.0090,0.1962,-0.0090,0.1962,-0.0090
82,-,0.001,0.02,20,1000000,3.0482e-19,0,0.0164202,1.0000,5.63805e-06,0.000117019,0.00563805,-0.000985223,0.00636177,0.9380,0.9470,1.0000,6.86185e-06,0.000116557,0.00686185,-0.00167209,0.00707734,1.0000,7.46758e-06,0.000116883,0.00746758,-0.000800896,0.00631781,0.9370,0.9450,1.0000,7.46758e-06,0.000116883,0.00746758,-0.000800896,0.00631781,0.9370,0.9450,1.0000,7.46758e-06,0.000116883,0.00746758,-0.000800896,0.00631781,0.9370,0.9450,1.0000,7.46758e-06,0.000116883,0.00746758,-0.000800896,0.00631781,0.9370,0.9450,0.0297,-0.0020,0.0297,-0.0020,0.0297,-0.0020,0.0297,-0.0020
83,-,0.001,0.02,40,100000,5.16938e-09,2.06775e-07,0.232217,1.0000,-5.1201e-06,7.83433e-05,-0.0051201,-0.000745277,0.00463313,0.9480,0.9390,1.0000,-3.40725e-06,7.83463e-05,-0.00340725,-0.000987272,0.00556019,1.0000,-2.3495e-06,7.8155e-05,-0.0023495,0.000571702,0.00469739,0.9490,0.9370,1.0000,-2.3495e-06,7.8155e-05,-0.0023495,0.000571702,0.00469739,0.9490,0.9370,1.0000,-2.3495e-06,7.8155e-05,-0.0023495,0.000571702,0.00469739,0.9490,0.9370,1.0000,-2.3495e-06,7.8155e-05,-0.0023495,0.000571702,0.00469739,0.9490,0.9370,0.2879,-0.0020,0.2879,-0.0020,0.2879,-0.0020,0.2879,-0.0020
84,-,0.001,0.02,40,1000000,3.0482e-19,0,0.0232217,1.0000,-1.49787e-06,8.00353e-05,-0.00149787,-0.000517326,0.00435211,0.9410,0.9440,1.0000,-1.12425e-07,8.04547e-05,-0.000112425,-0.000956097,0.00522593,1.0000,3.22304e-07,8.03221e-05,0.000322304,-0.000334576,0.00433383,0.9410,0.9450,1.0000,3.22304e-07,8.03221e-05,0.000322304,-0.000334576,0.00433383,0.9410,0.9450,1.0000,3.22304e-07,8.03221e-05,0.000322304,-0.000334576,0.00433383,0.9410,0.9450,1.0000,3.22304e-07,8.03221e-05,0.000322304,-0.000334576,0.00433383,0.9410,0.9450,0.0417,0.0010,0.0417,0.0010,0.0417,0.0010,0.0417,0.0010
85,-,0.001,0.02,100,100000,5.16938e-09,5.16938e-07,0.367168,1.0000,-1.44552e-06,4.93416e-05,-0.00144552,-0.000392454,0.00295404,0.9600,0.9460,1.0000,1.425e-07,4.92046e-05,0.0001425,-0.000396971,0.00355513,1.0000,1.06727e-06,4.90151e-05,0.00106727,0.000925982,0.00311369,0.9610,0.9300,1.0000,1.06727e-06,4.90151e-05,0.00106727,0.000925982,0.00311369,0.9610,0.9300,1.0000,1.06727e-06,4.90151e-05,0.00106727,0.000925982,0.00311369,0.9610,0.9300,1.0000,1.06727e-06,4.90151e-05,0.00106727,0.000925982,0.00311369,0.9610,0.9300,0.4540,-0.0160,0.4540,-0.0160,0.4540,-0.0160,0.4540,-0.0160
86,-,0.001,0.02,100,1000000,3.0482e-19,0,0.0367168,1.0000,-1.91652e-06,5.1046e-05,-0.00191652,-5.48647e-05,0.00287853,0.9500,0.9470,1.0000,-4.0744e-07,5.07836e-05,-0.00040744,-0.000316553,0.00355221,1.0000,2.24343e-08,5.06728e-05,2.24343e-05,0.000137049,0.00286626,0.9500,0.9470,1.0000,2.24343e-08,5.06728e-05,2.24343e-05,0.000137049,0.00286626,0.9500,0.9470,1.0000,2.24343e-08,5.06728e-05,2.24343e-05,0.000137049,0.00286626,0.9500,0.9470,1.0000,2.24343e-08,5.06728e-05,2.24343e-05,0.000137049,0.00286626,0.9500,0.9470,0.0685,0.0000,0.0685,0.0000,0.0685,0.0000,0.0685,0.0000
87,-,0.001,0.12,20,100000,0.0061443,0.115971,0.0833588,1.0000,8.69431e-07,0.000323534,0.000869431,-0.00568844,0.034393,0.9450,0.9360,1.0000,-1.37505e-05,0.000333981,-0.0137505,-0.0300332,0.0480521,0.8890,4.35476e-06,0.000321367,0.00435476,-0.00592087,0.0322969,0.9460,0.9438,1.0000,4.80927e-06,0.000321944,0.00480927,-0.00585191,0.0324109,0.9480,0.9440,1.0000,2.02588e-05,0.000331348,0.0202588,0.000457805,0.0364495,0.9500,0.9270,1.0000,1.26793e-05,0.000325748,0.0126793,-0.00109941,0.0342395,0.9500,0.9340,0.1191,0.0079,-0.0047,0.0080,0.1778,-0.0090,0.1328,-0.0020
88,-,0.001,0.12,20,1000000,8.949e-05,0.00178828,0.00833588,1.0000,3.39258e-05,0.000350827,0.0339258,-0.00541096,0.0328045,0.9480,0.9360,1.0000,1.81349e-05,0.00035383,0.0181349,-0.0298165,0.0463665,0.9980,3.54293e-05,0.00035047,0.0354293,-0.00522074,0.0327945,0.9479,0.9349,1.0000,3.44727e-05,0.000350739,0.0344727,-0.00523882,0.0327728,0.9470,0.9350,1.0000,3.4848e-05,0.000350418,0.034848,-0.00507459,0.0329101,0.9480,0.9340,1.0000,3.47406e-05,0.000350487,0.0347406,-0.00510311,0.0328565,0.9480,0.9350,0.0088,-0.0010,0.0052,-0.0010,0.0102,-0.0020,0.0093,-0.0010
89,-,0.001,0.12,40,100000,0.0061443,0.218492,0.117887,1.0000,2.08606e-05,0.000246482,0.0208606,-0.000726841,0.0249754,0.9420,0.9360,1.0000,1.29472e-05,0.000258573,0.0129472,-0.0179873,0.0408451,0.7980,3.00763e-05,0.000246443,0.0300763,-0.000455316,0.0228705,0.9411,0.9486,1.0000,2.73061e-05,0.000245859,0.0273061,-0.000326308,0.0231944,0.9420,0.9450,1.0000,4.18021e-05,0.000254019,0.0418021,0.00567742,0.0271838,0.9460,0.9220,1.0000,3.53544e-05,0.00024932,0.0353544,0.00432275,0.0254224,0.9450,0.9300,0.1783,0.0038,0.0160,0.0090,0.2563,-0.0140,0.2021,-0.0060
90,-,0.001,0.12,40,1000000,8.949e-05,0.00357336,0.0117887,1.0000,9.98763e-06,0.000220876,0.00998763,-0.00176073,0.0228835,0.9600,0.9500,1.0000,3.09422e-06,0.000233794,0.00309422,-0.0188241,0.0408916,0.9990,1.12948e-05,0.000220698,0.0112948,-0.00143863,0.0228961,0.9600,0.9510,1.0000,1.09446e-05,0.000220848,0.0109446,-0.00144151,0.0228851,0.9600,0.9510,1.0000,1.10528e-05,0.000220708,0.0110528,-0.00139782,0.0229185,0.9600,0.9510,1.0000,1.10287e-05,0.000220735,0.0110287,-0.00140413,0.0229086,0.9600,0.9510,0.0147,0.0010,0.0135,0.0010,0.0153,0.0010,0.0150,0.0010
91,-,0.001,0.12,100,100000,0.0061443,0.460075,0.186396,1.0000,5.12364e-06,0.000152154,0.00512364,-0.00125986,0.015796,0.9410,0.9450,1.0000,3.2462e-06,0.000161663,0.0032462,-0.00990457,0.0332551,0.5480,1.63862e-05,0.000153437,0.0163862,-0.000463689,0.0148895,0.9325,0.9398,1.0000,1.23062e-05,0.000152236,0.0123062,-0.000994817,0.015123,0.9380,0.9440,1.0000,2.78455e-05,0.000157884,0.0278455,0.00561001,0.0177144,0.9370,0.9090,1.0000,2.19032e-05,0.000155161,0.0219032,0.00427938,0.016526,0.9390,0.9260,0.2902,0.0018,0.0169,-0.0010,0.4393,-0.0360,0.3542,-0.0190
92,-,0.001,0.12,100,1000000,8.949e-05,0.00890947,0.0186396,1.0000,7.41467e-06,0.000152879,0.00741467,-0.000586999,0.0154197,0.9360,0.9410,1.0000,1.661e-06,0.000160959,0.001661,-0.0111917,0.0308408,0.9870,9.08338e-06,0.000152972,0.00908338,-0.00030281,0.0154065,0.9362,0.9412,1.0000,8.56749e-06,0.000153009,0.00856749,-0.000298976,0.0154334,0.9370,0.9410,1.0000,9.44785e-06,0.000153153,0.00944785,-3.75987e-05,0.0155959,0.9370,0.9390,1.0000,9.3008e-06,0.000153088,0.0093008,-6.73218e-05,0.0155567,0.9370,0.9390,0.0304,-0.0010,0.0191,0.0000,0.0365,-0.0020,0.0345,-0.0020
93,-,0.001,0.24,20,100000,0.0873338,0.839217,0.5587,1.0000,5.06883e-05,0.000610981,0.0506883,-0.0119362,0.0639645,0.9340,0.9390,1.0000,-2.6098e-05,0.000594445,-0.026098,-0.092544,0.109994,0.1670,-2.23142e-05,0.000497806,-0.0223142,-0.0558684,0.0718623,0.9581,0.8503,1.0000,-6.74163e-06,0.000545799,-0.00674163,-0.0592423,0.074813,0.9140,0.8430,1.0000,0.000107824,0.000645812,0.107824,0.0021993,0.0639549,0.9480,0.9340,1.0000,-4.07928e-05,0.000523037,-0.0407928,-0.0269522,0.0547989,0.9320,0.9450,0.0320,0.0060,-0.7441,-0.0960,0.2224,-0.0050,-0.2362,0.0060
94,-,0.001,0.24,20,1000000,0.0146709,0.255908,0.05587,1.0000,6.30286e-05,0.000605707,0.0630286,-0.0101763,0.0572239,0.9410,0.9510,1.0000,9.8688e-06,0.000690287,0.0098688,-0.091918,0.109924,0.7460,5.34858e-05,0.000594771,0.0534858,-0.0212684,0.0566358,0.9330,0.9437,1.0000,2.03548e-05,0.000575176,0.0203548,-0.0237907,0.0569829,0.9350,0.9420,1.0000,7.67024e-05,0.000607987,0.0767024,-0.00655426,0.0576926,0.9440,0.9450,1.0000,4.60517e-05,0.000584082,0.0460517,-0.0116599,0.054358,0.9420,0.9530,0.0067,0.0013,-0.2349,-0.0090,0.0625,-0.0060,-0.0256,0.0020
95,-,0.001,0.24,40,100000,0.0873338,0.974149,0.790121,1.0000,2.79306e-05,0.000423003,0.0279306,-0.00530478,0.0471746,0.9350,0.9440,1.0000,-2.09353e-05,0.000448146,-0.0209353,-0.0683483,0.092913,0.0270,4.18302e-06,0.000317761,0.00418302,-0.0429284,0.0529494,0.9259,0.7778,1.0000,-2.34112e-05,0.000384807,-0.0234112,-0.0546312,0.064538,0.9090,0.7520,1.0000,8.76478e-05,0.000451204,0.0876478,0.00960382,0.0480838,0.9460,0.9320,1.0000,-5.69386e-05,0.000373365,-0.0569386,-0.0205237,0.0410618,0.9320,0.9380,0.0033,-0.0370,-1.0773,-0.1920,0.3256,-0.0120,-0.3324,-0.0060
96,-,0.001,0.24,40,1000000,0.0146709,0.446327,0.0790121,1.0000,3.63544e-05,0.000408606,0.0363544,-0.00672876,0.0416016,0.9470,0.9490,1.0000,-6.22858e-06,0.000438809,-0.00622858,-0.0683433,0.0902615,0.5800,-1.31933e-05,0.000372008,-0.0131933,-0.0209687,0.0414175,0.9379,0.9397,1.0000,-3.11938e-06,0.000384052,-0.00311938,-0.0194959,0.0409416,0.9380,0.9450,1.0000,5.23228e-05,0.000416309,0.0523228,-0.0029512,0.0420522,0.9460,0.9450,1.0000,2.4587e-05,0.000396389,0.024587,-0.00765178,0.0392679,0.9440,0.9560,0.0163,0.0017,-0.3086,-0.0040,0.0913,-0.0040,-0.0223,0.0070
97,-,0.001,0.24,100,100000,0.0873338,0.999893,1.24929,1.0000,2.74822e-05,0.000264653,0.0274822,-0.000427433,0.0295548,0.9440,0.9520,1.0000,2.06157e-05,0.000317036,0.0206157,-0.0363475,0.0733874,0.0000,nan,nan,nan,nan,nan,nan,nan,1.0000,-1.74536e-05,0.000240312,-0.0174536,-0.0479178,0.0528993,0.9170,0.5540,1.0000,8.43053e-05,0.00028247,0.0843053,0.0137259,0.0324369,0.9530,0.9210,1.0000,-5.00686e-05,0.000238138,-0.0500686,-0.0151409,0.0270072,0.9290,0.9360,nan,nan,-1.6288,-0.3980,0.4854,-0.0310,-0.5046,-0.0160
98,-,0.001,0.24,100,1000000,0.0146709,0.771896,0.124929,1.0000,1.17221e-05,0.000246217,0.0117221,-0.00144871,0.0269238,0.9540,0.9530,1.0000,-6.02502e-06,0.000284792,-0.00602502,-0.0401145,0.071915,0.2270,-3.56901e-05,0.000217522,-0.0356901,-0.0157494,0.0289543,0.9515,0.9207,1.0000,-2.7162e-05,0.000229505,-0.027162,-0.0148506,0.0276423,0.9480,0.9350,1.0000,2.90824e-05,0.000250003,0.0290824,0.00273068,0.027486,0.9530,0.9360,1.0000,2.1646e-06,0.000236181,0.0021646,-0.00214046,0.025117,0.9560,0.9560,0.0305,0.0000,-0.5039,-0.0180,0.1571,-0.0170,-0.0260,0.0030
99,-,0.01,0.02,20,100000,1.24021e-24,0,0.0239123,1.0000,-1.2424e-05,0.000877406,-0.0012424,-0.000930618,0.00617095,0.9460,0.9460,1.0000,2.056e-06,0.000875037,0.0002056,-0.00111884,0.00679,1.0000,2.91226e-06,0.000874637,0.000291226,-0.000651142,0.00613434,0.9460,0.9460,1.0000,2.91226e-06,0.000874637,0.000291226,-0.000651142,0.00613434,0.9460,0.9460,1.0000,2.91226e-06,0.000874637,0.000291226,-0.000651142,0.00613434,0.9460,0.9460,1.0000,2.91226e-06,0.000874637,0.000291226,-0.000651142,0.00613434,0.9460,0.9460,0.0450,0.0000,0.0450,0.0000,0.0450,0.0000,0.0450,0.0000
100,-,0.01,0.02,20,1000000,1.63068e-43,0,0.00239123,1.0000,-3.78667e-05,0.000851214,-0.00378667,-0.00124796,0.00630027,0.9480,0.9430,1.0000,-2.64604e-05,0.000849414,-0.00264604,-0.00147309,0.00697168,1.0000,-2.58251e-05,0.000847824,-0.00258251,-0.00112803,0.00626752,0.9480,0.9430,1.0000,-2.58251e-05,0.000847824,-0.00258251,-0.00112803,0.00626752,0.9480,0.9430,1.0000,-2.58251e-05,0.000847824,-0.00258251,-0.00112803,0.00626752,0.9480,0.9430,1.0000,-2.58251e-05,0.000847824,-0.00258251,-0.00112803,0.00626752,0.9480,0.9430,0.0197,0.0000,0.0197,0.0000,0.0197,0.0000,0.0197,0.0000
101,-,0.01,0.02,40,100000,1.24021e-24,0,0.0338171,1.0000,-3.78131e-05,0.00062278,-0.00378131,-0.000630007,0.00451612,0.9480,0.9360,1.0000,-2.35678e-05,0.000622037,-0.00235678,-0.000640105,0.0050656,1.0000,-2.32348e-05,0.000621875,-0.00232348,-0.000356774,0.00447564,0.9480,0.9380,1.0000,-2.32348e-05,0.000621875,-0.00232348,-0.000356774,0.00447564,0.9480,0.9380,1.0000,-2.32348e-05,0.000621875,-0.00232348,-0.000356774,0.00447564,0.9480,0.9380,1.0000,-2.32348e-05,0.000621875,-0.00232348,-0.000356774,0.00447564,0.9480,0.9380,0.0625,0.0020,0.0625,0.0020,0.0625,0.0020,0.0625,0.0020
102,-,0.01,0.02,40,1000000,1.63068e-43,0,0.00338171,1.0000,-1.69694e-05,0.000619865,-0.00169694,-0.000487163,0.00438268,0.9460,0.9430,1.0000,-3.10085e-06,0.000619977,-0.000310085,-0.000587854,0.00494088,1.0000,-2.69877e-06,0.000619391,-0.000269877,-0.00037032,0.00435103,0.9460,0.9430,1.0000,-2.69877e-06,0.000619391,-0.000269877,-0.00037032,0.00435103,0.9460,0.9430,1.0000,-2.69877e-06,0.000619391,-0.000269877,-0.00037032,0.00435103,0.9460,0.9430,1.0000,-2.69877e-06,0.000619391,-0.000269877,-0.00037032,0.00435103,0.9460,0.9430,0.0267,0.0000,0.0267,0.0000,0.0267,0.0000,0.0267,0.0000
103,-,0.01,0.02,100,100000,1.24021e-24,0,0.0534695,1.0000,-2.17515e-05,0.000405769,-0.00217515,-0.000405553,0.00274948,0.9440,0.9510,1.0000,-6.1365e-06,0.000402767,-0.00061365,-0.00035039,0.00319309,1.0000,-5.44457e-06,0.00040244,-0.000544457,-0.000111157,0.0027097,0.9440,0.9540,1.0000,-5.44457e-06,0.00040244,-0.000544457,-0.000111157,0.0027097,0.9440,0.9540,1.0000,-5.44457e-06,0.00040244,-0.000544457,-0.000111157,0.0027097,0.9440,0.9540,1.0000,-5.44457e-06,0.00040244,-0.000544457,-0.000111157,0.0027097,0.9440,0.9540,0.1068,0.0030,0.1068,0.0030,0.1068,0.0030,0.1068,0.0030
104,-,0.01,0.02,100,1000000,1.63068e-43,0,0.00534695,1.0000,-1.43604e-05,0.000384207,-0.00143604,-0.000372114,0.00282591,0.9560,0.9440,1.0000,2.62037e-06,0.000379134,0.000262037,-0.000242708,0.0032627,1.0000,2.15946e-06,0.000379048,0.000215946,-0.000226584,0.0028013,0.9560,0.9440,1.0000,2.15946e-06,0.000379048,0.000215946,-0.000226584,0.0028013,0.9560,0.9440,1.0000,2.15946e-06,0.000379048,0.000215946,-0.000226584,0.0028013,0.9560,0.9440,1.0000,2.15946e-06,0.000379048,0.000215946,-0.000226584,0.0028013,0.9560,0.9440,0.0531,0.0000,0.0531,0.0000,0.0531,0.0000,0.0531,0.0000
105,-,0.01,0.12,20,100000,3.45171e-06,6.90319e-05,0.00701492,1.0000,4.11369e-05,0.00248109,0.00411369,-0.00656132,0.0331198,0.9350,0.9350,1.0000,2.4456e-05,0.00252524,0.0024456,-0.0181424,0.0442602,0.9990,5.28986e-05,0.00248218,0.00528986,-0.00641753,0.0328949,0.9349,0.9379,1.0000,5.1685e-05,0.00248121,0.0051685,-0.00638897,0.0328859,0.9350,0.9380,1.0000,5.39013e-05,0.00248117,0.00539013,-0.00626981,0.0331807,0.9350,0.9370,1.0000,5.3312e-05,0.00248098,0.0053312,-0.00628811,0.0331078,0.9350,0.9370,0.0081,0.0020,0.0053,0.0030,0.0089,0.0020,0.0084,0.0020
106,-,0.01,0.12,20,1000000,3.42168e-09,6.84337e-08,0.000701492,1.0000,1.81905e-05,0.00237354,0.00181905,-0.00699101,0.0318515,0.9370,0.9500,1.0000,-6.7356e-06,0.00239978,-0.00067356,-0.0193547,0.0451953,1.0000,2.43896e-05,0.00237426,0.00243896,-0.00712265,0.0317972,0.9370,0.9500,1.0000,2.43896e-05,0.00237426,0.00243896,-0.00712265,0.0317972,0.9370,0.9500,1.0000,2.43896e-05,0.00237426,0.00243896,-0.00712265,0.0317972,0.9370,0.9500,1.0000,2.43896e-05,0.00237426,0.00243896,-0.00712265,0.0317972,0.9370,0.9500,-0.0041,0.0000,-0.0041,0.0000,-0.0041,0.0000,-0.0041,0.0000
107,-,0.01,0.12,40,100000,3.45171e-06,0.000138059,0.0099206,1.0000,1.39379e-05,0.00174903,0.00139379,-0.00285793,0.0243943,0.9430,0.9480,1.0000,1.69162e-05,0.0017753,0.00169162,-0.00947771,0.0379558,1.0000,2.56749e-05,0.00174999,0.00256749,-0.00258946,0.0243447,0.9430,0.9470,1.0000,2.56749e-05,0.00174999,0.00256749,-0.00258946,0.0243447,0.9430,0.9470,1.0000,2.56749e-05,0.00174999,0.00256749,-0.00258946,0.0243447,0.9430,0.9470,1.0000,2.56749e-05,0.00174999,0.00256749,-0.00258946,0.0243447,0.9430,0.9470,0.0114,-0.0010,0.0114,-0.0010,0.0114,-0.0010,0.0114,-0.0010
108,-,0.01,0.12,40,1000000,3.42168e-09,1.36867e-07,0.00099206,1.0000,5.3681e-05,0.00170001,0.0053681,-0.00244316,0.0232784,0.9490,0.9480,1.0000,5.16116e-05,0.00174694,0.00516116,-0.0101209,0.0361969,1.0000,6.03935e-05,0.00169975,0.00603935,-0.00258576,0.0232238,0.9490,0.9480,1.0000,6.03935e-05,0.00169975,0.00603935,-0.00258576,0.0232238,0.9490,0.9480,1.0000,6.03935e-05,0.00169975,0.00603935,-0.00258576,0.0232238,0.9490,0.9480,1.0000,6.03935e-05,0.00169975,0.00603935,-0.00258576,0.0232238,0.9490,0.9480,-0.0061,0.0000,-0.0061,0.0000,-0.0061,0.0000,-0.0061,0.0000
109,-,0.01,0.12,100,100000,3.45171e-06,0.000345112,0.0156858,1.0000,-8.30484e-06,0.00105065,-0.000830484,-0.00126962,0.0153052,0.9550,0.9430,1.0000,-1.52075e-05,0.00107682,-0.00152075,-0.00557473,0.0254842,0.9990,1.72858e-06,0.00105059,0.000172858,-0.00101434,0.0152963,0.9550,0.9379,1.0000,2.67048e-06,0.00105049,0.000267048,-0.00101251,0.0152887,0.9550,0.9380,1.0000,3.28665e-06,0.00105123,0.000328665,-0.000982233,0.0153202,0.9550,0.9380,1.0000,3.21033e-06,0.00105112,0.000321033,-0.000984707,0.0153154,0.9550,0.9380,0.0186,-0.0050,0.0172,-0.0050,0.0193,-0.0050,0.0191,-0.0050
110,-,0.01,0.12,100,1000000,3.42168e-09,3.42168e-07,0.00156858,1.0000,3.35988e-05,0.00105781,0.00335988,-0.0011428,0.0156386,0.9440,0.9380,1.0000,3.70785e-05,0.00107824,0.00370785,-0.00440835,0.0271424,1.0000,4.02615e-05,0.0010562,0.00402615,-0.00128574,0.0156046,0.9440,0.9380,1.0000,4.02615e-05,0.0010562,0.00402615,-0.00128574,0.0156046,0.9440,0.9380,1.0000,4.02615e-05,0.0010562,0.00402615,-0.00128574,0.0156046,0.9440,0.9380,1.0000,4.02615e-05,0.0010562,0.00402615,-0.00128574,0.0156046,0.9440,0.9380,-0.0096,0.0000,-0.0096,0.0000,-0.0096,0.0000,-0.0096,0.0000
111,-,0.01,0.24,20,100000,0.00244644,0.0478082,0.0136892,1.0000,7.91796e-05,0.00397362,0.00791796,-0.0137656,0.0576641,0.9230,0.9430,1.0000,-4.53455e-05,0.00410389,-0.00453455,-0.0581869,0.0934584,0.9570,7.71921e-05,0.00397821,0.00771921,-0.0163058,0.0567574,0.9216,0.9436,1.0000,3.55064e-05,0.0039504,0.00355064,-0.0163744,0.0565024,0.9240,0.9450,1.0000,0.000102369,0.00396286,0.0102369,-0.0125279,0.0580938,0.9250,0.9400,1.0000,7.43399e-05,0.00395254,0.00743399,-0.013376,0.0571474,0.9250,0.9430,0.0086,0.0000,-0.0466,0.0020,0.0221,-0.0030,0.0070,0.0000
112,-,0.01,0.24,20,1000000,0.000126248,0.00252193,0.00136892,1.0000,0.000206016,0.00391682,0.0206016,-0.0111728,0.0603288,0.9340,0.9290,1.0000,9.08874e-05,0.00407246,0.00908874,-0.0549488,0.0956788,0.9990,0.000189167,0.00390398,0.0189167,-0.0117863,0.0601317,0.9339,0.9289,1.0000,0.000188342,0.00390208,0.0188342,-0.0117813,0.060102,0.9340,0.9290,1.0000,0.000191596,0.00390291,0.0191596,-0.0116503,0.0602299,0.9340,0.9280,1.0000,0.000190677,0.0039024,0.0190677,-0.0116723,0.0601886,0.9340,0.9290,-0.0089,0.0000,-0.0109,0.0000,-0.0086,-0.0010,-0.0090,0.0000
113,-,0.01,0.24,40,100000,0.00244644,0.0933307,0.0193595,1.0000,5.51185e-05,0.0026686,0.00551185,-0.00532867,0.0410633,0.9560,0.9420,1.0000,-3.39453e-05,0.00277517,-0.00339453,-0.0355407,0.0774765,0.9140,-3.99519e-05,0.00262456,-0.00399519,-0.00832289,0.0394928,0.9551,0.9497,1.0000,2.07266e-05,0.00263719,0.00207266,-0.00777033,0.0395337,0.9570,0.9490,1.0000,0.00010202,0.00268848,0.010202,-0.00353461,0.0416997,0.9580,0.9390,1.0000,7.21878e-05,0.00266403,0.00721878,-0.00438569,0.0407287,0.9580,0.9410,0.0228,-0.0011,-0.0600,0.0070,0.0441,-0.0030,0.0232,-0.0010
114,-,0.01,0.24,40,1000000,0.000126248,0.0050375,0.00193595,1.0000,5.45926e-05,0.00270604,0.00545926,-0.00590541,0.0414509,0.9410,0.9320,1.0000,-3.79275e-05,0.00279727,-0.00379275,-0.0373883,0.0768747,0.9920,2.29281e-05,0.00268769,0.00229281,-0.00675081,0.0412578,0.9405,0.9294,1.0000,3.00009e-05,0.00268316,0.00300009,-0.00683522,0.0411798,0.9410,0.9300,1.0000,4.58334e-05,0.00269552,0.00458334,-0.00622444,0.0414743,0.9410,0.9290,1.0000,4.26134e-05,0.00269192,0.00426134,-0.00630404,0.0413689,0.9410,0.9290,-0.0105,-0.0030,-0.0232,-0.0020,-0.0079,-0.0030,-0.0099,-0.0030
115,-,0.01,0.24,100,100000,0.00244644,0.217251,0.03061,1.0000,-5.40889e-05,0.00166951,-0.00540889,-0.00393994,0.0268639,0.9520,0.9390,1.0000,-0.000114737,0.00176243,-0.0114737,-0.0211862,0.0585461,0.7790,-9.51449e-05,0.00164517,-0.00951449,-0.00647827,0.0260873,0.9525,0.9435,1.0000,-8.63315e-05,0.0016577,-0.00863315,-0.00660429,0.0265472,0.9500,0.9430,1.0000,-1.70645e-06,0.00167638,-0.000170645,-0.00189171,0.0270666,0.9520,0.9330,1.0000,-2.88204e-05,0.00166598,-0.00288204,-0.00275454,0.0265615,0.9500,0.9340,0.0374,0.0000,-0.1031,0.0040,0.0792,-0.0060,0.0458,-0.0050
116,-,0.01,0.24,100,1000000,0.000126248,0.0125462,0.003061,1.0000,0.000130204,0.00171911,0.0130204,-0.000879519,0.0254868,0.9410,0.9590,1.0000,0.000109304,0.00181399,0.0109304,-0.0144492,0.0588328,0.9880,0.000115527,0.00172266,0.0115527,-0.001608,0.0253189,0.9403,0.9595,1.0000,0.000113913,0.00171601,0.0113913,-0.00158043,0.02531,0.9410,0.9600,1.0000,0.000122075,0.00171789,0.0122075,-0.00123024,0.025496,0.9410,0.9570,1.0000,0.000120526,0.00171725,0.0120526,-0.00127493,0.025445,0.9410,0.9570,-0.0162,-0.0010,-0.0272,0.0010,-0.0136,-0.0020,-0.0153,-0.0020
117,-,0.05,0.02,20,100000,2.70141e-49,0,0.00728353,1.0000,-0.000127902,0.00337349,-0.00255804,-0.000956692,0.00605042,0.9360,0.9450,1.0000,-0.000155573,0.00334857,-0.00311146,-0.000988848,0.00645231,1.0000,-0.000155222,0.00334804,-0.00310445,-0.000786792,0.00605944,0.9360,0.9460,1.0000,-0.000155222,0.00334804,-0.00310445,-0.000786792,0.00605944,0.9360,0.9460,1.0000,-0.000155222,0.00334804,-0.00310445,-0.000786792,0.00605944,0.9360,0.9460,1.0000,-0.000155222,0.00334804,-0.00310445,-0.000786792,0.00605944,0.9360,0.9460,0.0275,0.0010,0.0275,0.0010,0.0275,0.0010,0.0275,0.0010
118,-,0.05,0.02,20,1000000,4.95044e-195,0,0.000728353,1.0000,4.47803e-06,0.00343884,8.95607e-05,-0.00103767,0.00633546,0.9420,0.9300,1.0000,-1.69964e-05,0.00335648,-0.000339928,-0.0011433,0.0065803,1.0000,-1.60084e-05,0.00335825,-0.000320168,-0.000912187,0.00633149,0.9420,0.9300,1.0000,-1.60084e-05,0.00335825,-0.000320168,-0.000912187,0.00633149,0.9420,0.9300,1.0000,-1.60084e-05,0.00335825,-0.000320168,-0.000912187,0.00633149,0.9420,0.9300,1.0000,-1.60084e-05,0.00335825,-0.000320168,-0.000912187,0.00633149,0.9420,0.9300,0.0204,0.0000,0.0204,0.0000,0.0204,0.0000,0.0204,0.0000
119,-,0.05,0.02,40,100000,2.70141e-49,0,0.0103005,1.0000,2.56408e-05,0.00238882,0.000512817,-0.000576242,0.00441222,0.9490,0.9450,1.0000,1.61855e-05,0.00232766,0.00032371,-0.000610277,0.0045926,1.0000,1.73634e-05,0.00232786,0.000347269,-0.000417549,0.00438278,0.9490,0.9450,1.0000,1.73634e-05,0.00232786,0.000347269,-0.000417549,0.00438278,0.9490,0.9450,1.0000,1.73634e-05,0.00232786,0.000347269,-0.000417549,0.00438278,0.9490,0.9450,1.0000,1.73634e-05,0.00232786,0.000347269,-0.000417549,0.00438278,0.9490,0.9450,0.0364,0.0000,0.0364,0.0000,0.0364,0.0000,0.0364,0.0000
120,-,0.05,0.02,40,1000000,4.95044e-195,0,0.00103005,1.0000,2.40666e-05,0.00232898,0.000481332,-0.000706048,0.00433591,0.9530,0.9490,1.0000,1.39078e-05,0.00226748,0.000278155,-0.000654939,0.00455248,1.0000,1.34168e-05,0.00226853,0.000268336,-0.000598414,0.00431911,0.9530,0.9490,1.0000,1.34168e-05,0.00226853,0.000268336,-0.000598414,0.00431911,0.9530,0.9490,1.0000,1.34168e-05,0.00226853,0.000268336,-0.000598414,0.00431911,0.9530,0.9490,1.0000,1.34168e-05,0.00226853,0.000268336,-0.000598414,0.00431911,0.9530,0.9490,0.0249,0.0000,0.0249,0.0000,0.0249,0.0000,0.0249,0.0000
121,-,0.05,0.02,100,100000,2.70141e-49,0,0.0162865,1.0000,-6.78489e-05,0.00151796,-0.00135698,-0.00027395,0.0027637,0.9520,0.9510,1.0000,-6.2589e-06,0.00148149,-0.000125178,-0.000152629,0.002976,1.0000,-6.91525e-06,0.00148119,-0.000138305,-0.000118004,0.00275179,0.9520,0.9520,1.0000,-6.91525e-06,0.00148119,-0.000138305,-0.000118004,0.00275179,0.9520,0.9520,1.0000,-6.91525e-06,0.00148119,-0.000138305,-0.000118004,0.00275179,0.9520,0.9520,1.0000,-6.91525e-06,0.00148119,-0.000138305,-0.000118004,0.00275179,0.9520,0.9520,0.0565,0.0010,0.0565,0.0010,0.0565,0.0010,0.0565,0.0010
122,-,0.05,0.02,100,1000000,4.95044e-195,0,0.00162865,1.0000,-0.000101228,0.00150219,-0.00202456,-0.000203827,0.00277696,0.9530,0.9490,1.0000,-6.38278e-05,0.00145382,-0.00127656,-0.000232194,0.00293058,1.0000,-6.25343e-05,0.00145452,-0.00125069,-0.000121154,0.00276318,0.9530,0.9490,1.0000,-6.25343e-05,0.00145452,-0.00125069,-0.000121154,0.00276318,0.9530,0.9490,1.0000,-6.25343e-05,0.00145452,-0.00125069,-0.000121154,0.00276318,0.9530,0.9490,1.0000,-6.25343e-05,0.00145452,-0.00125069,-0.000121154,0.00276318,0.9530,0.9490,0.0299,0.0000,0.0299,0.0000,0.0299,0.0000,0.0299,0.0000
123,-,0.05,0.12,20,100000,1.32893e-10,2.65787e-09,0.00152394,1.0000,0.000237777,0.00871265,0.00475555,-0.00591417,0.0329246,0.9300,0.9360,1.0000,0.000315429,0.00875414,0.00630858,-0.0110046,0.0401957,1.0000,0.000302553,0.00872181,0.00605107,-0.0059158,0.032828,0.9300,0.9360,1.0000,0.000302553,0.00872181,0.00605107,-0.0059158,0.032828,0.9300,0.9360,1.0000,0.000302553,0.00872181,0.00605107,-0.0059158,0.032828,0.9300,0.9360,1.0000,0.000302553,0.00872181,0.00605107,-0.0059158,0.032828,0.9300,0.9360,-0.0000,0.0000,-0.0000,0.0000,-0.0000,0.0000,-0.0000,0.0000
124,-,0.05,0.12,20,1000000,9.5302e-15,1.90958e-13,0.000152394,1.0000,-7.18687e-05,0.00884312,-0.00143737,-0.00660383,0.0318667,0.9350,0.9500,1.0000,-1.81992e-05,0.00885152,-0.000363984,-0.0119699,0.0403203,1.0000,-5.20083e-06,0.00885014,-0.000104017,-0.00665593,0.0317747,0.9350,0.9500,1.0000,-5.20083e-06,0.00885014,-0.000104017,-0.00665593,0.0317747,0.9350,0.9500,1.0000,-5.20083e-06,0.00885014,-0.000104017,-0.00665593,0.0317747,0.9350,0.9500,1.0000,-5.20083e-06,0.00885014,-0.000104017,-0.00665593,0.0317747,0.9350,0.9500,-0.0016,0.0000,-0.0016,0.0000,-0.0016,0.0000,-0.0016,0.0000
125,-,0.05,0.12,40,100000,1.32893e-10,5.31573e-09,0.00215518,1.0000,5.4754e-05,0.00620648,0.00109508,-0.00399212,0.0233041,0.9440,0.9540,1.0000,9.9189e-05,0.00623783,0.00198378,-0.00764629,0.031277,1.0000,0.000124344,0.00620986,0.00248687,-0.00397719,0.023227,0.9440,0.9540,1.0000,0.000124344,0.00620986,0.00248687,-0.00397719,0.023227,0.9440,0.9540,1.0000,0.000124344,0.00620986,0.00248687,-0.00397719,0.023227,0.9440,0.9540,1.0000,0.000124344,0.00620986,0.00248687,-0.00397719,0.023227,0.9440,0.9540,0.0006,0.0000,0.0006,0.0000,0.0006,0.0000,0.0006,0.0000
126,-,0.05,0.12,40,1000000,9.5302e-15,3.81917e-13,0.000215518,1.0000,-0.000126723,0.00605603,-0.00253445,-0.00265889,0.0239502,0.9430,0.9410,1.0000,-3.7408e-05,0.00607748,-0.00074816,-0.00492963,0.0313125,1.0000,-5.49523e-05,0.00606123,-0.00109905,-0.0027154,0.0238813,0.9430,0.9410,1.0000,-5.49523e-05,0.00606123,-0.00109905,-0.0027154,0.0238813,0.9430,0.9410,1.0000,-5.49523e-05,0.00606123,-0.00109905,-0.0027154,0.0238813,0.9430,0.9410,1.0000,-5.49523e-05,0.00606123,-0.00109905,-0.0027154,0.0238813,0.9430,0.9410,-0.0024,0.0000,-0.0024,0.0000,-0.0024,0.0000,-0.0024,0.0000
127,-,0.05,0.12,100,100000,1.32893e-10,1.32893e-08,0.00340764,1.0000,-0.000170502,0.00368866,-0.00341003,-0.000436209,0.0145926,0.9590,0.9620,1.0000,-0.000100929,0.00371064,-0.00201858,-0.00182357,0.0196487,1.0000,-9.95573e-05,0.00368915,-0.00199115,-0.000427806,0.0145366,0.9590,0.9630,1.0000,-9.95573e-05,0.00368915,-0.00199115,-0.000427806,0.0145366,0.9590,0.9630,1.0000,-9.95573e-05,0.00368915,-0.00199115,-0.000427806,0.0145366,0.9590,0.9630,1.0000,-9.95573e-05,0.00368915,-0.00199115,-0.000427806,0.0145366,0.9590,0.9630,0.0006,0.0010,0.0006,0.0010,0.0006,0.0010,0.0006,0.0010
128,-,0.05,0.12,100,1000000,9.5302e-15,9.54792e-13,0.000340764,1.0000,0.000264248,0.00380119,0.00528496,-0.000108658,0.0153569,0.9520,0.9480,1.0000,0.000322223,0.00381626,0.00644446,-0.00156569,0.0207785,1.0000,0.000326477,0.00380939,0.00652953,-0.000189158,0.015313,0.9520,0.9480,1.0000,0.000326477,0.00380939,0.00652953,-0.000189158,0.015313,0.9520,0.9480,1.0000,0.000326477,0.00380939,0.00652953,-0.000189158,0.015313,0.9520,0.9480,1.0000,0.000326477,0.00380939,0.00652953,-0.000189158,0.015313,0.9520,0.9480,-0.0054,0.0000,-0.0054,0.0000,-0.0054,0.0000,-0.0054,0.0000
129,-,0.05,0.24,20,100000,1.81761e-05,0.000363458,0.00137309,1.0000,4.4179e-05,0.012864,0.000883579,-0.0116592,0.0576676,0.9350,0.9350,1.0000,0.000133261,0.0130987,0.00266522,-0.0278901,0.0829914,1.0000,5.96477e-05,0.0128645,0.00119295,-0.0119226,0.0576211,0.9350,0.9350,1.0000,5.96477e-05,0.0128645,0.00119295,-0.0119226,0.0576211,0.9350,0.9350,1.0000,5.96477e-05,0.0128645,0.00119295,-0.0119226,0.0576211,0.9350,0.9350,1.0000,5.96477e-05,0.0128645,0.00119295,-0.0119226,0.0576211,0.9350,0.9350,-0.0047,0.0000,-0.0047,0.0000,-0.0047,0.0000,-0.0047,0.0000
130,-,0.05,0.24,20,1000000,2.98948e-07,5.97894e-06,0.000137309,1.0000,0.000121628,0.0130328,0.00243256,-0.01115,0.0570034,0.9390,0.9450,1.0000,7.66951e-05,0.0132707,0.0015339,-0.0316527,0.083554,1.0000,0.000131043,0.01303,0.00262086,-0.0115763,0.0569232,0.9390,0.9450,1.0000,0.000131043,0.01303,0.00262086,-0.0115763,0.0569232,0.9390,0.9450,1.0000,0.000131043,0.01303,0.00262086,-0.0115763,0.0569232,0.9390,0.9450,1.0000,0.000131043,0.01303,0.00262086,-0.0115763,0.0569232,0.9390,0.9450,-0.0077,0.0000,-0.0077,0.0000,-0.0077,0.0000,-0.0077,0.0000
131,-,0.05,0.24,40,100000,1.81761e-05,0.000726785,0.00194185,1.0000,0.000210775,0.00934516,0.0042155,-0.00413958,0.0400081,0.9400,0.9440,1.0000,0.000335151,0.0094666,0.00670302,-0.00886102,0.0654794,1.0000,0.0002249,0.00934389,0.004498,-0.00440292,0.0399689,0.9400,0.9440,1.0000,0.0002249,0.00934389,0.004498,-0.00440292,0.0399689,0.9400,0.9440,1.0000,0.0002249,0.00934389,0.004498,-0.00440292,0.0399689,0.9400,0.9440,1.0000,0.0002249,0.00934389,0.004498,-0.00440292,0.0399689,0.9400,0.9440,-0.0065,0.0000,-0.0065,0.0000,-0.0065,0.0000,-0.0065,0.0000
132,-,0.05,0.24,40,1000000,2.98948e-07,1.19578e-05,0.000194185,1.0000,-1.87327e-05,0.00878847,-0.000374654,-0.00755157,0.0405474,0.9470,0.9470,1.0000,-3.04439e-05,0.00888006,-0.000608878,-0.0183585,0.0630459,1.0000,-8.1287e-06,0.00878525,-0.000162574,-0.00798679,0.0405122,0.9470,0.9470,1.0000,-8.1287e-06,0.00878525,-0.000162574,-0.00798679,0.0405122,0.9470,0.9470,1.0000,-8.1287e-06,0.00878525,-0.000162574,-0.00798679,0.0405122,0.9470,0.9470,1.0000,-8.1287e-06,0.00878525,-0.000162574,-0.00798679,0.0405122,0.9470,0.9470,-0.0109,0.0000,-0.0109,0.0000,-0.0109,0.0000,-0.0109,0.0000
133,-,0.05,0.24,100,100000,1.81761e-05,0.00181597,0.00307033,1.0000,-4.66882e-05,0.00569312,-0.000933764,-0.00239442,0.0258169,0.9480,0.9510,1.0000,-5.07576e-05,0.00577824,-0.00101515,-0.00706657,0.0441107,0.9960,-3.78215e-05,0.00569654,-0.000756431,-0.00278237,0.0257518,0.9478,0.9478,1.0000,-3.71268e-05,0.00569128,-0.000742535,-0.00276079,0.0257145,0.9480,0.9480,1.0000,-2.96753e-05,0.005693,-0.000593506,-0.00261356,0.025832,0.9480,0.9470,1.0000,-3.101e-05,0.00569252,-0.0006202,-0.00262896,0.0258094,0.9480,0.9470,-0.0097,-0.0030,-0.0143,-0.0030,-0.0085,-0.0040,-0.0091,-0.0040
134,-,0.05,0.24,100,1000000,2.98948e-07,2.98943e-05,0.000307033,1.0000,-0.00013658,0.00564859,-0.00273161,-0.00325954,0.0253884,0.9620,0.9490,1.0000,-0.000130409,0.00569675,-0.00260819,-0.0087523,0.0423333,1.0000,-0.000130216,0.00564781,-0.00260433,-0.00371123,0.0253733,0.9620,0.9480,1.0000,-0.000130216,0.00564781,-0.00260433,-0.00371123,0.0253733,0.9620,0.9480,1.0000,-0.000130216,0.00564781,-0.00260433,-0.00371123,0.0253733,0.9620,0.9480,1.0000,-0.000130216,0.00564781,-0.00260433,-0.00371123,0.0253733,0.9620,0.9480,-0.0177,-0.0010,-0.0177,-0.0010,-0.0177,-0.0010,-0.0177,-0.0010
