scenario,group,param,method,coverage,in_band,width_ratio_to_profile,k_a
0,A,pd,profile,0.9830,0,1.0000,0.7892
0,A,pd,jeffreys,0.9450,1,0.7934,0.7892
0,A,pd,pct,0.9770,0,0.7530,0.7892
0,A,pd,stud,0.2500,0,0.6731,0.7892
0,A,pd,s4a,0.9630,1,0.8508,0.7892
0,A,pd,s4b,0.9680,1,0.9080,0.7892
0,A,rho,profile,0.9950,0,1.0000,0.1801
0,A,rho,jeffreys,0.9810,0,0.6746,0.1801
0,A,rho,pct,1.0000,0,1.0000,0.1801
0,A,rho,stud,0.0560,0,11.1413,0.1801
0,A,rho,s4a,0.9550,1,0.8163,0.1801
0,A,rho,s4b,0.9950,0,1.0000,0.1801
1,A,pd,profile,0.9630,1,1.0000,0.9650
1,A,pd,jeffreys,0.9700,1,1.1093,0.9650
1,A,pd,pct,0.9260,0,0.9726,0.9650
1,A,pd,stud,0.9340,1,0.8940,0.9650
1,A,pd,s4a,0.9630,1,0.9820,0.9650
1,A,pd,s4b,0.9460,1,0.9503,0.9650
1,A,rho,profile,0.9910,0,1.0000,0.7013
1,A,rho,jeffreys,0.9810,0,0.8849,0.7013
1,A,rho,pct,1.0000,0,0.9345,0.7013
1,A,rho,stud,0.5070,0,2.7857,0.7013
1,A,rho,s4a,0.9710,1,0.9263,0.7013
1,A,rho,s4b,0.9920,0,0.9622,0.7013
2,A,pd,profile,0.9370,1,1.0000,1.0514
2,A,pd,jeffreys,0.9410,1,1.0136,1.0514
2,A,pd,pct,0.9180,0,0.9244,1.0514
2,A,pd,stud,0.9360,1,1.0158,1.0514
2,A,pd,s4a,0.9420,1,1.0288,1.0514
2,A,pd,s4b,0.9410,1,1.0404,1.0514
2,A,rho,profile,0.9310,1,1.0000,1.1225
2,A,rho,jeffreys,0.9570,1,0.9924,1.1225
2,A,rho,pct,0.8650,0,1.2654,1.1225
2,A,rho,stud,0.7690,0,0.7746,1.1225
2,A,rho,s4a,0.9560,1,1.0652,1.1225
2,A,rho,s4b,0.9280,1,1.0606,1.1225
3,A,pd,profile,0.9860,0,1.0000,0.7996
3,A,pd,jeffreys,0.9520,1,0.8182,0.7996
3,A,pd,pct,0.8870,0,0.8463,0.7996
3,A,pd,stud,0.7040,0,0.7944,0.7996
3,A,pd,s4a,0.9540,1,0.8321,0.7996
3,A,pd,s4b,0.9730,0,0.7880,0.7996
3,A,rho,profile,0.9890,0,1.0000,0.2779
3,A,rho,jeffreys,0.9710,1,0.6734,0.2779
3,A,rho,pct,1.0000,0,1.0000,0.2779
3,A,rho,stud,0.1030,0,11.6683,0.2779
3,A,rho,s4a,0.9340,1,0.8187,0.2779
3,A,rho,s4b,0.9850,0,1.0000,0.2779
4,A,pd,profile,0.9500,1,1.0000,0.9796
4,A,pd,jeffreys,0.9630,1,1.0524,0.9796
4,A,pd,pct,0.9270,0,0.9751,0.9796
4,A,pd,stud,0.9250,0,0.9608,0.9796
4,A,pd,s4a,0.9480,1,0.9890,0.9796
4,A,pd,s4b,0.9480,1,0.9821,0.9796
4,A,rho,profile,0.9860,0,1.0000,0.8052
4,A,rho,jeffreys,0.9840,0,0.8622,0.8052
4,A,rho,pct,1.0000,0,0.9701,0.8052
4,A,rho,stud,0.6770,0,1.0867,0.8052
4,A,rho,s4a,0.9700,1,0.9646,0.8052
4,A,rho,s4b,0.9850,0,0.9694,0.8052
5,C,pd,profile,0.9580,1,1.0000,0.9735
5,C,pd,jeffreys,0.9570,1,1.0083,0.9735
5,C,pd,pct,0.9450,1,0.9570,0.9735
5,C,pd,stud,0.9580,1,1.0035,0.9735
5,C,pd,s4a,0.9530,1,0.9858,0.9735
5,C,pd,s4b,0.9610,1,1.0062,0.9735
5,C,rho,profile,0.9510,1,1.0000,0.9700
5,C,rho,jeffreys,0.9590,1,0.9980,0.9700
5,C,rho,pct,0.9250,0,1.1052,0.9700
5,C,rho,stud,0.8830,0,0.9102,0.9700
5,C,rho,s4a,0.9500,1,0.9843,0.9700
5,C,rho,s4b,0.9600,1,1.0393,0.9700
6,A,pd,profile,0.9770,0,1.0000,0.8884
6,A,pd,jeffreys,0.9560,1,0.9973,0.8884
6,A,pd,pct,0.9310,1,0.9941,0.8884
6,A,pd,stud,0.9130,0,0.8709,0.8884
6,A,pd,s4a,0.9560,1,0.9413,0.8884
6,A,pd,s4b,0.9390,1,0.9585,0.8884
6,A,rho,profile,0.9860,0,1.0000,0.4312
6,A,rho,jeffreys,0.9350,1,0.7786,0.4312
6,A,rho,pct,1.0000,0,0.9424,0.4312
6,A,rho,stud,0.2830,0,12.0747,0.4312
6,A,rho,s4a,0.9410,1,0.8594,0.4312
6,A,rho,s4b,0.9860,0,0.9855,0.4312
7,A,pd,profile,0.9380,1,1.0000,1.0792
7,A,pd,jeffreys,0.9530,1,1.0215,1.0792
7,A,pd,pct,0.9330,1,1.0012,1.0792
7,A,pd,stud,0.9290,1,0.9946,1.0792
7,A,pd,s4a,0.9450,1,1.0402,1.0792
7,A,pd,s4b,0.9300,1,0.9893,1.0792
7,A,rho,profile,0.9640,1,1.0000,0.9170
7,A,rho,jeffreys,0.9790,0,0.8443,0.9170
7,A,rho,pct,0.9980,0,1.0016,0.9170
7,A,rho,stud,0.8040,0,0.7007,0.9170
7,A,rho,s4a,0.9560,1,0.9805,0.9170
7,A,rho,s4b,0.9550,1,0.9772,0.9170
8,D,pd,profile,0.9430,1,1.0000,1.0355
8,D,pd,jeffreys,0.9430,1,1.0044,1.0355
8,D,pd,pct,0.9420,1,0.9810,1.0355
8,D,pd,stud,0.9440,1,0.9996,1.0355
8,D,pd,s4a,0.9510,1,1.0181,1.0355
8,D,pd,s4b,0.9480,1,1.0056,1.0355
8,D,rho,profile,0.9380,1,1.0000,1.0475
8,D,rho,jeffreys,0.9390,1,0.9998,1.0475
8,D,rho,pct,0.9080,0,1.0406,1.0475
8,D,rho,stud,0.9260,0,0.9760,1.0475
8,D,rho,s4a,0.9450,1,1.0238,1.0475
8,D,rho,s4b,0.9420,1,1.0162,1.0475
9,A,pd,profile,0.9800,0,1.0000,0.8878
9,A,pd,jeffreys,0.9290,1,0.7934,0.8878
9,A,pd,pct,0.9710,1,0.7530,0.8878
9,A,pd,stud,0.2150,0,0.6731,0.8878
9,A,pd,s4a,0.9750,0,0.9252,0.8878
9,A,pd,s4b,0.9670,1,0.9080,0.8878
9,A,rho,profile,0.9950,0,1.0000,0.4228
9,A,rho,jeffreys,0.9980,0,0.6342,0.4228
9,A,rho,pct,1.0000,0,1.0000,0.4228
9,A,rho,stud,0.0910,0,9.0388,0.4228
9,A,rho,s4a,0.9720,1,1.0000,0.4228
9,A,rho,s4b,0.9950,0,1.0000,0.4228
10,A,pd,profile,0.9440,1,1.0000,1.1213
10,A,pd,jeffreys,0.9470,1,0.9980,1.1213
10,A,pd,pct,0.8870,0,0.8596,1.1213
10,A,pd,stud,0.8920,0,0.8616,1.1213
10,A,pd,s4a,0.9580,1,1.0880,1.1213
10,A,pd,s4b,0.9300,1,0.9976,1.1213
10,A,rho,profile,0.9410,1,1.0000,1.0642
10,A,rho,jeffreys,0.9740,0,0.9017,1.0642
10,A,rho,pct,0.8610,0,1.5505,1.0642
10,A,rho,stud,0.6550,0,0.6036,1.0642
10,A,rho,s4a,0.9490,1,1.0364,1.0642
10,A,rho,s4b,0.9020,0,1.0229,1.0642
11,B,pd,profile,0.9530,1,1.0000,1.0420
11,B,pd,jeffreys,0.9490,1,1.0149,1.0420
11,B,pd,pct,0.9130,0,0.9233,1.0420
11,B,pd,stud,0.9450,1,1.0489,1.0420
11,B,pd,s4a,0.9560,1,1.0244,1.0420
11,B,pd,s4b,0.9540,1,1.0423,1.0420
11,B,rho,profile,0.9410,1,1.0000,1.0493
11,B,rho,jeffreys,0.9460,1,1.0013,1.0493
11,B,rho,pct,0.8960,0,1.0787,1.0493
11,B,rho,stud,0.9280,1,0.9826,1.0493
11,B,rho,s4a,0.9490,1,1.0249,1.0493
11,B,rho,s4b,0.9470,1,1.0559,1.0493
12,A,pd,profile,0.9800,0,1.0000,0.8312
12,A,pd,jeffreys,0.9510,1,0.8737,0.8312
12,A,pd,pct,0.8690,0,0.8858,0.8312
12,A,pd,stud,0.6700,0,0.7567,0.8312
12,A,pd,s4a,0.9740,0,0.8640,0.8312
12,A,pd,s4b,0.9790,0,0.9173,0.8312
12,A,rho,profile,0.9900,0,1.0000,0.6503
12,A,rho,jeffreys,0.9940,0,0.6434,0.6503
12,A,rho,pct,1.0000,0,1.0000,0.6503
12,A,rho,stud,0.2490,0,11.2622,0.6503
12,A,rho,s4a,0.9750,0,0.9558,0.6503
12,A,rho,s4b,0.9870,0,1.0000,0.6503
13,C,pd,profile,0.9550,1,1.0000,1.0214
13,C,pd,jeffreys,0.9530,1,1.0080,1.0214
13,C,pd,pct,0.9180,0,0.9274,1.0214
13,C,pd,stud,0.9280,1,0.9544,1.0214
13,C,pd,s4a,0.9590,1,1.0127,1.0214
13,C,pd,s4b,0.9500,1,1.0204,1.0214
13,C,rho,profile,0.9450,1,1.0000,1.0506
13,C,rho,jeffreys,0.9460,1,0.9814,1.0506
13,C,rho,pct,0.8990,0,1.4336,1.0506
13,C,rho,stud,0.7630,0,0.7552,1.0506
13,C,rho,s4a,0.9490,1,1.0278,1.0506
13,C,rho,s4b,0.9430,1,1.0056,1.0506
14,C,pd,profile,0.9610,1,1.0000,0.9616
14,C,pd,jeffreys,0.9580,1,1.0088,0.9616
14,C,pd,pct,0.9420,1,0.9535,0.9616
14,C,pd,stud,0.9570,1,1.0168,0.9616
14,C,pd,s4a,0.9530,1,0.9790,0.9616
14,C,pd,s4b,0.9590,1,1.0138,0.9616
14,C,rho,profile,0.9480,1,1.0000,1.0258
14,C,rho,jeffreys,0.9500,1,1.0032,1.0258
14,C,rho,pct,0.9050,0,1.0319,1.0258
14,C,rho,stud,0.9460,1,0.9967,1.0258
14,C,rho,s4a,0.9510,1,1.0129,1.0258
14,C,rho,s4b,0.9510,1,1.0217,1.0258
15,A,pd,profile,0.9700,1,1.0000,0.9642
15,A,pd,jeffreys,0.9540,1,0.9916,0.9642
15,A,pd,pct,0.9150,0,1.0356,0.9642
15,A,pd,stud,0.8890,0,0.8974,0.9642
15,A,pd,s4a,0.9680,1,0.9781,0.9642
15,A,pd,s4b,0.9180,0,0.9739,0.9642
15,A,rho,profile,0.9860,0,1.0000,0.8693
15,A,rho,jeffreys,0.9860,0,0.6853,0.8693
15,A,rho,pct,0.9990,0,0.9830,0.8693
15,A,rho,stud,0.5140,0,0.5534,0.8693
15,A,rho,s4a,0.9800,0,0.9695,0.8693
15,A,rho,s4b,0.9790,0,0.9861,0.8693
16,D,pd,profile,0.9520,1,1.0000,0.9926
16,D,pd,jeffreys,0.9540,1,1.0042,0.9926
16,D,pd,pct,0.9440,1,0.9601,0.9926
16,D,pd,stud,0.9470,1,0.9791,0.9926
16,D,pd,s4a,0.9510,1,0.9960,0.9926
16,D,pd,s4b,0.9540,1,1.0094,0.9926
16,D,rho,profile,0.9510,1,1.0000,1.0014
16,D,rho,jeffreys,0.9530,1,0.9974,1.0014
16,D,rho,pct,0.9250,0,1.0758,1.0014
16,D,rho,stud,0.8880,0,0.9204,1.0014
16,D,rho,s4a,0.9510,1,1.0007,1.0014
16,D,rho,s4b,0.9540,1,1.0182,1.0014
17,D,pd,profile,0.9390,1,1.0000,1.0540
17,D,pd,jeffreys,0.9440,1,1.0040,1.0540
17,D,pd,pct,0.9290,1,0.9792,1.0540
17,D,pd,stud,0.9400,1,1.0027,1.0540
17,D,pd,s4a,0.9450,1,1.0275,1.0540
17,D,pd,s4b,0.9400,1,1.0104,1.0540
17,D,rho,profile,0.9610,1,1.0000,0.9969
17,D,rho,jeffreys,0.9610,1,1.0028,0.9969
17,D,rho,pct,0.9440,1,1.0103,0.9969
17,D,rho,stud,0.9570,1,0.9971,0.9969
17,D,rho,s4a,0.9600,1,0.9984,0.9969
17,D,rho,s4b,0.9580,1,1.0044,0.9969
18,A,pd,profile,0.9810,0,1.0000,0.9086
18,A,pd,jeffreys,0.9530,1,0.8919,0.9086
18,A,pd,pct,0.9810,0,0.7530,0.9086
18,A,pd,stud,0.1670,0,0.6844,0.9086
18,A,pd,s4a,0.9740,0,0.9397,0.9086
18,A,pd,s4b,0.9790,0,0.9080,0.9086
18,A,rho,profile,0.9990,0,1.0000,0.5807
18,A,rho,jeffreys,1.0000,0,0.6342,0.5807
18,A,rho,pct,1.0000,0,1.0000,0.5807
18,A,rho,stud,0.0710,0,0.8084,0.5807
18,A,rho,s4a,0.9670,1,1.0000,0.5807
18,A,rho,s4b,0.9980,0,1.0000,0.5807
19,A,pd,profile,0.9410,1,1.0000,1.0363
19,A,pd,jeffreys,0.9630,1,0.8539,1.0363
19,A,pd,pct,0.8520,0,0.8625,1.0363
19,A,pd,stud,0.8170,0,0.9164,1.0363
19,A,pd,s4a,0.9430,1,1.0227,1.0363
19,A,pd,s4b,0.9220,0,1.0156,1.0363
19,A,rho,profile,0.9500,1,1.0000,1.0691
19,A,rho,jeffreys,0.9730,0,0.9300,1.0691
19,A,rho,pct,0.8850,0,2.2934,1.0691
19,A,rho,stud,0.5930,0,0.7847,1.0691
19,A,rho,s4a,0.9530,1,1.0326,1.0691
19,A,rho,s4b,0.9220,0,1.0520,1.0691
20,A,pd,profile,0.9440,1,1.0000,1.0533
20,A,pd,jeffreys,0.9510,1,0.9706,1.0533
20,A,pd,pct,0.9050,0,0.9298,1.0533
20,A,pd,stud,0.9370,1,1.1039,1.0533
20,A,pd,s4a,0.9510,1,1.0301,1.0533
20,A,pd,s4b,0.9490,1,1.0369,1.0533
20,A,rho,profile,0.9440,1,1.0000,1.0600
20,A,rho,jeffreys,0.9570,1,0.9685,1.0600
20,A,rho,pct,0.9100,0,1.0878,1.0600
20,A,rho,stud,0.8910,0,1.0088,1.0600
20,A,rho,s4a,0.9500,1,1.0180,1.0600
20,A,rho,s4b,0.9450,1,1.0238,1.0600
21,A,pd,profile,0.9780,0,1.0000,0.9824
21,A,pd,jeffreys,0.9460,1,0.8295,0.9824
21,A,pd,pct,0.8130,0,0.8508,0.9824
21,A,pd,stud,0.5220,0,0.7404,0.9824
21,A,pd,s4a,0.9760,0,0.9914,0.9824
21,A,pd,s4b,0.9760,0,0.9210,0.9824
21,A,rho,profile,0.9940,0,1.0000,0.7715
21,A,rho,jeffreys,0.9980,0,0.6076,0.7715
21,A,rho,pct,0.9810,0,1.0000,0.7715
21,A,rho,stud,0.2300,0,0.4168,0.7715
21,A,rho,s4a,0.9760,0,1.0000,0.7715
21,A,rho,s4b,0.9860,0,1.0000,0.7715
22,A,pd,profile,0.9420,1,1.0000,1.0528
22,A,pd,jeffreys,0.9490,1,0.9353,1.0528
22,A,pd,pct,0.8870,0,0.9051,1.0528
22,A,pd,stud,0.9170,0,0.9876,1.0528
22,A,pd,s4a,0.9470,1,1.0315,1.0528
22,A,pd,s4b,0.9410,1,1.0380,1.0528
22,A,rho,profile,0.9330,1,1.0000,1.0733
22,A,rho,jeffreys,0.9390,1,0.9498,1.0733
22,A,rho,pct,0.9110,0,1.3021,1.0733
22,A,rho,stud,0.7820,0,0.8676,1.0733
22,A,rho,s4a,0.9380,1,1.0280,1.0733
22,A,rho,s4b,0.9230,0,1.0335,1.0733
23,A,pd,profile,0.9540,1,1.0000,0.9940
23,A,pd,jeffreys,0.9530,1,1.0064,0.9940
23,A,pd,pct,0.9290,1,0.9636,0.9940
23,A,pd,stud,0.9570,1,1.0534,0.9940
23,A,pd,s4a,0.9530,1,0.9967,0.9940
23,A,pd,s4b,0.9580,1,1.0210,0.9940
23,A,rho,profile,0.9520,1,1.0000,1.0294
23,A,rho,jeffreys,0.9580,1,0.9902,1.0294
23,A,rho,pct,0.9290,1,1.0324,1.0294
23,A,rho,stud,0.9490,1,1.0028,1.0294
23,A,rho,s4a,0.9560,1,1.0148,1.0294
23,A,rho,s4b,0.9580,1,1.0135,1.0294
24,A,pd,profile,0.9710,1,1.0000,0.9935
24,A,pd,jeffreys,0.9500,1,0.8857,0.9935
24,A,pd,pct,0.9080,0,0.9903,0.9935
24,A,pd,stud,0.8770,0,0.8780,0.9935
24,A,pd,s4a,0.9710,1,0.9968,0.9935
24,A,pd,s4b,0.9110,0,0.9862,0.9935
24,A,rho,profile,0.9520,1,1.0000,1.0251
24,A,rho,jeffreys,0.9920,0,0.5806,1.0251
24,A,rho,pct,0.9100,0,1.1708,1.0251
24,A,rho,stud,0.5160,0,0.3615,1.0251
24,A,rho,s4a,0.9620,1,1.0788,1.0251
24,A,rho,s4b,0.9340,1,1.0116,1.0251
25,D,pd,profile,0.9440,1,1.0000,1.0630
25,D,pd,jeffreys,0.9460,1,1.0022,1.0630
25,D,pd,pct,0.9180,0,0.9590,1.0630
25,D,pd,stud,0.9390,1,1.0047,1.0630
25,D,pd,s4a,0.9480,1,1.0334,1.0630
25,D,pd,s4b,0.9460,1,1.0210,1.0630
25,D,rho,profile,0.9500,1,1.0000,0.9743
25,D,rho,jeffreys,0.9570,1,0.9888,0.9743
25,D,rho,pct,0.9360,1,1.0553,0.9743
25,D,rho,stud,0.9230,0,0.9654,0.9743
25,D,rho,s4a,0.9480,1,0.9869,0.9743
25,D,rho,s4b,0.9520,1,0.9984,0.9743
26,D,pd,profile,0.9430,1,1.0000,1.0076
26,D,pd,jeffreys,0.9440,1,1.0047,1.0076
26,D,pd,pct,0.9310,1,0.9843,1.0076
26,D,pd,stud,0.9460,1,1.0198,1.0076
26,D,pd,s4a,0.9430,1,1.0039,1.0076
26,D,pd,s4b,0.9400,1,1.0018,1.0076
26,D,rho,profile,0.9470,1,1.0000,0.9941
26,D,rho,jeffreys,0.9450,1,1.0036,0.9941
26,D,rho,pct,0.9340,1,1.0168,0.9941
26,D,rho,stud,0.9480,1,1.0050,0.9941
26,D,rho,s4a,0.9460,1,0.9970,0.9941
26,D,rho,s4b,0.9470,1,1.0062,0.9941
27,A,pd,profile,0.9660,1,1.0000,0.9197
27,A,pd,jeffreys,0.9710,1,1.1001,0.9197
27,A,pd,pct,0.9320,1,0.9879,0.9197
27,A,pd,stud,0.9290,1,0.9245,0.9197
27,A,pd,s4a,0.9520,1,0.9560,0.9197
27,A,pd,s4b,0.9450,1,0.9454,0.9197
27,A,rho,profile,0.9790,0,1.0000,0.6416
27,A,rho,jeffreys,0.9720,1,0.8520,0.6416
27,A,rho,pct,1.0000,0,0.9374,0.6416
27,A,rho,stud,0.4280,0,5.2254,0.6416
27,A,rho,s4a,0.9670,1,0.8985,0.6416
27,A,rho,s4b,0.9820,0,0.9625,0.6416
28,A,pd,profile,0.9370,1,1.0000,1.0543
28,A,pd,jeffreys,0.9460,1,1.0150,1.0543
28,A,pd,pct,0.9140,0,0.9430,1.0543
28,A,pd,stud,0.9340,1,1.0307,1.0543
28,A,pd,s4a,0.9410,1,1.0302,1.0543
28,A,pd,s4b,0.9430,1,1.0256,1.0543
28,A,rho,profile,0.9430,1,1.0000,1.0540
28,A,rho,jeffreys,0.9640,1,0.9698,1.0540
28,A,rho,pct,0.8730,0,1.2394,1.0540
28,A,rho,stud,0.7900,0,0.6707,1.0540
28,A,rho,s4a,0.9500,1,1.0322,1.0540
28,A,rho,s4b,0.9200,0,1.0279,1.0540
29,B,pd,profile,0.9200,0,1.0000,1.1911
29,B,pd,jeffreys,0.9250,0,1.0168,1.1911
29,B,pd,pct,0.9030,0,0.9465,1.1911
29,B,pd,stud,0.9340,1,1.0447,1.1911
29,B,pd,s4a,0.9460,1,1.1024,1.1911
29,B,pd,s4b,0.9280,1,1.0474,1.1911
29,B,rho,profile,0.9270,0,1.0000,1.1436
29,B,rho,jeffreys,0.9360,1,1.0133,1.1436
29,B,rho,pct,0.8600,0,1.0660,1.1436
29,B,rho,stud,0.9150,0,1.0059,1.1436
29,B,rho,s4a,0.9470,1,1.0711,1.1436
29,B,rho,s4b,0.9380,1,1.0613,1.1436
30,A,pd,profile,0.9490,1,1.0000,0.9606
30,A,pd,jeffreys,0.9680,1,1.0611,0.9606
30,A,pd,pct,0.9300,1,0.9667,0.9606
30,A,pd,stud,0.9530,1,0.9469,0.9606
30,A,pd,s4a,0.9480,1,0.9792,0.9606
30,A,pd,s4b,0.9440,1,0.9784,0.9606
30,A,rho,profile,0.9820,0,1.0000,0.7514
30,A,rho,jeffreys,0.9730,0,0.8515,0.7514
30,A,rho,pct,1.0000,0,0.9582,0.7514
30,A,rho,stud,0.5300,0,1.8013,0.7514
30,A,rho,s4a,0.9660,1,0.9503,0.7514
30,A,rho,s4b,0.9860,0,0.9675,0.7514
31,C,pd,profile,0.9480,1,1.0000,1.0329
31,C,pd,jeffreys,0.9530,1,1.0072,1.0329
31,C,pd,pct,0.9420,1,0.9728,1.0329
31,C,pd,stud,0.9520,1,1.0168,1.0329
31,C,pd,s4a,0.9530,1,1.0173,1.0329
31,C,pd,s4b,0.9490,1,1.0214,1.0329
31,C,rho,profile,0.9370,1,1.0000,1.0981
31,C,rho,jeffreys,0.9440,1,0.9918,1.0981
31,C,rho,pct,0.9010,0,1.1562,1.0981
31,C,rho,stud,0.8010,0,0.8048,1.0981
31,C,rho,s4a,0.9500,1,1.0525,1.0981
31,C,rho,s4b,0.9320,1,1.0157,1.0981
32,C,pd,profile,0.9400,1,1.0000,1.0079
32,C,pd,jeffreys,0.9420,1,1.0082,1.0079
32,C,pd,pct,0.9270,0,0.9712,1.0079
32,C,pd,stud,0.9430,1,1.0187,1.0079
32,C,pd,s4a,0.9410,1,1.0041,1.0079
32,C,pd,s4b,0.9410,1,1.0167,1.0079
32,C,rho,profile,0.9440,1,1.0000,1.0322
32,C,rho,jeffreys,0.9470,1,1.0072,1.0322
32,C,rho,pct,0.9120,0,1.0314,1.0322
32,C,rho,stud,0.9410,1,1.0099,1.0322
32,C,rho,s4a,0.9470,1,1.0162,1.0322
32,C,rho,s4b,0.9480,1,1.0222,1.0322
33,A,pd,profile,0.9480,1,1.0000,0.9879
33,A,pd,jeffreys,0.9530,1,1.0312,0.9879
33,A,pd,pct,0.9330,1,1.0197,0.9879
33,A,pd,stud,0.9300,1,0.9963,0.9879
33,A,pd,s4a,0.9460,1,0.9938,0.9879
33,A,pd,s4b,0.9450,1,0.9951,0.9879
33,A,rho,profile,0.9830,0,1.0000,0.8768
33,A,rho,jeffreys,0.9810,0,0.8484,0.8768
33,A,rho,pct,0.9970,0,0.9762,0.8768
33,A,rho,stud,0.6820,0,1.1390,0.8768
33,A,rho,s4a,0.9710,1,0.9777,0.8768
33,A,rho,s4b,0.9840,0,0.9533,0.8768
34,D,pd,profile,0.9400,1,1.0000,1.1149
34,D,pd,jeffreys,0.9410,1,1.0040,1.1149
34,D,pd,pct,0.9300,1,0.9914,1.1149
34,D,pd,stud,0.9440,1,1.0098,1.1149
34,D,pd,s4a,0.9510,1,1.0573,1.1149
34,D,pd,s4b,0.9430,1,1.0171,1.1149
34,D,rho,profile,0.9570,1,1.0000,0.9630
34,D,rho,jeffreys,0.9550,1,0.9984,0.9630
34,D,rho,pct,0.9390,1,1.0556,0.9630
34,D,rho,stud,0.9170,0,0.9384,0.9630
34,D,rho,s4a,0.9520,1,0.9808,0.9630
34,D,rho,s4b,0.9530,1,1.0129,0.9630
35,D,pd,profile,0.9460,1,1.0000,1.0066
35,D,pd,jeffreys,0.9450,1,1.0045,1.0066
35,D,pd,pct,0.9420,1,1.0068,1.0066
35,D,pd,stud,0.9440,1,1.0198,1.0066
35,D,pd,s4a,0.9470,1,1.0034,1.0066
35,D,pd,s4b,0.9480,1,1.0000,1.0066
35,D,rho,profile,0.9490,1,1.0000,1.0157
35,D,rho,jeffreys,0.9530,1,1.0039,1.0157
35,D,rho,pct,0.9230,0,1.0200,1.0157
35,D,rho,stud,0.9530,1,1.0090,1.0157
35,D,rho,s4a,0.9510,1,1.0078,1.0157
35,D,rho,s4b,0.9490,1,1.0078,1.0157
36,A,pd,profile,0.9530,1,1.0000,1.0267
36,A,pd,jeffreys,0.9610,1,1.0069,1.0267
36,A,pd,pct,0.9050,0,0.9433,1.0267
36,A,pd,stud,0.9100,0,0.9223,1.0267
36,A,pd,s4a,0.9590,1,1.0168,1.0267
36,A,pd,s4b,0.9430,1,1.0093,1.0267
36,A,rho,profile,0.9480,1,1.0000,1.0696
36,A,rho,jeffreys,0.9790,0,0.7413,1.0696
36,A,rho,pct,0.8970,0,1.0688,1.0696
36,A,rho,stud,0.5960,0,0.4458,1.0696
36,A,rho,s4a,0.9650,1,1.0243,1.0696
36,A,rho,s4b,0.9170,0,0.9566,1.0696
37,B,pd,profile,0.9440,1,1.0000,1.1032
37,B,pd,jeffreys,0.9440,1,1.0099,1.1032
37,B,pd,pct,0.9050,0,0.9333,1.1032
37,B,pd,stud,0.9460,1,1.0335,1.1032
37,B,pd,s4a,0.9490,1,1.0564,1.1032
37,B,pd,s4b,0.9480,1,1.0694,1.1032
37,B,rho,profile,0.9370,1,1.0000,1.1458
37,B,rho,jeffreys,0.9380,1,1.0015,1.1458
37,B,rho,pct,0.8790,0,1.0878,1.1458
37,B,rho,stud,0.9000,0,0.9663,1.1458
37,B,rho,s4a,0.9530,1,1.0722,1.1458
37,B,rho,s4b,0.9430,1,1.0503,1.1458
38,B,pd,profile,0.9470,1,1.0000,1.0969
38,B,pd,jeffreys,0.9480,1,1.0159,1.0969
38,B,pd,pct,0.9130,0,0.9472,1.0969
38,B,pd,stud,0.9520,1,1.0413,1.0969
38,B,pd,s4a,0.9510,1,1.0521,1.0969
38,B,pd,s4b,0.9490,1,1.0320,1.0969
38,B,rho,profile,0.9380,1,1.0000,1.1174
38,B,rho,jeffreys,0.9420,1,1.0126,1.1174
38,B,rho,pct,0.8830,0,1.0483,1.1174
38,B,rho,stud,0.9450,1,1.0360,1.1174
38,B,rho,s4a,0.9490,1,1.0584,1.1174
38,B,rho,s4b,0.9520,1,1.0401,1.1174
39,A,pd,profile,0.9400,1,1.0000,1.0895
39,A,pd,jeffreys,0.9470,1,1.0069,1.0895
39,A,pd,pct,0.9210,0,0.9590,1.0895
39,A,pd,stud,0.9310,1,0.9695,1.0895
39,A,pd,s4a,0.9520,1,1.0499,1.0895
39,A,pd,s4b,0.9430,1,1.0100,1.0895
39,A,rho,profile,0.9550,1,1.0000,1.0247
39,A,rho,jeffreys,0.9720,1,0.9515,1.0247
39,A,rho,pct,0.8790,0,1.8057,1.0247
39,A,rho,stud,0.6930,0,0.6482,1.0247
39,A,rho,s4a,0.9550,1,1.0183,1.0247
39,A,rho,s4b,0.9230,0,1.0317,1.0247
40,C,pd,profile,0.9470,1,1.0000,1.0475
40,C,pd,jeffreys,0.9510,1,1.0063,1.0475
40,C,pd,pct,0.9320,1,0.9618,1.0475
40,C,pd,stud,0.9530,1,1.0162,1.0475
40,C,pd,s4a,0.9580,1,1.0250,1.0475
40,C,pd,s4b,0.9560,1,1.0076,1.0475
40,C,rho,profile,0.9410,1,1.0000,1.0522
40,C,rho,jeffreys,0.9450,1,1.0021,1.0522
40,C,rho,pct,0.9200,0,1.0347,1.0522
40,C,rho,stud,0.9360,1,0.9920,1.0522
40,C,rho,s4a,0.9460,1,1.0261,1.0522
40,C,rho,s4b,0.9440,1,1.0207,1.0522
41,C,pd,profile,0.9350,1,1.0000,1.0530
41,C,pd,jeffreys,0.9390,1,1.0094,1.0530
41,C,pd,pct,0.9370,1,0.9729,1.0530
41,C,pd,stud,0.9400,1,1.0217,1.0530
41,C,pd,s4a,0.9450,1,1.0275,1.0530
41,C,pd,s4b,0.9390,1,1.0172,1.0530
41,C,rho,profile,0.9460,1,1.0000,1.0316
41,C,rho,jeffreys,0.9510,1,1.0086,1.0316
41,C,rho,pct,0.9270,0,1.0242,1.0316
41,C,rho,stud,0.9490,1,1.0202,1.0316
41,C,rho,s4a,0.9470,1,1.0158,1.0316
41,C,rho,s4b,0.9520,1,1.0299,1.0316
42,D,pd,profile,0.9420,1,1.0000,1.0395
42,D,pd,jeffreys,0.9400,1,1.0028,1.0395
42,D,pd,pct,0.9400,1,0.9791,1.0395
42,D,pd,stud,0.9380,1,0.9837,1.0395
42,D,pd,s4a,0.9460,1,1.0206,1.0395
42,D,pd,s4b,0.9410,1,0.9983,1.0395
42,D,rho,profile,0.9500,1,1.0000,1.0366
42,D,rho,jeffreys,0.9560,1,0.9918,1.0366
42,D,rho,pct,0.9160,0,1.1248,1.0366
42,D,rho,stud,0.8370,0,0.8517,1.0366
42,D,rho,s4a,0.9580,1,1.0195,1.0366
42,D,rho,s4b,0.9500,1,1.0044,1.0366
43,D,pd,profile,0.9420,1,1.0000,1.0827
43,D,pd,jeffreys,0.9430,1,1.0017,1.0827
43,D,pd,pct,0.9300,1,0.9801,1.0827
43,D,pd,stud,0.9430,1,1.0028,1.0827
43,D,pd,s4a,0.9510,1,1.0416,1.0827
43,D,pd,s4b,0.9400,1,1.0043,1.0827
43,D,rho,profile,0.9440,1,1.0000,1.0379
43,D,rho,jeffreys,0.9470,1,1.0030,1.0379
43,D,rho,pct,0.9330,1,1.0123,1.0379
43,D,rho,stud,0.9440,1,0.9975,1.0379
43,D,rho,s4a,0.9480,1,1.0189,1.0379
43,D,rho,s4b,0.9510,1,1.0094,1.0379
44,D,pd,profile,0.9550,1,1.0000,0.9874
44,D,pd,jeffreys,0.9570,1,1.0038,0.9874
44,D,pd,pct,0.9510,1,0.9865,0.9874
44,D,pd,stud,0.9550,1,1.0058,0.9874
44,D,pd,s4a,0.9550,1,0.9936,0.9874
44,D,pd,s4b,0.9570,1,1.0121,0.9874
44,D,rho,profile,0.9420,1,1.0000,0.9891
44,D,rho,jeffreys,0.9480,1,1.0044,0.9891
44,D,rho,pct,0.9380,1,1.0065,0.9891
44,D,rho,stud,0.9430,1,1.0049,0.9891
44,D,rho,s4a,0.9420,1,0.9945,0.9891
44,D,rho,s4b,0.9460,1,1.0100,0.9891
45,A,pd,profile,0.9300,1,1.0000,1.1224
45,A,pd,jeffreys,0.9530,1,0.8997,1.1224
45,A,pd,pct,0.8620,0,0.9229,1.1224
45,A,pd,stud,0.8700,0,0.9453,1.1224
45,A,pd,s4a,0.9510,1,1.0765,1.1224
45,A,pd,s4b,0.9210,0,1.0178,1.1224
45,A,rho,profile,0.9330,1,1.0000,1.1237
45,A,rho,jeffreys,0.9680,1,0.9164,1.1237
45,A,rho,pct,0.8750,0,2.0532,1.1237
45,A,rho,stud,0.5750,0,0.6754,1.1237
45,A,rho,s4a,0.9480,1,1.0576,1.1237
45,A,rho,s4b,0.9000,0,1.0489,1.1237
46,A,pd,profile,0.9500,1,1.0000,1.0510
46,A,pd,jeffreys,0.9500,1,0.9847,1.0510
46,A,pd,pct,0.9030,0,0.9430,1.0510
46,A,pd,stud,0.9520,1,1.0739,1.0510
46,A,pd,s4a,0.9560,1,1.0280,1.0510
46,A,pd,s4b,0.9520,1,1.0124,1.0510
46,A,rho,profile,0.9410,1,1.0000,1.0750
46,A,rho,jeffreys,0.9520,1,0.9729,1.0750
46,A,rho,pct,0.9000,0,1.0827,1.0750
46,A,rho,stud,0.9010,0,0.9993,1.0750
46,A,rho,s4a,0.9520,1,1.0335,1.0750
46,A,rho,s4b,0.9510,1,1.0198,1.0750
47,B,pd,profile,0.9360,1,1.0000,1.1323
47,B,pd,jeffreys,0.9350,1,1.0041,1.1323
47,B,pd,pct,0.9110,0,0.9638,1.1323
47,B,pd,stud,0.9460,1,1.0736,1.1323
47,B,pd,s4a,0.9520,1,1.0692,1.1323
47,B,pd,s4b,0.9440,1,1.0326,1.1323
47,B,rho,profile,0.9460,1,1.0000,1.0720
47,B,rho,jeffreys,0.9500,1,0.9957,1.0720
47,B,rho,pct,0.8950,0,1.0549,1.0720
47,B,rho,stud,0.9570,1,1.0403,1.0720
47,B,rho,s4a,0.9510,1,1.0335,1.0720
47,B,rho,s4b,0.9480,1,1.0440,1.0720
48,A,pd,profile,0.9470,1,1.0000,1.0169
48,A,pd,jeffreys,0.9440,1,0.9611,1.0169
48,A,pd,pct,0.9240,0,0.9488,1.0169
48,A,pd,stud,0.9370,1,0.9869,1.0169
48,A,pd,s4a,0.9480,1,1.0094,1.0169
48,A,pd,s4b,0.9500,1,1.0031,1.0169
48,A,rho,profile,0.9490,1,1.0000,1.0173
48,A,rho,jeffreys,0.9640,1,0.9543,1.0173
48,A,rho,pct,0.9050,0,1.2741,1.0173
48,A,rho,stud,0.7790,0,0.8353,1.0173
48,A,rho,s4a,0.9520,1,1.0067,1.0173
48,A,rho,s4b,0.9390,1,1.0059,1.0173
49,C,pd,profile,0.9380,1,1.0000,1.0727
49,C,pd,jeffreys,0.9420,1,1.0044,1.0727
49,C,pd,pct,0.9230,0,0.9732,1.0727
49,C,pd,stud,0.9440,1,1.0359,1.0727
49,C,pd,s4a,0.9470,1,1.0380,1.0727
49,C,pd,s4b,0.9430,1,1.0275,1.0727
49,C,rho,profile,0.9340,1,1.0000,1.1593
49,C,rho,jeffreys,0.9380,1,0.9953,1.1593
49,C,rho,pct,0.9070,0,1.0299,1.1593
49,C,rho,stud,0.9360,1,1.0010,1.1593
49,C,rho,s4a,0.9520,1,1.0759,1.1593
49,C,rho,s4b,0.9390,1,1.0194,1.1593
50,C,pd,profile,0.9390,1,1.0000,1.0619
50,C,pd,jeffreys,0.9420,1,1.0079,1.0619
50,C,pd,pct,0.9280,1,0.9793,1.0619
50,C,pd,stud,0.9370,1,1.0296,1.0619
50,C,pd,s4a,0.9440,1,1.0317,1.0619
50,C,pd,s4b,0.9380,1,1.0205,1.0619
50,C,rho,profile,0.9560,1,1.0000,1.0047
50,C,rho,jeffreys,0.9590,1,1.0056,1.0047
50,C,rho,pct,0.9250,0,1.0230,1.0047
50,C,rho,stud,0.9520,1,1.0168,1.0047
50,C,rho,s4a,0.9570,1,1.0024,1.0047
50,C,rho,s4b,0.9540,1,1.0266,1.0047
51,D,pd,profile,0.9520,1,1.0000,1.0120
51,D,pd,jeffreys,0.9520,1,0.9996,1.0120
51,D,pd,pct,0.9350,1,0.9746,1.0120
51,D,pd,stud,0.9480,1,0.9958,1.0120
51,D,pd,s4a,0.9520,1,1.0063,1.0120
51,D,pd,s4b,0.9470,1,1.0046,1.0120
51,D,rho,profile,0.9530,1,1.0000,1.0442
51,D,rho,jeffreys,0.9560,1,0.9934,1.0442
51,D,rho,pct,0.9240,0,1.0605,1.0442
51,D,rho,stud,0.9240,0,0.9467,1.0442
51,D,rho,s4a,0.9570,1,1.0224,1.0442
51,D,rho,s4b,0.9510,1,1.0091,1.0442
52,D,pd,profile,0.9510,1,1.0000,0.9900
52,D,pd,jeffreys,0.9530,1,1.0045,0.9900
52,D,pd,pct,0.9450,1,0.9884,0.9900
52,D,pd,stud,0.9550,1,1.0118,0.9900
52,D,pd,s4a,0.9510,1,0.9949,0.9900
52,D,pd,s4b,0.9490,1,1.0065,0.9900
52,D,rho,profile,0.9450,1,1.0000,1.0463
52,D,rho,jeffreys,0.9420,1,1.0030,1.0463
52,D,rho,pct,0.9280,1,1.0092,1.0463
52,D,rho,stud,0.9400,1,0.9991,1.0463
52,D,rho,s4a,0.9480,1,1.0230,1.0463
52,D,rho,s4b,0.9450,1,1.0037,1.0463
53,D,pd,profile,0.9510,1,1.0000,0.9881
53,D,pd,jeffreys,0.9520,1,1.0054,0.9881
53,D,pd,pct,0.9340,1,0.9947,0.9881
53,D,pd,stud,0.9520,1,1.0098,0.9881
53,D,pd,s4a,0.9500,1,0.9940,0.9881
53,D,pd,s4b,0.9510,1,1.0030,0.9881
53,D,rho,profile,0.9440,1,1.0000,1.0828
53,D,rho,jeffreys,0.9430,1,1.0041,1.0828
53,D,rho,pct,0.9330,1,1.0056,1.0828
53,D,rho,stud,0.9430,1,1.0034,1.0828
53,D,rho,s4a,0.9490,1,1.0407,1.0828
53,D,rho,s4b,0.9450,1,0.9988,1.0828
54,A,pd,profile,0.9430,1,1.0000,1.0636
54,A,pd,jeffreys,0.9620,1,1.0527,1.0636
54,A,pd,pct,0.9290,1,1.0130,1.0636
54,A,pd,stud,0.9270,0,1.0115,1.0636
54,A,pd,s4a,0.9510,1,1.0351,1.0636
54,A,pd,s4b,0.9380,1,0.9834,1.0636
54,A,rho,profile,0.9720,1,1.0000,0.9744
54,A,rho,jeffreys,0.9800,0,0.8900,0.9744
54,A,rho,pct,1.0000,0,0.9614,0.9744
54,A,rho,stud,0.6790,0,0.9867,0.9744
54,A,rho,s4a,0.9690,1,0.9943,0.9744
54,A,rho,s4b,0.9740,0,0.9606,0.9744
55,B,pd,profile,0.9360,1,1.0000,1.1443
55,B,pd,jeffreys,0.9360,1,1.0135,1.1443
55,B,pd,pct,0.9240,0,0.9559,1.1443
55,B,pd,stud,0.9530,1,1.0596,1.1443
55,B,pd,s4a,0.9460,1,1.0776,1.1443
55,B,pd,s4b,0.9330,1,1.0351,1.1443
55,B,rho,profile,0.9260,0,1.0000,1.1980
55,B,rho,jeffreys,0.9340,1,1.0065,1.1980
55,B,rho,pct,0.8510,0,1.1140,1.1980
55,B,rho,stud,0.8350,0,0.9055,1.1980
55,B,rho,s4a,0.9490,1,1.0988,1.1980
55,B,rho,s4b,0.9340,1,1.0546,1.1980
56,B,pd,profile,0.9510,1,1.0000,1.0330
56,B,pd,jeffreys,0.9550,1,1.0157,1.0330
56,B,pd,pct,0.9360,1,0.9620,1.0330
56,B,pd,stud,0.9640,1,1.0580,1.0330
56,B,pd,s4a,0.9540,1,1.0180,1.0330
56,B,pd,s4b,0.9590,1,1.0585,1.0330
56,B,rho,profile,0.9480,1,1.0000,1.0438
56,B,rho,jeffreys,0.9520,1,1.0150,1.0438
56,B,rho,pct,0.8700,0,1.0449,1.0438
56,B,rho,stud,0.9460,1,1.0231,1.0438
56,B,rho,s4a,0.9530,1,1.0221,1.0438
56,B,rho,s4b,0.9590,1,1.0469,1.0438
57,A,pd,profile,0.9440,1,1.0000,1.0255
57,A,pd,jeffreys,0.9500,1,1.0222,1.0255
57,A,pd,pct,0.9130,0,0.9861,1.0255
57,A,pd,stud,0.9170,0,1.0127,1.0255
57,A,pd,s4a,0.9450,1,1.0134,1.0255
57,A,pd,s4b,0.9370,1,1.0222,1.0255
57,A,rho,profile,0.9550,1,1.0000,0.9330
57,A,rho,jeffreys,0.9760,0,0.8537,0.9330
57,A,rho,pct,0.9770,0,0.9973,0.9330
57,A,rho,stud,0.8040,0,0.6714,0.9330
57,A,rho,s4a,0.9440,1,0.9558,0.9330
57,A,rho,s4b,0.9370,1,0.9355,0.9330
58,C,pd,profile,0.9400,1,1.0000,1.0577
58,C,pd,jeffreys,0.9430,1,1.0077,1.0577
58,C,pd,pct,0.9050,0,1.0013,1.0577
58,C,pd,stud,0.9400,1,1.0421,1.0577
58,C,pd,s4a,0.9470,1,1.0299,1.0577
58,C,pd,s4b,0.9440,1,1.0181,1.0577
58,C,rho,profile,0.9400,1,1.0000,1.0372
58,C,rho,jeffreys,0.9420,1,1.0051,1.0372
58,C,rho,pct,0.9160,0,1.0523,1.0372
58,C,rho,stud,0.9250,0,0.9728,1.0372
58,C,rho,s4a,0.9430,1,1.0188,1.0372
58,C,rho,s4b,0.9450,1,1.0228,1.0372
59,C,pd,profile,0.9640,1,1.0000,0.9049
59,C,pd,jeffreys,0.9650,1,1.0085,0.9049
59,C,pd,pct,0.9420,1,1.0142,0.9049
59,C,pd,stud,0.9560,1,1.0431,0.9049
59,C,pd,s4a,0.9530,1,0.9491,0.9049
59,C,pd,s4b,0.9660,1,1.0118,0.9049
59,C,rho,profile,0.9450,1,1.0000,1.0940
59,C,rho,jeffreys,0.9490,1,1.0084,1.0940
59,C,rho,pct,0.8940,0,1.0285,1.0940
59,C,rho,stud,0.9370,1,1.0205,1.0940
59,C,rho,s4a,0.9520,1,1.0465,1.0940
59,C,rho,s4b,0.9480,1,1.0240,1.0940
60,A,pd,profile,0.9360,1,1.0000,1.1295
60,A,pd,jeffreys,0.9350,1,1.0059,1.1295
60,A,pd,pct,0.9320,1,1.0483,1.1295
60,A,pd,stud,0.9420,1,1.0723,1.1295
60,A,pd,s4a,0.9510,1,1.0642,1.1295
60,A,pd,s4b,0.9370,1,1.0158,1.1295
60,A,rho,profile,0.9560,1,1.0000,0.9657
60,A,rho,jeffreys,0.9660,1,0.9160,0.9657
60,A,rho,pct,0.9280,1,1.2076,0.9657
60,A,rho,stud,0.8080,0,0.6357,0.9657
60,A,rho,s4a,0.9520,1,0.9710,0.9657
60,A,rho,s4b,0.9310,1,0.9743,0.9657
61,D,pd,profile,0.9540,1,1.0000,0.9764
61,D,pd,jeffreys,0.9560,1,1.0032,0.9764
61,D,pd,pct,0.9370,1,1.0297,0.9764
61,D,pd,stud,0.9510,1,1.0532,0.9764
61,D,pd,s4a,0.9510,1,0.9879,0.9764
61,D,pd,s4b,0.9540,1,1.0000,0.9764
61,D,rho,profile,0.9480,1,1.0000,0.9964
61,D,rho,jeffreys,0.9520,1,1.0029,0.9964
61,D,rho,pct,0.9300,1,1.0315,0.9964
61,D,rho,stud,0.9490,1,1.0018,0.9964
61,D,rho,s4a,0.9480,1,0.9982,0.9964
61,D,rho,s4b,0.9500,1,1.0127,0.9964
62,D,pd,profile,0.9480,1,1.0000,0.9654
62,D,pd,jeffreys,0.9490,1,1.0042,0.9654
62,D,pd,pct,0.9450,1,1.0313,0.9654
62,D,pd,stud,0.9510,1,1.0564,0.9654
62,D,pd,s4a,0.9450,1,0.9822,0.9654
62,D,pd,s4b,0.9550,1,1.0107,0.9654
62,D,rho,profile,0.9440,1,1.0000,1.0305
62,D,rho,jeffreys,0.9430,1,1.0041,1.0305
62,D,rho,pct,0.9230,0,1.0248,1.0305
62,D,rho,stud,0.9410,1,1.0236,1.0305
62,D,rho,s4a,0.9480,1,1.0152,1.0305
62,D,rho,s4b,0.9440,1,1.0101,1.0305
63,B,pd,profile,0.9480,1,1.0000,1.0348
63,B,pd,jeffreys,0.9570,1,1.0058,1.0348
63,B,pd,pct,0.9290,1,0.9483,1.0348
63,B,pd,stud,0.9470,1,1.0298,1.0348
63,B,pd,s4a,0.9540,1,1.0194,1.0348
63,B,pd,s4b,0.9560,1,1.0594,1.0348
63,B,rho,profile,0.9440,1,1.0000,1.0367
63,B,rho,jeffreys,0.9450,1,0.9938,1.0367
63,B,rho,pct,0.8960,0,1.2062,1.0367
63,B,rho,stud,0.8040,0,0.8214,1.0367
63,B,rho,s4a,0.9460,1,1.0195,1.0367
63,B,rho,s4b,0.9460,1,1.0505,1.0367
64,B,pd,profile,0.9460,1,1.0000,1.1018
64,B,pd,jeffreys,0.9470,1,1.0130,1.1018
64,B,pd,pct,0.9220,0,0.9557,1.1018
64,B,pd,stud,0.9550,1,1.0501,1.1018
64,B,pd,s4a,0.9580,1,1.0543,1.1018
64,B,pd,s4b,0.9500,1,1.0376,1.1018
64,B,rho,profile,0.9350,1,1.0000,1.1205
64,B,rho,jeffreys,0.9460,1,1.0119,1.1205
64,B,rho,pct,0.8810,0,1.0558,1.1205
64,B,rho,stud,0.9390,1,1.0277,1.1205
64,B,rho,s4a,0.9530,1,1.0599,1.1205
64,B,rho,s4b,0.9510,1,1.0537,1.1205
65,B,pd,profile,0.9360,1,1.0000,1.0871
65,B,pd,jeffreys,0.9410,1,1.0147,1.0871
65,B,pd,pct,0.9130,0,0.9601,1.0871
65,B,pd,stud,0.9480,1,1.0497,1.0871
65,B,pd,s4a,0.9500,1,1.0464,1.0871
65,B,pd,s4b,0.9480,1,1.0233,1.0871
65,B,rho,profile,0.9430,1,1.0000,1.0743
65,B,rho,jeffreys,0.9470,1,1.0143,1.0743
65,B,rho,pct,0.8710,0,1.0429,1.0743
65,B,rho,stud,0.9530,1,1.0401,1.0743
65,B,rho,s4a,0.9510,1,1.0373,1.0743
65,B,rho,s4b,0.9520,1,1.0414,1.0743
66,C,pd,profile,0.9490,1,1.0000,1.0178
66,C,pd,jeffreys,0.9510,1,1.0040,1.0178
66,C,pd,pct,0.9420,1,0.9676,1.0178
66,C,pd,stud,0.9460,1,1.0085,1.0178
66,C,pd,s4a,0.9500,1,1.0094,1.0178
66,C,pd,s4b,0.9500,1,1.0144,1.0178
66,C,rho,profile,0.9380,1,1.0000,1.0348
66,C,rho,jeffreys,0.9410,1,0.9998,1.0348
66,C,rho,pct,0.9160,0,1.0722,1.0348
66,C,rho,stud,0.8950,0,0.9349,1.0348
66,C,rho,s4a,0.9430,1,1.0178,1.0348
66,C,rho,s4b,0.9430,1,1.0224,1.0348
67,C,pd,profile,0.9480,1,1.0000,1.0009
67,C,pd,jeffreys,0.9510,1,1.0064,1.0009
67,C,pd,pct,0.9320,1,0.9784,1.0009
67,C,pd,stud,0.9500,1,1.0224,1.0009
67,C,pd,s4a,0.9480,1,1.0005,1.0009
67,C,pd,s4b,0.9490,1,1.0145,1.0009
67,C,rho,profile,0.9510,1,1.0000,1.0971
67,C,rho,jeffreys,0.9530,1,1.0082,1.0971
67,C,rho,pct,0.9070,0,1.0264,1.0971
67,C,rho,stud,0.9560,1,1.0141,1.0971
67,C,rho,s4a,0.9570,1,1.0480,1.0971
67,C,rho,s4b,0.9520,1,1.0214,1.0971
68,C,pd,profile,0.9240,0,1.0000,1.1308
68,C,pd,jeffreys,0.9250,0,1.0075,1.1308
68,C,pd,pct,0.9130,0,0.9746,1.1308
68,C,pd,stud,0.9310,1,1.0188,1.1308
68,C,pd,s4a,0.9480,1,1.0663,1.1308
68,C,pd,s4b,0.9290,1,1.0306,1.1308
68,C,rho,profile,0.9460,1,1.0000,1.0791
68,C,rho,jeffreys,0.9470,1,1.0091,1.0791
68,C,rho,pct,0.9120,0,1.0174,1.0791
68,C,rho,stud,0.9490,1,1.0166,1.0791
68,C,rho,s4a,0.9510,1,1.0392,1.0791
68,C,rho,s4b,0.9490,1,1.0262,1.0791
69,D,pd,profile,0.9540,1,1.0000,1.0253
69,D,pd,jeffreys,0.9530,1,1.0034,1.0253
69,D,pd,pct,0.9480,1,0.9835,1.0253
69,D,pd,stud,0.9560,1,0.9996,1.0253
69,D,pd,s4a,0.9570,1,1.0129,1.0253
69,D,pd,s4b,0.9540,1,1.0089,1.0253
69,D,rho,profile,0.9540,1,1.0000,0.9761
69,D,rho,jeffreys,0.9550,1,0.9992,0.9761
69,D,rho,pct,0.9380,1,1.0300,0.9761
69,D,rho,stud,0.9430,1,0.9814,0.9761
69,D,rho,s4a,0.9510,1,0.9879,0.9761
69,D,rho,s4b,0.9510,1,1.0199,0.9761
70,D,pd,profile,0.9490,1,1.0000,1.0452
70,D,pd,jeffreys,0.9510,1,1.0038,1.0452
70,D,pd,pct,0.9370,1,0.9863,1.0452
70,D,pd,stud,0.9510,1,1.0022,1.0452
70,D,pd,s4a,0.9540,1,1.0228,1.0452
70,D,pd,s4b,0.9500,1,1.0004,1.0452
70,D,rho,profile,0.9430,1,1.0000,1.0409
70,D,rho,jeffreys,0.9460,1,1.0043,1.0409
70,D,rho,pct,0.9180,0,1.0073,1.0409
70,D,rho,stud,0.9480,1,1.0037,1.0409
70,D,rho,s4a,0.9470,1,1.0203,1.0409
70,D,rho,s4b,0.9430,1,1.0052,1.0409
71,D,pd,profile,0.9460,1,1.0000,1.0838
71,D,pd,jeffreys,0.9480,1,1.0046,1.0838
71,D,pd,pct,0.9430,1,0.9904,1.0838
71,D,pd,stud,0.9450,1,1.0079,1.0838
71,D,pd,s4a,0.9600,1,1.0418,1.0838
71,D,pd,s4b,0.9440,1,0.9951,1.0838
71,D,rho,profile,0.9510,1,1.0000,0.9879
71,D,rho,jeffreys,0.9530,1,1.0041,0.9879
71,D,rho,pct,0.9380,1,1.0070,0.9879
71,D,rho,stud,0.9540,1,1.0074,0.9879
71,D,rho,s4a,0.9490,1,0.9939,0.9879
71,D,rho,s4b,0.9520,1,1.0019,0.9879
72,A,pd,profile,0.9360,1,1.0000,1.2209
72,A,pd,jeffreys,0.9360,1,0.9851,1.2209
72,A,pd,pct,0.8990,0,0.9581,1.2209
72,A,pd,stud,0.9370,1,1.0486,1.2209
72,A,pd,s4a,0.9540,1,1.1149,1.2209
72,A,pd,s4b,0.9420,1,1.0223,1.2209
72,A,rho,profile,0.9240,0,1.0000,1.2352
72,A,rho,jeffreys,0.9330,1,0.9670,1.2352
72,A,rho,pct,0.8600,0,1.1385,1.2352
72,A,rho,stud,0.8200,0,0.9334,1.2352
72,A,rho,s4a,0.9490,1,1.0969,1.2352
72,A,rho,s4b,0.9280,1,1.0397,1.2352
73,B,pd,profile,0.9310,1,1.0000,1.1090
73,B,pd,jeffreys,0.9340,1,1.0047,1.1090
73,B,pd,pct,0.9090,0,0.9701,1.1090
73,B,pd,stud,0.9410,1,1.0569,1.1090
73,B,pd,s4a,0.9450,1,1.0563,1.1090
73,B,pd,s4b,0.9360,1,1.0451,1.1090
73,B,rho,profile,0.9390,1,1.0000,1.1012
73,B,rho,jeffreys,0.9420,1,0.9969,1.1012
73,B,rho,pct,0.8910,0,1.0564,1.1012
73,B,rho,stud,0.9460,1,1.0383,1.1012
73,B,rho,s4a,0.9460,1,1.0489,1.1012
73,B,rho,s4b,0.9460,1,1.0519,1.1012
74,B,pd,profile,0.9330,1,1.0000,1.0803
74,B,pd,jeffreys,0.9350,1,1.0086,1.0803
74,B,pd,pct,0.9110,0,0.9738,1.0803
74,B,pd,stud,0.9450,1,1.0603,1.0803
74,B,pd,s4a,0.9420,1,1.0417,1.0803
74,B,pd,s4b,0.9380,1,1.0401,1.0803
74,B,rho,profile,0.9210,0,1.0000,1.1841
74,B,rho,jeffreys,0.9380,1,1.0094,1.1841
74,B,rho,pct,0.8600,0,1.0478,1.1841
74,B,rho,stud,0.9480,1,1.0443,1.1841
74,B,rho,s4a,0.9530,1,1.0902,1.1841
74,B,rho,s4b,0.9450,1,1.0517,1.1841
75,C,pd,profile,0.9510,1,1.0000,1.0119
75,C,pd,jeffreys,0.9520,1,1.0011,1.0119
75,C,pd,pct,0.9310,1,0.9774,1.0119
75,C,pd,stud,0.9530,1,1.0185,1.0119
75,C,pd,s4a,0.9510,1,1.0062,1.0119
75,C,pd,s4b,0.9530,1,1.0191,1.0119
75,C,rho,profile,0.9390,1,1.0000,1.0550
75,C,rho,jeffreys,0.9460,1,0.9908,1.0550
75,C,rho,pct,0.9140,0,1.0419,1.0550
75,C,rho,stud,0.9320,1,0.9792,1.0550
75,C,rho,s4a,0.9500,1,1.0276,1.0550
75,C,rho,s4b,0.9410,1,1.0316,1.0550
76,C,pd,profile,0.9500,1,1.0000,1.0462
76,C,pd,jeffreys,0.9540,1,1.0055,1.0462
76,C,pd,pct,0.9250,0,0.9840,1.0462
76,C,pd,stud,0.9590,1,1.0255,1.0462
76,C,pd,s4a,0.9570,1,1.0237,1.0462
76,C,pd,s4b,0.9550,1,1.0187,1.0462
76,C,rho,profile,0.9530,1,1.0000,0.9566
76,C,rho,jeffreys,0.9570,1,1.0055,0.9566
76,C,rho,pct,0.9200,0,1.0221,0.9566
76,C,rho,stud,0.9600,1,1.0143,0.9566
76,C,rho,s4a,0.9470,1,0.9779,0.9566
76,C,rho,s4b,0.9560,1,1.0179,0.9566
77,C,pd,profile,0.9490,1,1.0000,0.9792
77,C,pd,jeffreys,0.9530,1,1.0073,0.9792
77,C,pd,pct,0.9320,1,0.9847,0.9792
77,C,pd,stud,0.9610,1,1.0258,0.9792
77,C,pd,s4a,0.9470,1,0.9892,0.9792
77,C,pd,s4b,0.9600,1,1.0113,0.9792
77,C,rho,profile,0.9470,1,1.0000,1.0354
77,C,rho,jeffreys,0.9450,1,1.0076,1.0354
77,C,rho,pct,0.9250,0,1.0217,1.0354
77,C,rho,stud,0.9490,1,1.0203,1.0354
77,C,rho,s4a,0.9510,1,1.0178,1.0354
77,C,rho,s4b,0.9510,1,1.0238,1.0354
78,D,pd,profile,0.9500,1,1.0000,0.9752
78,D,pd,jeffreys,0.9560,1,1.0020,0.9752
78,D,pd,pct,0.9430,1,0.9864,0.9752
78,D,pd,stud,0.9500,1,1.0040,0.9752
78,D,pd,s4a,0.9490,1,0.9873,0.9752
78,D,pd,s4b,0.9550,1,0.9960,0.9752
78,D,rho,profile,0.9420,1,1.0000,1.0694
78,D,rho,jeffreys,0.9410,1,1.0018,1.0694
78,D,rho,pct,0.9330,1,1.0158,1.0694
78,D,rho,stud,0.9380,1,0.9932,1.0694
78,D,rho,s4a,0.9500,1,1.0343,1.0694
78,D,rho,s4b,0.9430,1,1.0020,1.0694
79,D,pd,profile,0.9500,1,1.0000,1.0544
79,D,pd,jeffreys,0.9470,1,1.0041,1.0544
79,D,pd,pct,0.9370,1,0.9897,1.0544
79,D,pd,stud,0.9490,1,1.0059,1.0544
79,D,pd,s4a,0.9540,1,1.0272,1.0544
79,D,pd,s4b,0.9480,1,0.9962,1.0544
79,D,rho,profile,0.9510,1,1.0000,0.9874
79,D,rho,jeffreys,0.9530,1,1.0038,0.9874
79,D,rho,pct,0.9340,1,1.0078,0.9874
79,D,rho,stud,0.9540,1,1.0038,0.9874
79,D,rho,s4a,0.9470,1,0.9937,0.9874
79,D,rho,s4b,0.9510,1,1.0141,0.9874
80,D,pd,profile,0.9530,1,1.0000,0.9971
80,D,pd,jeffreys,0.9530,1,1.0044,0.9971
80,D,pd,pct,0.9460,1,0.9930,0.9971
80,D,pd,stud,0.9510,1,1.0074,0.9971
80,D,pd,s4a,0.9510,1,0.9985,0.9971
80,D,pd,s4b,0.9530,1,1.0006,0.9971
80,D,rho,profile,0.9410,1,1.0000,1.0803
80,D,rho,jeffreys,0.9410,1,1.0046,1.0803
80,D,rho,pct,0.9290,1,1.0064,1.0803
80,D,rho,stud,0.9390,1,1.0053,1.0803
80,D,rho,s4a,0.9480,1,1.0396,1.0803
80,D,rho,s4b,0.9400,1,1.0090,1.0803
