# Reviewed out-of-band coverage verdicts of the grid-Bayesian estimator (S-9; rule on), one row
# per verdict, with the diagnosis assigned by review.py's rules (its docstring explains each).
# below / above: misses with the interval entirely below / above the true value.
scenario,group,prior,interval,param,coverage,class,misses_below,misses_above,diagnosis
0,A,flat,et,rho,0.7890,BELOW,0,211,prior_pulls_up
0,A,flat,hpd,rho,0.2280,BELOW,0,772,prior_pulls_up
0,A,jeffreys,et,rho,0.9810,ABOVE,0,19,conservative
0,A,jeffreys,hpd,rho,0.5080,BELOW,0,492,prior_pulls_up
1,A,flat,hpd,pd,0.9760,ABOVE,0,24,conservative
1,A,flat,hpd,rho,0.8870,BELOW,0,113,prior_pulls_up
1,A,jeffreys,et,rho,0.9810,ABOVE,0,19,conservative
1,A,jeffreys,hpd,rho,0.9740,ABOVE,0,26,conservative
3,A,flat,et,rho,0.8890,BELOW,0,111,prior_pulls_up
3,A,flat,hpd,rho,0.3860,BELOW,0,614,prior_pulls_up
3,A,jeffreys,hpd,rho,0.7830,BELOW,0,217,prior_pulls_up
4,A,jeffreys,et,rho,0.9840,ABOVE,0,16,conservative
4,A,jeffreys,hpd,rho,0.9780,ABOVE,0,22,conservative
6,A,flat,et,rho,0.9070,BELOW,0,93,prior_pulls_up
6,A,flat,hpd,rho,0.7950,BELOW,0,205,prior_pulls_up
6,A,jeffreys,hpd,rho,0.8520,BELOW,0,148,prior_pulls_up
7,A,jeffreys,et,rho,0.9790,ABOVE,0,21,conservative
9,A,flat,et,pd,0.9190,BELOW,0,81,prior_pulls_up
9,A,flat,hpd,pd,0.9170,BELOW,0,83,prior_pulls_up
9,A,flat,et,rho,0.9910,ABOVE,0,9,conservative
9,A,flat,hpd,rho,0.9790,ABOVE,0,21,conservative
9,A,jeffreys,et,rho,0.9980,ABOVE,0,2,conservative
9,A,jeffreys,hpd,rho,0.9950,ABOVE,0,5,conservative
10,A,flat,et,pd,0.9110,BELOW,0,89,prior_pulls_up
10,A,flat,et,rho,0.9230,BELOW,0,77,prior_pulls_up
10,A,flat,hpd,rho,0.8560,BELOW,0,144,prior_pulls_up
10,A,jeffreys,et,rho,0.9740,ABOVE,12,14,conservative
11,B,flat,et,pd,0.9100,BELOW,1,89,prior_pulls_up
11,B,flat,et,rho,0.9170,BELOW,3,80,prior_pulls_up
11,B,flat,hpd,rho,0.9150,BELOW,4,81,prior_pulls_up
12,A,flat,et,rho,0.9820,ABOVE,0,18,conservative
12,A,jeffreys,et,rho,0.9940,ABOVE,0,6,conservative
12,A,jeffreys,hpd,rho,0.9850,ABOVE,0,15,conservative
13,C,flat,hpd,rho,0.9110,BELOW,3,86,prior_pulls_up
15,A,flat,hpd,rho,0.9140,BELOW,0,86,prior_pulls_up
15,A,jeffreys,et,rho,0.9860,ABOVE,0,14,conservative
18,A,flat,et,rho,0.9990,ABOVE,0,1,conservative
18,A,flat,hpd,rho,0.9960,ABOVE,0,4,conservative
18,A,jeffreys,et,rho,1.0000,ABOVE,0,0,conservative
18,A,jeffreys,hpd,rho,0.9990,ABOVE,0,1,conservative
19,A,flat,et,pd,0.9230,BELOW,0,77,prior_pulls_up
19,A,flat,et,rho,0.9730,ABOVE,0,27,conservative
19,A,flat,hpd,rho,0.9250,BELOW,0,75,prior_pulls_up
19,A,jeffreys,et,rho,0.9730,ABOVE,21,6,conservative
19,A,jeffreys,hpd,rho,0.9820,ABOVE,11,7,conservative
20,A,flat,et,pd,0.9050,BELOW,1,94,prior_pulls_up
20,A,flat,hpd,pd,0.9070,BELOW,2,91,prior_pulls_up
20,A,flat,hpd,rho,0.8680,BELOW,2,130,prior_pulls_up
21,A,flat,et,rho,0.9960,ABOVE,0,4,conservative
21,A,flat,hpd,rho,0.9880,ABOVE,0,12,conservative
21,A,jeffreys,et,rho,0.9980,ABOVE,0,2,conservative
21,A,jeffreys,hpd,rho,0.9960,ABOVE,0,4,conservative
22,A,flat,hpd,rho,0.9070,BELOW,0,93,prior_pulls_up
23,A,flat,et,pd,0.9230,BELOW,6,71,prior_pulls_up
23,A,flat,et,rho,0.9190,BELOW,8,73,prior_pulls_up
23,A,flat,hpd,rho,0.8830,BELOW,8,109,prior_pulls_up
24,A,flat,et,rho,0.9820,ABOVE,0,18,conservative
24,A,jeffreys,et,rho,0.9920,ABOVE,2,6,conservative
24,A,jeffreys,hpd,rho,0.9790,ABOVE,1,20,conservative
25,D,flat,hpd,rho,0.9110,BELOW,7,82,prior_pulls_up
27,A,flat,hpd,pd,0.9750,ABOVE,0,25,conservative
27,A,jeffreys,hpd,pd,0.9740,ABOVE,0,26,conservative
27,A,flat,et,rho,0.9150,BELOW,0,85,prior_pulls_up
27,A,flat,hpd,rho,0.8540,BELOW,0,146,prior_pulls_up
29,B,jeffreys,et,pd,0.9250,BELOW,40,35,shared_with_profile
29,B,jeffreys,hpd,pd,0.9260,BELOW,43,31,shared_with_profile
30,A,flat,hpd,rho,0.9060,BELOW,0,94,prior_pulls_up
30,A,jeffreys,et,rho,0.9730,ABOVE,0,27,conservative
33,A,jeffreys,et,rho,0.9810,ABOVE,0,19,conservative
36,A,flat,hpd,rho,0.8960,BELOW,0,104,prior_pulls_up
36,A,jeffreys,et,rho,0.9790,ABOVE,5,16,conservative
39,A,jeffreys,hpd,rho,0.9740,ABOVE,6,20,conservative
46,A,flat,hpd,rho,0.8910,BELOW,4,105,prior_pulls_up
46,A,jeffreys,hpd,rho,0.9200,BELOW,37,43,small_t
47,B,flat,hpd,rho,0.9020,BELOW,5,93,prior_pulls_up
49,C,flat,hpd,rho,0.9110,BELOW,16,73,unexplained
54,A,jeffreys,et,rho,0.9800,ABOVE,0,20,conservative
54,A,jeffreys,hpd,rho,0.9750,ABOVE,0,25,conservative
57,A,jeffreys,et,rho,0.9760,ABOVE,0,24,conservative
68,C,jeffreys,et,pd,0.9250,BELOW,35,40,shared_with_profile
68,C,jeffreys,hpd,pd,0.9250,BELOW,38,37,shared_with_profile
72,A,flat,hpd,rho,0.9130,BELOW,13,74,shared_with_profile
72,A,jeffreys,hpd,rho,0.9250,BELOW,45,30,shared_with_profile
73,B,flat,hpd,rho,0.9170,BELOW,16,67,small_t
73,B,jeffreys,hpd,rho,0.9260,BELOW,47,27,small_t
74,B,flat,hpd,rho,0.9230,BELOW,18,59,shared_with_profile
74,B,jeffreys,hpd,rho,0.9100,BELOW,65,25,shared_with_profile
