scenario,group,param,arm,interval,coverage,class,below,above,median_logit_width,refined_share,refused_share,profile_coverage
0,A,pd,flat,et,0.9440,PASS,0,56,3.18445,0.0060,0.0000,0.9830
0,A,pd,flat,hpd,0.9440,PASS,0,56,3.17773,0.0060,0.0000,0.9830
0,A,pd,jeffreys,et,0.9450,PASS,0,55,2.90611,0.0370,0.0000,0.9830
0,A,pd,jeffreys,hpd,0.9450,PASS,0,55,2.89659,0.0370,0.0000,0.9830
0,A,pd,flat_norule,et,0.9440,PASS,0,56,3.18445,0.0000,0.0000,0.9830
0,A,pd,flat_norule,hpd,0.9440,PASS,0,56,3.17773,0.0000,0.0000,0.9830
0,A,pd,jeffreys_norule,et,0.9450,PASS,0,55,2.90611,0.0000,0.0000,0.9830
0,A,pd,jeffreys_norule,hpd,0.9450,PASS,0,55,2.89659,0.0000,0.0000,0.9830
0,A,rho,flat,et,0.7890,BELOW,0,211,4.13017,0.0060,0.0000,0.9950
0,A,rho,flat,hpd,0.2280,BELOW,0,772,3.54799,0.0060,0.0000,0.9950
0,A,rho,jeffreys,et,0.9810,ABOVE,0,19,4.65903,0.0370,0.0000,0.9950
0,A,rho,jeffreys,hpd,0.5080,BELOW,0,492,4.14208,0.0370,0.0000,0.9950
0,A,rho,flat_norule,et,0.7890,BELOW,0,211,4.13017,0.0000,0.0000,0.9950
0,A,rho,flat_norule,hpd,0.2280,BELOW,0,772,3.54799,0.0000,0.0000,0.9950
0,A,rho,jeffreys_norule,et,0.9810,ABOVE,0,19,4.65903,0.0000,0.0000,0.9950
0,A,rho,jeffreys_norule,hpd,0.5080,BELOW,0,492,4.14208,0.0000,0.0000,0.9950
1,A,pd,flat,et,0.9670,PASS,0,33,1.55297,0.8380,0.0000,0.9630
1,A,pd,flat,hpd,0.9760,ABOVE,0,24,1.50981,0.8380,0.0000,0.9630
1,A,pd,jeffreys,et,0.9700,PASS,0,30,1.14246,0.9960,0.0000,0.9630
1,A,pd,jeffreys,hpd,0.9720,PASS,0,28,1.13836,0.9960,0.0000,0.9630
1,A,pd,flat_norule,et,0.9670,PASS,0,33,1.55966,0.0000,0.0000,0.9630
1,A,pd,flat_norule,hpd,0.9820,ABOVE,0,18,1.51005,0.0000,0.0000,0.9630
1,A,pd,jeffreys_norule,et,0.9700,PASS,0,30,1.15132,0.0000,0.0000,0.9630
1,A,pd,jeffreys_norule,hpd,0.9760,ABOVE,0,24,1.14527,0.0000,0.0000,0.9630
1,A,rho,flat,et,0.9320,PASS,0,68,4.45855,0.8380,0.0000,0.9910
1,A,rho,flat,hpd,0.8870,BELOW,0,113,4.393,0.8380,0.0000,0.9910
1,A,rho,jeffreys,et,0.9810,ABOVE,0,19,4.20378,0.9960,0.0000,0.9910
1,A,rho,jeffreys,hpd,0.9740,ABOVE,0,26,4.16219,0.9960,0.0000,0.9910
1,A,rho,flat_norule,et,0.9320,PASS,0,68,4.45211,0.0000,0.0000,0.9910
1,A,rho,flat_norule,hpd,0.8840,BELOW,0,116,4.39018,0.0000,0.0000,0.9910
1,A,rho,jeffreys_norule,et,0.9810,ABOVE,0,19,4.2059,0.0000,0.0000,0.9910
1,A,rho,jeffreys_norule,hpd,0.9720,PASS,0,28,4.16056,0.0000,0.0000,0.9910
2,A,pd,flat,et,0.9600,PASS,6,34,0.629017,1.0000,0.0000,0.9370
2,A,pd,flat,hpd,0.9620,PASS,9,29,0.622837,1.0000,0.0000,0.9370
2,A,pd,jeffreys,et,0.9410,PASS,26,33,0.538194,1.0000,0.0000,0.9370
2,A,pd,jeffreys,hpd,0.9440,PASS,28,28,0.536038,1.0000,0.0000,0.9370
2,A,pd,flat_norule,et,0.9630,PASS,6,31,0.637157,0.0000,0.0000,0.9370
2,A,pd,flat_norule,hpd,0.9680,PASS,17,15,0.628436,0.0000,0.0000,0.9370
2,A,pd,jeffreys_norule,et,0.9500,PASS,26,24,0.557403,0.0000,0.0000,0.9370
2,A,pd,jeffreys_norule,hpd,0.9450,PASS,35,20,0.540291,0.0000,0.0000,0.9370
2,A,rho,flat,et,0.9430,PASS,4,53,2.07903,1.0000,0.0000,0.9310
2,A,rho,flat,hpd,0.9420,PASS,8,50,2.07731,1.0000,0.0000,0.9310
2,A,rho,jeffreys,et,0.9570,PASS,28,15,2.04128,1.0000,0.0000,0.9310
2,A,rho,jeffreys,hpd,0.9460,PASS,39,15,2.03717,1.0000,0.0000,0.9310
2,A,rho,flat_norule,et,0.9430,PASS,4,53,2.08662,0.0000,0.0000,0.9310
2,A,rho,flat_norule,hpd,0.9320,PASS,8,60,2.07711,0.0000,0.0000,0.9310
2,A,rho,jeffreys_norule,et,0.9550,PASS,30,15,2.0513,0.0000,0.0000,0.9310
2,A,rho,jeffreys_norule,hpd,0.9520,PASS,29,19,2.04051,0.0000,0.0000,0.9310
3,A,pd,flat,et,0.9480,PASS,0,52,2.3938,0.1680,0.0000,0.9860
3,A,pd,flat,hpd,0.9490,PASS,0,51,2.39297,0.1680,0.0000,0.9860
3,A,pd,jeffreys,et,0.9520,PASS,0,48,2.15976,0.3190,0.0000,0.9860
3,A,pd,jeffreys,hpd,0.9560,PASS,0,44,2.15693,0.3190,0.0000,0.9860
3,A,pd,flat_norule,et,0.9480,PASS,0,52,2.3938,0.0000,0.0000,0.9860
3,A,pd,flat_norule,hpd,0.9490,PASS,0,51,2.39297,0.0000,0.0000,0.9860
3,A,pd,jeffreys_norule,et,0.9520,PASS,0,48,2.15976,0.0000,0.0000,0.9860
3,A,pd,jeffreys_norule,hpd,0.9560,PASS,0,44,2.15693,0.0000,0.0000,0.9860
3,A,rho,flat,et,0.8890,BELOW,0,111,4.44079,0.1680,0.0000,0.9890
3,A,rho,flat,hpd,0.3860,BELOW,0,614,3.84295,0.1680,0.0000,0.9890
3,A,rho,jeffreys,et,0.9710,PASS,0,29,4.65075,0.3190,0.0000,0.9890
3,A,rho,jeffreys,hpd,0.7830,BELOW,0,217,4.16611,0.3190,0.0000,0.9890
3,A,rho,flat_norule,et,0.8890,BELOW,0,111,4.44079,0.0000,0.0000,0.9890
3,A,rho,flat_norule,hpd,0.3860,BELOW,0,614,3.84295,0.0000,0.0000,0.9890
3,A,rho,jeffreys_norule,et,0.9690,PASS,0,31,4.65075,0.0000,0.0000,0.9890
3,A,rho,jeffreys_norule,hpd,0.7830,BELOW,0,217,4.16611,0.0000,0.0000,0.9890
4,A,pd,flat,et,0.9680,PASS,3,29,0.823612,1.0000,0.0000,0.9500
4,A,pd,flat,hpd,0.9710,PASS,3,26,0.820993,1.0000,0.0000,0.9500
4,A,pd,jeffreys,et,0.9630,PASS,8,29,0.755384,1.0000,0.0000,0.9500
4,A,pd,jeffreys,hpd,0.9650,PASS,7,28,0.754473,1.0000,0.0000,0.9500
4,A,pd,flat_norule,et,0.9700,PASS,3,27,0.836348,0.0000,0.0000,0.9500
4,A,pd,flat_norule,hpd,0.9790,ABOVE,4,17,0.829336,0.0000,0.0000,0.9500
4,A,pd,jeffreys_norule,et,0.9650,PASS,8,27,0.762642,0.0000,0.0000,0.9500
4,A,pd,jeffreys_norule,hpd,0.9660,PASS,9,25,0.759389,0.0000,0.0000,0.9500
4,A,rho,flat,et,0.9470,PASS,0,53,3.76431,1.0000,0.0000,0.9860
4,A,rho,flat,hpd,0.9280,PASS,0,72,3.68903,1.0000,0.0000,0.9860
4,A,rho,jeffreys,et,0.9840,ABOVE,0,16,3.7051,1.0000,0.0000,0.9860
4,A,rho,jeffreys,hpd,0.9780,ABOVE,0,22,3.64936,1.0000,0.0000,0.9860
4,A,rho,flat_norule,et,0.9470,PASS,0,53,3.76021,0.0000,0.0000,0.9860
4,A,rho,flat_norule,hpd,0.9220,BELOW,0,78,3.68717,0.0000,0.0000,0.9860
4,A,rho,jeffreys_norule,et,0.9840,ABOVE,0,16,3.70144,0.0000,0.0000,0.9860
4,A,rho,jeffreys_norule,hpd,0.9770,ABOVE,0,23,3.65067,0.0000,0.0000,0.9860
5,C,pd,flat,et,0.9640,PASS,13,23,0.401325,1.0000,0.0000,0.9580
5,C,pd,flat,hpd,0.9630,PASS,17,20,0.400489,1.0000,0.0000,0.9580
5,C,pd,jeffreys,et,0.9570,PASS,22,21,0.376419,1.0000,0.0000,0.9580
5,C,pd,jeffreys,hpd,0.9570,PASS,24,19,0.375976,1.0000,0.0000,0.9580
5,C,pd,flat_norule,et,0.9730,ABOVE,15,12,0.428958,0.0000,0.0000,0.9580
5,C,pd,flat_norule,hpd,0.9680,PASS,23,9,0.402942,0.0000,0.0000,0.9580
5,C,pd,jeffreys_norule,et,0.9660,PASS,23,11,0.39885,0.0000,0.0000,0.9580
5,C,pd,jeffreys_norule,hpd,0.9560,PASS,35,9,0.382627,0.0000,0.0000,0.9580
5,C,rho,flat,et,0.9470,PASS,8,45,1.38395,1.0000,0.0000,0.9510
5,C,rho,flat,hpd,0.9450,PASS,6,49,1.38305,1.0000,0.0000,0.9510
5,C,rho,jeffreys,et,0.9590,PASS,19,22,1.37245,1.0000,0.0000,0.9510
5,C,rho,jeffreys,hpd,0.9630,PASS,14,23,1.37177,1.0000,0.0000,0.9510
5,C,rho,flat_norule,et,0.9430,PASS,9,48,1.39614,0.0000,0.0000,0.9510
5,C,rho,flat_norule,hpd,0.9400,PASS,4,56,1.38387,0.0000,0.0000,0.9510
5,C,rho,jeffreys_norule,et,0.9580,PASS,19,23,1.383,0.0000,0.0000,0.9510
5,C,rho,jeffreys_norule,hpd,0.9600,PASS,11,29,1.37118,0.0000,0.0000,0.9510
6,A,pd,flat,et,0.9640,PASS,2,34,1.51382,0.9710,0.0000,0.9770
6,A,pd,flat,hpd,0.9630,PASS,3,34,1.50979,0.9710,0.0000,0.9770
6,A,pd,jeffreys,et,0.9560,PASS,2,42,1.40128,0.9870,0.0000,0.9770
6,A,pd,jeffreys,hpd,0.9550,PASS,3,42,1.39989,0.9870,0.0000,0.9770
6,A,pd,flat_norule,et,0.9680,PASS,2,30,1.51953,0.0000,0.0000,0.9770
6,A,pd,flat_norule,hpd,0.9730,ABOVE,3,24,1.51801,0.0000,0.0000,0.9770
6,A,pd,jeffreys_norule,et,0.9560,PASS,2,42,1.4096,0.0000,0.0000,0.9770
6,A,pd,jeffreys_norule,hpd,0.9650,PASS,3,32,1.40245,0.0000,0.0000,0.9770
6,A,rho,flat,et,0.9070,BELOW,0,93,4.72101,0.9710,0.0000,0.9860
6,A,rho,flat,hpd,0.7950,BELOW,0,205,4.45511,0.9710,0.0000,0.9860
6,A,rho,jeffreys,et,0.9350,PASS,0,65,4.61678,0.9870,0.0000,0.9860
6,A,rho,jeffreys,hpd,0.8520,BELOW,0,148,4.39595,0.9870,0.0000,0.9860
6,A,rho,flat_norule,et,0.9070,BELOW,0,93,4.71788,0.0000,0.0000,0.9860
6,A,rho,flat_norule,hpd,0.7940,BELOW,0,206,4.45183,0.0000,0.0000,0.9860
6,A,rho,jeffreys_norule,et,0.9350,PASS,0,65,4.61646,0.0000,0.0000,0.9860
6,A,rho,jeffreys_norule,hpd,0.8520,BELOW,0,148,4.39032,0.0000,0.0000,0.9860
7,A,pd,flat,et,0.9550,PASS,13,32,0.462512,1.0000,0.0000,0.9380
7,A,pd,flat,hpd,0.9560,PASS,13,31,0.462349,1.0000,0.0000,0.9380
7,A,pd,jeffreys,et,0.9530,PASS,15,32,0.451581,1.0000,0.0000,0.9380
7,A,pd,jeffreys,hpd,0.9500,PASS,19,31,0.451531,1.0000,0.0000,0.9380
7,A,pd,flat_norule,et,0.9630,PASS,13,24,0.4835,0.0000,0.0000,0.9380
7,A,pd,flat_norule,hpd,0.9550,PASS,27,18,0.478555,0.0000,0.0000,0.9380
7,A,pd,jeffreys_norule,et,0.9610,PASS,15,24,0.474166,0.0000,0.0000,0.9380
7,A,pd,jeffreys_norule,hpd,0.9500,PASS,32,18,0.468639,0.0000,0.0000,0.9380
7,A,rho,flat,et,0.9660,PASS,0,34,3.1235,1.0000,0.0000,0.9640
7,A,rho,flat,hpd,0.9540,PASS,2,44,2.98286,1.0000,0.0000,0.9640
7,A,rho,jeffreys,et,0.9790,ABOVE,0,21,3.16053,1.0000,0.0000,0.9640
7,A,rho,jeffreys,hpd,0.9710,PASS,3,26,3.05968,1.0000,0.0000,0.9640
7,A,rho,flat_norule,et,0.9660,PASS,0,34,3.12442,0.0000,0.0000,0.9640
7,A,rho,flat_norule,hpd,0.9520,PASS,0,48,2.98006,0.0000,0.0000,0.9640
7,A,rho,jeffreys_norule,et,0.9790,ABOVE,0,21,3.15584,0.0000,0.0000,0.9640
7,A,rho,jeffreys_norule,hpd,0.9700,PASS,2,28,3.05643,0.0000,0.0000,0.9640
8,D,pd,flat,et,0.9460,PASS,21,33,0.239608,1.0000,0.0000,0.9430
8,D,pd,flat,hpd,0.9470,PASS,21,32,0.239341,1.0000,0.0000,0.9430
8,D,pd,jeffreys,et,0.9430,PASS,25,32,0.234267,1.0000,0.0000,0.9430
8,D,pd,jeffreys,hpd,0.9450,PASS,26,29,0.233766,1.0000,0.0000,0.9430
8,D,pd,flat_norule,et,0.9690,PASS,24,7,0.252761,0.0000,0.0000,0.9430
8,D,pd,flat_norule,hpd,0.9620,PASS,37,1,0.24998,0.0000,0.0000,0.9430
8,D,pd,jeffreys_norule,et,0.9660,PASS,31,3,0.251149,0.0000,0.0000,0.9430
8,D,pd,jeffreys_norule,hpd,0.9470,PASS,52,1,0.248511,0.0000,0.0000,0.9430
8,D,rho,flat,et,0.9430,PASS,26,31,0.855348,1.0000,0.0000,0.9380
8,D,rho,flat,hpd,0.9440,PASS,25,31,0.854381,1.0000,0.0000,0.9380
8,D,rho,jeffreys,et,0.9390,PASS,41,20,0.851379,1.0000,0.0000,0.9380
8,D,rho,jeffreys,hpd,0.9430,PASS,37,20,0.850839,1.0000,0.0000,0.9380
8,D,rho,flat_norule,et,0.9400,PASS,28,32,0.876798,0.0000,0.0000,0.9380
8,D,rho,flat_norule,hpd,0.9390,PASS,11,50,0.857247,0.0000,0.0000,0.9380
8,D,rho,jeffreys_norule,et,0.9390,PASS,40,21,0.875737,0.0000,0.0000,0.9380
8,D,rho,jeffreys_norule,hpd,0.9410,PASS,28,31,0.856198,0.0000,0.0000,0.9380
9,A,pd,flat,et,0.9190,BELOW,0,81,3.18445,0.0240,0.0000,0.9800
9,A,pd,flat,hpd,0.9170,BELOW,0,83,3.17773,0.0240,0.0000,0.9800
9,A,pd,jeffreys,et,0.9290,PASS,0,71,2.90611,0.0370,0.0000,0.9800
9,A,pd,jeffreys,hpd,0.9290,PASS,0,71,2.89659,0.0370,0.0000,0.9800
9,A,pd,flat_norule,et,0.9190,BELOW,0,81,3.18445,0.0000,0.0000,0.9800
9,A,pd,flat_norule,hpd,0.9180,BELOW,0,82,3.17773,0.0000,0.0000,0.9800
9,A,pd,jeffreys_norule,et,0.9290,PASS,0,71,2.90611,0.0000,0.0000,0.9800
9,A,pd,jeffreys_norule,hpd,0.9290,PASS,0,71,2.89659,0.0000,0.0000,0.9800
9,A,rho,flat,et,0.9910,ABOVE,0,9,3.99933,0.0240,0.0000,0.9950
9,A,rho,flat,hpd,0.9790,ABOVE,0,21,3.35597,0.0240,0.0000,0.9950
9,A,rho,jeffreys,et,0.9980,ABOVE,0,2,4.38043,0.0370,0.0000,0.9950
9,A,rho,jeffreys,hpd,0.9950,ABOVE,0,5,3.80891,0.0370,0.0000,0.9950
9,A,rho,flat_norule,et,0.9910,ABOVE,0,9,3.99933,0.0000,0.0000,0.9950
9,A,rho,flat_norule,hpd,0.9790,ABOVE,0,21,3.35597,0.0000,0.0000,0.9950
9,A,rho,jeffreys_norule,et,0.9980,ABOVE,0,2,4.38043,0.0000,0.0000,0.9950
9,A,rho,jeffreys_norule,hpd,0.9950,ABOVE,0,5,3.80891,0.0000,0.0000,0.9950
10,A,pd,flat,et,0.9110,BELOW,0,89,2.39064,0.5480,0.0000,0.9440
10,A,pd,flat,hpd,0.9350,PASS,0,65,2.3658,0.5480,0.0000,0.9440
10,A,pd,jeffreys,et,0.9470,PASS,0,53,1.81673,0.8700,0.0000,0.9440
10,A,pd,jeffreys,hpd,0.9540,PASS,5,41,1.78699,0.8700,0.0000,0.9440
10,A,pd,flat_norule,et,0.9110,BELOW,0,89,2.39291,0.0000,0.0000,0.9440
10,A,pd,flat_norule,hpd,0.9390,PASS,0,61,2.36991,0.0000,0.0000,0.9440
10,A,pd,jeffreys_norule,et,0.9470,PASS,0,53,1.8212,0.0000,0.0000,0.9440
10,A,pd,jeffreys_norule,hpd,0.9640,PASS,6,30,1.79051,0.0000,0.0000,0.9440
10,A,rho,flat,et,0.9230,BELOW,0,77,2.91185,0.5480,0.0000,0.9410
10,A,rho,flat,hpd,0.8560,BELOW,0,144,2.77982,0.5480,0.0000,0.9410
10,A,rho,jeffreys,et,0.9740,ABOVE,12,14,3.23263,0.8700,0.0000,0.9410
10,A,rho,jeffreys,hpd,0.9630,PASS,8,29,3.17484,0.8700,0.0000,0.9410
10,A,rho,flat_norule,et,0.9220,BELOW,0,78,2.91564,0.0000,0.0000,0.9410
10,A,rho,flat_norule,hpd,0.8520,BELOW,0,148,2.78165,0.0000,0.0000,0.9410
10,A,rho,jeffreys_norule,et,0.9740,ABOVE,12,14,3.23292,0.0000,0.0000,0.9410
10,A,rho,jeffreys_norule,hpd,0.9630,PASS,6,31,3.17472,0.0000,0.0000,0.9410
11,B,pd,flat,et,0.9100,BELOW,1,89,1.85911,1.0000,0.0000,0.9530
11,B,pd,flat,hpd,0.9380,PASS,2,60,1.8078,1.0000,0.0000,0.9530
11,B,pd,jeffreys,et,0.9490,PASS,18,33,1.42016,1.0000,0.0000,0.9530
11,B,pd,jeffreys,hpd,0.9540,PASS,24,22,1.39602,1.0000,0.0000,0.9530
11,B,pd,flat_norule,et,0.9100,BELOW,1,89,1.86664,0.0000,0.0000,0.9530
11,B,pd,flat_norule,hpd,0.9480,PASS,3,49,1.81031,0.0000,0.0000,0.9530
11,B,pd,jeffreys_norule,et,0.9500,PASS,17,33,1.42717,0.0000,0.0000,0.9530
11,B,pd,jeffreys_norule,hpd,0.9560,PASS,28,16,1.4002,0.0000,0.0000,0.9530
11,B,rho,flat,et,0.9170,BELOW,3,80,1.79847,1.0000,0.0000,0.9410
11,B,rho,flat,hpd,0.9150,BELOW,4,81,1.79239,1.0000,0.0000,0.9410
11,B,rho,jeffreys,et,0.9460,PASS,28,26,1.62992,1.0000,0.0000,0.9410
11,B,rho,jeffreys,hpd,0.9460,PASS,30,24,1.62652,1.0000,0.0000,0.9410
11,B,rho,flat_norule,et,0.9140,BELOW,4,82,1.8066,0.0000,0.0000,0.9410
11,B,rho,flat_norule,hpd,0.8940,BELOW,4,102,1.79922,0.0000,0.0000,0.9410
11,B,rho,jeffreys_norule,et,0.9430,PASS,28,29,1.64056,0.0000,0.0000,0.9410
11,B,rho,jeffreys_norule,hpd,0.9420,PASS,27,31,1.6335,0.0000,0.0000,0.9410
12,A,pd,flat,et,0.9450,PASS,0,55,2.51881,0.1660,0.0000,0.9800
12,A,pd,flat,hpd,0.9460,PASS,0,54,2.51131,0.1660,0.0000,0.9800
12,A,pd,jeffreys,et,0.9510,PASS,0,49,2.38286,0.2740,0.0000,0.9800
12,A,pd,jeffreys,hpd,0.9580,PASS,0,42,2.38107,0.2740,0.0000,0.9800
12,A,pd,flat_norule,et,0.9450,PASS,0,55,2.5227,0.0000,0.0000,0.9800
12,A,pd,flat_norule,hpd,0.9470,PASS,0,53,2.51124,0.0000,0.0000,0.9800
12,A,pd,jeffreys_norule,et,0.9510,PASS,0,49,2.38286,0.0000,0.0000,0.9800
12,A,pd,jeffreys_norule,hpd,0.9580,PASS,0,42,2.38107,0.0000,0.0000,0.9800
12,A,rho,flat,et,0.9820,ABOVE,0,18,4.24063,0.1660,0.0000,0.9900
12,A,rho,flat,hpd,0.9530,PASS,0,47,3.61817,0.1660,0.0000,0.9900
12,A,rho,jeffreys,et,0.9940,ABOVE,0,6,4.44408,0.2740,0.0000,0.9900
12,A,rho,jeffreys,hpd,0.9850,ABOVE,0,15,3.89878,0.2740,0.0000,0.9900
12,A,rho,flat_norule,et,0.9820,ABOVE,0,18,4.24063,0.0000,0.0000,0.9900
12,A,rho,flat_norule,hpd,0.9530,PASS,0,47,3.61817,0.0000,0.0000,0.9900
12,A,rho,jeffreys_norule,et,0.9940,ABOVE,0,6,4.44408,0.0000,0.0000,0.9900
12,A,rho,jeffreys_norule,hpd,0.9850,ABOVE,0,15,3.89878,0.0000,0.0000,0.9900
13,C,pd,flat,et,0.9370,PASS,1,62,1.51069,0.9990,0.0000,0.9550
13,C,pd,flat,hpd,0.9580,PASS,1,41,1.47875,0.9990,0.0000,0.9550
13,C,pd,jeffreys,et,0.9530,PASS,12,35,1.21113,1.0000,0.0000,0.9550
13,C,pd,jeffreys,hpd,0.9630,PASS,12,25,1.19878,1.0000,0.0000,0.9550
13,C,pd,flat_norule,et,0.9400,PASS,1,59,1.51929,0.0000,0.0000,0.9550
13,C,pd,flat_norule,hpd,0.9630,PASS,3,34,1.48262,0.0000,0.0000,0.9550
13,C,pd,jeffreys_norule,et,0.9530,PASS,12,35,1.21917,0.0000,0.0000,0.9550
13,C,pd,jeffreys_norule,hpd,0.9680,PASS,12,20,1.20052,0.0000,0.0000,0.9550
13,C,rho,flat,et,0.9330,PASS,4,63,2.22724,0.9990,0.0000,0.9450
13,C,rho,flat,hpd,0.9110,BELOW,3,86,2.22363,0.9990,0.0000,0.9450
13,C,rho,jeffreys,et,0.9460,PASS,31,23,2.17997,1.0000,0.0000,0.9450
13,C,rho,jeffreys,hpd,0.9570,PASS,16,27,2.17429,1.0000,0.0000,0.9450
13,C,rho,flat_norule,et,0.9320,PASS,5,63,2.2315,0.0000,0.0000,0.9450
13,C,rho,flat_norule,hpd,0.9010,BELOW,2,97,2.22431,0.0000,0.0000,0.9450
13,C,rho,jeffreys_norule,et,0.9450,PASS,31,24,2.18599,0.0000,0.0000,0.9450
13,C,rho,jeffreys_norule,hpd,0.9580,PASS,10,32,2.17748,0.0000,0.0000,0.9450
14,C,pd,flat,et,0.9550,PASS,7,38,1.08992,1.0000,0.0000,0.9610
14,C,pd,flat,hpd,0.9640,PASS,11,25,1.07633,1.0000,0.0000,0.9610
14,C,pd,jeffreys,et,0.9580,PASS,24,18,0.966455,1.0000,0.0000,0.9610
14,C,pd,jeffreys,hpd,0.9580,PASS,31,11,0.957171,1.0000,0.0000,0.9610
14,C,pd,flat_norule,et,0.9560,PASS,7,37,1.09872,0.0000,0.0000,0.9610
14,C,pd,flat_norule,hpd,0.9660,PASS,14,20,1.07924,0.0000,0.0000,0.9610
14,C,pd,jeffreys_norule,et,0.9600,PASS,23,17,0.977063,0.0000,0.0000,0.9610
14,C,pd,jeffreys_norule,hpd,0.9590,PASS,34,7,0.964542,0.0000,0.0000,0.9610
14,C,rho,flat,et,0.9370,PASS,11,52,1.19822,1.0000,0.0000,0.9480
14,C,rho,flat,hpd,0.9410,PASS,12,47,1.1951,1.0000,0.0000,0.9480
14,C,rho,jeffreys,et,0.9500,PASS,35,15,1.13645,1.0000,0.0000,0.9480
14,C,rho,jeffreys,hpd,0.9530,PASS,34,13,1.13447,1.0000,0.0000,0.9480
14,C,rho,flat_norule,et,0.9350,PASS,11,54,1.21141,0.0000,0.0000,0.9480
14,C,rho,flat_norule,hpd,0.9290,PASS,8,63,1.19791,0.0000,0.0000,0.9480
14,C,rho,jeffreys_norule,et,0.9480,PASS,35,17,1.15085,0.0000,0.0000,0.9480
14,C,rho,jeffreys_norule,hpd,0.9460,PASS,34,20,1.14699,0.0000,0.0000,0.9480
15,A,pd,flat,et,0.9560,PASS,2,42,1.61959,0.9410,0.0000,0.9700
15,A,pd,flat,hpd,0.9510,PASS,7,42,1.61474,0.9410,0.0000,0.9700
15,A,pd,jeffreys,et,0.9540,PASS,2,44,1.49274,0.9760,0.0000,0.9700
15,A,pd,jeffreys,hpd,0.9490,PASS,7,44,1.49115,0.9760,0.0000,0.9700
15,A,pd,flat_norule,et,0.9570,PASS,2,41,1.61794,0.0000,0.0000,0.9700
15,A,pd,flat_norule,hpd,0.9520,PASS,7,41,1.61792,0.0000,0.0000,0.9700
15,A,pd,jeffreys_norule,et,0.9540,PASS,2,44,1.49796,0.0000,0.0000,0.9700
15,A,pd,jeffreys_norule,hpd,0.9540,PASS,7,39,1.49747,0.0000,0.0000,0.9700
15,A,rho,flat,et,0.9650,PASS,0,35,4.19611,0.9410,0.0000,0.9860
15,A,rho,flat,hpd,0.9140,BELOW,0,86,3.71792,0.9410,0.0000,0.9860
15,A,rho,jeffreys,et,0.9860,ABOVE,0,14,4.25539,0.9760,0.0000,0.9860
15,A,rho,jeffreys,hpd,0.9640,PASS,0,36,3.95721,0.9760,0.0000,0.9860
15,A,rho,flat_norule,et,0.9650,PASS,0,35,4.19747,0.0000,0.0000,0.9860
15,A,rho,flat_norule,hpd,0.9140,BELOW,0,86,3.71402,0.0000,0.0000,0.9860
15,A,rho,jeffreys_norule,et,0.9860,ABOVE,0,14,4.25867,0.0000,0.0000,0.9860
15,A,rho,jeffreys_norule,hpd,0.9640,PASS,0,36,3.95482,0.0000,0.0000,0.9860
16,D,pd,flat,et,0.9420,PASS,10,48,0.798221,1.0000,0.0000,0.9520
16,D,pd,flat,hpd,0.9550,PASS,11,34,0.794098,1.0000,0.0000,0.9520
16,D,pd,jeffreys,et,0.9540,PASS,17,29,0.739766,1.0000,0.0000,0.9520
16,D,pd,jeffreys,hpd,0.9530,PASS,21,26,0.737143,1.0000,0.0000,0.9520
16,D,pd,flat_norule,et,0.9470,PASS,10,43,0.811062,0.0000,0.0000,0.9520
16,D,pd,flat_norule,hpd,0.9660,PASS,14,20,0.799146,0.0000,0.0000,0.9520
16,D,pd,jeffreys_norule,et,0.9570,PASS,17,26,0.752742,0.0000,0.0000,0.9520
16,D,pd,jeffreys_norule,hpd,0.9560,PASS,25,19,0.745934,0.0000,0.0000,0.9520
16,D,rho,flat,et,0.9450,PASS,10,45,1.3135,1.0000,0.0000,0.9510
16,D,rho,flat,hpd,0.9520,PASS,5,43,1.31183,1.0000,0.0000,0.9510
16,D,rho,jeffreys,et,0.9530,PASS,24,23,1.2848,1.0000,0.0000,0.9510
16,D,rho,jeffreys,hpd,0.9640,PASS,14,22,1.28308,1.0000,0.0000,0.9510
16,D,rho,flat_norule,et,0.9430,PASS,10,47,1.32567,0.0000,0.0000,0.9510
16,D,rho,flat_norule,hpd,0.9410,PASS,4,55,1.322,0.0000,0.0000,0.9510
16,D,rho,jeffreys_norule,et,0.9500,PASS,26,24,1.29768,0.0000,0.0000,0.9510
16,D,rho,jeffreys_norule,hpd,0.9590,PASS,10,31,1.29313,0.0000,0.0000,0.9510
17,D,pd,flat,et,0.9450,PASS,14,41,0.634887,1.0000,0.0000,0.9390
17,D,pd,flat,hpd,0.9470,PASS,17,36,0.63078,1.0000,0.0000,0.9390
17,D,pd,jeffreys,et,0.9440,PASS,27,29,0.60664,1.0000,0.0000,0.9390
17,D,pd,jeffreys,hpd,0.9390,PASS,32,29,0.603905,1.0000,0.0000,0.9390
17,D,pd,flat_norule,et,0.9470,PASS,14,39,0.647142,0.0000,0.0000,0.9390
17,D,pd,flat_norule,hpd,0.9540,PASS,21,25,0.635707,0.0000,0.0000,0.9390
17,D,pd,jeffreys_norule,et,0.9450,PASS,27,28,0.620024,0.0000,0.0000,0.9390
17,D,pd,jeffreys_norule,hpd,0.9450,PASS,38,17,0.613924,0.0000,0.0000,0.9390
17,D,rho,flat,et,0.9500,PASS,13,37,0.728172,1.0000,0.0000,0.9610
17,D,rho,flat,hpd,0.9490,PASS,13,38,0.72626,1.0000,0.0000,0.9610
17,D,rho,jeffreys,et,0.9610,PASS,19,20,0.713483,1.0000,0.0000,0.9610
17,D,rho,jeffreys,hpd,0.9600,PASS,19,21,0.713068,1.0000,0.0000,0.9610
17,D,rho,flat_norule,et,0.9410,PASS,13,46,0.758675,0.0000,0.0000,0.9610
17,D,rho,flat_norule,hpd,0.9320,PASS,6,62,0.742528,0.0000,0.0000,0.9610
17,D,rho,jeffreys_norule,et,0.9550,PASS,19,26,0.741992,0.0000,0.0000,0.9610
17,D,rho,jeffreys_norule,hpd,0.9510,PASS,17,32,0.721185,0.0000,0.0000,0.9610
18,A,pd,flat,et,0.9390,PASS,0,61,3.41737,0.0750,0.0000,0.9810
18,A,pd,flat,hpd,0.9360,PASS,0,64,3.40417,0.0750,0.0000,0.9810
18,A,pd,jeffreys,et,0.9530,PASS,0,47,3.26671,0.0430,0.0000,0.9810
18,A,pd,jeffreys,hpd,0.9510,PASS,0,49,3.25196,0.0430,0.0000,0.9810
18,A,pd,flat_norule,et,0.9390,PASS,0,61,3.41737,0.0000,0.0000,0.9810
18,A,pd,flat_norule,hpd,0.9380,PASS,0,62,3.40417,0.0000,0.0000,0.9810
18,A,pd,jeffreys_norule,et,0.9530,PASS,0,47,3.26671,0.0000,0.0000,0.9810
18,A,pd,jeffreys_norule,hpd,0.9510,PASS,0,49,3.25196,0.0000,0.0000,0.9810
18,A,rho,flat,et,0.9990,ABOVE,0,1,3.99933,0.0750,0.0000,0.9990
18,A,rho,flat,hpd,0.9960,ABOVE,0,4,3.35597,0.0750,0.0000,0.9990
18,A,rho,jeffreys,et,1.0000,ABOVE,0,0,4.38043,0.0430,0.0000,0.9990
18,A,rho,jeffreys,hpd,0.9990,ABOVE,0,1,3.80891,0.0430,0.0000,0.9990
18,A,rho,flat_norule,et,0.9990,ABOVE,0,1,3.99933,0.0000,0.0000,0.9990
18,A,rho,flat_norule,hpd,0.9960,ABOVE,0,4,3.35597,0.0000,0.0000,0.9990
18,A,rho,jeffreys_norule,et,1.0000,ABOVE,0,0,4.38043,0.0000,0.0000,0.9990
18,A,rho,jeffreys_norule,hpd,0.9990,ABOVE,0,1,3.80891,0.0000,0.0000,0.9990
19,A,pd,flat,et,0.9230,BELOW,0,77,2.64025,0.6780,0.0000,0.9410
19,A,pd,flat,hpd,0.9280,PASS,0,72,2.62971,0.6780,0.0000,0.9410
19,A,pd,jeffreys,et,0.9630,PASS,0,37,2.33642,0.7190,0.0000,0.9410
19,A,pd,jeffreys,hpd,0.9530,PASS,19,28,2.31517,0.7190,0.0000,0.9410
19,A,pd,flat_norule,et,0.9220,BELOW,0,78,2.64714,0.0000,0.0000,0.9410
19,A,pd,flat_norule,hpd,0.9360,PASS,0,64,2.63392,0.0000,0.0000,0.9410
19,A,pd,jeffreys_norule,et,0.9640,PASS,0,36,2.3394,0.0000,0.0000,0.9410
19,A,pd,jeffreys_norule,hpd,0.9520,PASS,20,28,2.31622,0.0000,0.0000,0.9410
19,A,rho,flat,et,0.9730,ABOVE,0,27,2.12591,0.6780,0.0000,0.9500
19,A,rho,flat,hpd,0.9250,BELOW,0,75,1.91981,0.6780,0.0000,0.9500
19,A,rho,jeffreys,et,0.9730,ABOVE,21,6,2.54763,0.7190,0.0000,0.9500
19,A,rho,jeffreys,hpd,0.9820,ABOVE,11,7,2.44121,0.7190,0.0000,0.9500
19,A,rho,flat_norule,et,0.9730,ABOVE,0,27,2.12726,0.0000,0.0000,0.9500
19,A,rho,flat_norule,hpd,0.9270,BELOW,0,73,1.92393,0.0000,0.0000,0.9500
19,A,rho,jeffreys_norule,et,0.9720,PASS,22,6,2.54745,0.0000,0.0000,0.9500
19,A,rho,jeffreys_norule,hpd,0.9850,ABOVE,8,7,2.44173,0.0000,0.0000,0.9500
20,A,pd,flat,et,0.9050,BELOW,1,94,2.48809,0.9970,0.0000,0.9440
20,A,pd,flat,hpd,0.9070,BELOW,2,91,2.47534,0.9970,0.0000,0.9440
20,A,pd,jeffreys,et,0.9510,PASS,17,32,2.22756,1.0000,0.0000,0.9440
20,A,pd,jeffreys,hpd,0.9340,PASS,36,30,2.19007,1.0000,0.0000,0.9440
20,A,pd,flat_norule,et,0.9050,BELOW,1,94,2.49667,0.0000,0.0000,0.9440
20,A,pd,flat_norule,hpd,0.9270,BELOW,2,71,2.48099,0.0000,0.0000,0.9440
20,A,pd,jeffreys_norule,et,0.9510,PASS,17,32,2.22774,0.0000,0.0000,0.9440
20,A,pd,jeffreys_norule,hpd,0.9370,PASS,36,27,2.19076,0.0000,0.0000,0.9440
20,A,rho,flat,et,0.9310,PASS,1,68,1.65282,0.9970,0.0000,0.9440
20,A,rho,flat,hpd,0.8680,BELOW,2,130,1.60164,0.9970,0.0000,0.9440
20,A,rho,jeffreys,et,0.9570,PASS,33,10,1.68076,1.0000,0.0000,0.9440
20,A,rho,jeffreys,hpd,0.9360,PASS,36,28,1.6735,1.0000,0.0000,0.9440
20,A,rho,flat_norule,et,0.9310,PASS,1,68,1.65814,0.0000,0.0000,0.9440
20,A,rho,flat_norule,hpd,0.8690,BELOW,1,130,1.60246,0.0000,0.0000,0.9440
20,A,rho,jeffreys_norule,et,0.9570,PASS,33,10,1.68627,0.0000,0.0000,0.9440
20,A,rho,jeffreys_norule,hpd,0.9370,PASS,36,27,1.6754,0.0000,0.0000,0.9440
21,A,pd,flat,et,0.9370,PASS,0,63,2.64105,0.2170,0.0000,0.9780
21,A,pd,flat,hpd,0.9320,PASS,0,68,2.63932,0.2170,0.0000,0.9780
21,A,pd,jeffreys,et,0.9460,PASS,0,54,2.41551,0.2580,0.0000,0.9780
21,A,pd,jeffreys,hpd,0.9530,PASS,0,47,2.41418,0.2580,0.0000,0.9780
21,A,pd,flat_norule,et,0.9370,PASS,0,63,2.64105,0.0000,0.0000,0.9780
21,A,pd,flat_norule,hpd,0.9390,PASS,0,61,2.63932,0.0000,0.0000,0.9780
21,A,pd,jeffreys_norule,et,0.9460,PASS,0,54,2.41551,0.0000,0.0000,0.9780
21,A,pd,jeffreys_norule,hpd,0.9540,PASS,0,46,2.41418,0.0000,0.0000,0.9780
21,A,rho,flat,et,0.9960,ABOVE,0,4,4.05211,0.2170,0.0000,0.9940
21,A,rho,flat,hpd,0.9880,ABOVE,0,12,3.41242,0.2170,0.0000,0.9940
21,A,rho,jeffreys,et,0.9980,ABOVE,0,2,4.19626,0.2580,0.0000,0.9940
21,A,rho,jeffreys,hpd,0.9960,ABOVE,0,4,3.61582,0.2580,0.0000,0.9940
21,A,rho,flat_norule,et,0.9960,ABOVE,0,4,4.05211,0.0000,0.0000,0.9940
21,A,rho,flat_norule,hpd,0.9880,ABOVE,0,12,3.41242,0.0000,0.0000,0.9940
21,A,rho,jeffreys_norule,et,0.9980,ABOVE,0,2,4.19626,0.0000,0.0000,0.9940
21,A,rho,jeffreys_norule,hpd,0.9960,ABOVE,0,4,3.61582,0.0000,0.0000,0.9940
22,A,pd,flat,et,0.9450,PASS,1,54,2.00175,0.9710,0.0000,0.9420
22,A,pd,flat,hpd,0.9460,PASS,6,48,1.9914,0.9710,0.0000,0.9420
22,A,pd,jeffreys,et,0.9490,PASS,27,24,1.80904,0.9980,0.0000,0.9420
22,A,pd,jeffreys,hpd,0.9440,PASS,37,19,1.79487,0.9980,0.0000,0.9420
22,A,pd,flat_norule,et,0.9450,PASS,1,54,2.00783,0.0000,0.0000,0.9420
22,A,pd,flat_norule,hpd,0.9500,PASS,8,42,1.99901,0.0000,0.0000,0.9420
22,A,pd,jeffreys_norule,et,0.9500,PASS,27,23,1.81202,0.0000,0.0000,0.9420
22,A,pd,jeffreys_norule,hpd,0.9470,PASS,38,15,1.79762,0.0000,0.0000,0.9420
22,A,rho,flat,et,0.9470,PASS,2,51,1.82834,0.9710,0.0000,0.9330
22,A,rho,flat,hpd,0.9070,BELOW,0,93,1.7494,0.9710,0.0000,0.9330
22,A,rho,jeffreys,et,0.9390,PASS,41,20,1.92868,0.9980,0.0000,0.9330
22,A,rho,jeffreys,hpd,0.9410,PASS,24,35,1.91009,0.9980,0.0000,0.9330
22,A,rho,flat_norule,et,0.9480,PASS,2,50,1.83254,0.0000,0.0000,0.9330
22,A,rho,flat_norule,hpd,0.9080,BELOW,0,92,1.7542,0.0000,0.0000,0.9330
22,A,rho,jeffreys_norule,et,0.9390,PASS,41,20,1.92967,0.0000,0.0000,0.9330
22,A,rho,jeffreys_norule,hpd,0.9430,PASS,22,35,1.91423,0.0000,0.0000,0.9330
23,A,pd,flat,et,0.9230,BELOW,6,71,1.84914,1.0000,0.0000,0.9540
23,A,pd,flat,hpd,0.9330,PASS,6,61,1.82931,1.0000,0.0000,0.9540
23,A,pd,jeffreys,et,0.9530,PASS,19,28,1.63715,1.0000,0.0000,0.9540
23,A,pd,jeffreys,hpd,0.9470,PASS,30,23,1.61725,1.0000,0.0000,0.9540
23,A,pd,flat_norule,et,0.9240,BELOW,6,70,1.84968,0.0000,0.0000,0.9540
23,A,pd,flat_norule,hpd,0.9410,PASS,7,52,1.83118,0.0000,0.0000,0.9540
23,A,pd,jeffreys_norule,et,0.9540,PASS,19,27,1.64076,0.0000,0.0000,0.9540
23,A,pd,jeffreys_norule,hpd,0.9520,PASS,32,16,1.62115,0.0000,0.0000,0.9540
23,A,rho,flat,et,0.9190,BELOW,8,73,1.29871,1.0000,0.0000,0.9520
23,A,rho,flat,hpd,0.8830,BELOW,8,109,1.2927,1.0000,0.0000,0.9520
23,A,rho,jeffreys,et,0.9580,PASS,26,16,1.24427,1.0000,0.0000,0.9520
23,A,rho,jeffreys,hpd,0.9410,PASS,29,30,1.24109,1.0000,0.0000,0.9520
23,A,rho,flat_norule,et,0.9200,BELOW,7,73,1.30786,0.0000,0.0000,0.9520
23,A,rho,flat_norule,hpd,0.8840,BELOW,7,109,1.30094,0.0000,0.0000,0.9520
23,A,rho,jeffreys_norule,et,0.9600,PASS,24,16,1.25806,0.0000,0.0000,0.9520
23,A,rho,jeffreys_norule,hpd,0.9410,PASS,27,32,1.24442,0.0000,0.0000,0.9520
24,A,pd,flat,et,0.9380,PASS,3,59,1.7373,0.9120,0.0000,0.9710
24,A,pd,flat,hpd,0.9300,PASS,12,58,1.73236,0.9120,0.0000,0.9710
24,A,pd,jeffreys,et,0.9500,PASS,3,47,1.63283,0.9650,0.0000,0.9710
24,A,pd,jeffreys,hpd,0.9380,PASS,12,50,1.63268,0.9650,0.0000,0.9710
24,A,pd,flat_norule,et,0.9380,PASS,3,59,1.74326,0.0000,0.0000,0.9710
24,A,pd,flat_norule,hpd,0.9360,PASS,12,52,1.74079,0.0000,0.0000,0.9710
24,A,pd,jeffreys_norule,et,0.9510,PASS,3,46,1.63791,0.0000,0.0000,0.9710
24,A,pd,jeffreys_norule,hpd,0.9470,PASS,12,41,1.63628,0.0000,0.0000,0.9710
24,A,rho,flat,et,0.9820,ABOVE,0,18,3.04221,0.9120,0.0000,0.9520
24,A,rho,flat,hpd,0.9650,PASS,0,35,2.60521,0.9120,0.0000,0.9520
24,A,rho,jeffreys,et,0.9920,ABOVE,2,6,3.33948,0.9650,0.0000,0.9520
24,A,rho,jeffreys,hpd,0.9790,ABOVE,1,20,2.92347,0.9650,0.0000,0.9520
24,A,rho,flat_norule,et,0.9820,ABOVE,0,18,3.04456,0.0000,0.0000,0.9520
24,A,rho,flat_norule,hpd,0.9650,PASS,0,35,2.60653,0.0000,0.0000,0.9520
24,A,rho,jeffreys_norule,et,0.9920,ABOVE,2,6,3.33943,0.0000,0.0000,0.9520
24,A,rho,jeffreys_norule,hpd,0.9800,ABOVE,0,20,2.92771,0.0000,0.0000,0.9520
25,D,pd,flat,et,0.9360,PASS,13,51,1.30944,1.0000,0.0000,0.9440
25,D,pd,flat,hpd,0.9440,PASS,15,41,1.29732,1.0000,0.0000,0.9440
25,D,pd,jeffreys,et,0.9460,PASS,26,28,1.18343,1.0000,0.0000,0.9440
25,D,pd,jeffreys,hpd,0.9470,PASS,31,22,1.17254,1.0000,0.0000,0.9440
25,D,pd,flat_norule,et,0.9370,PASS,13,50,1.31464,0.0000,0.0000,0.9440
25,D,pd,flat_norule,hpd,0.9450,PASS,17,38,1.29802,0.0000,0.0000,0.9440
25,D,pd,jeffreys_norule,et,0.9480,PASS,26,26,1.19407,0.0000,0.0000,0.9440
25,D,pd,jeffreys_norule,hpd,0.9470,PASS,36,17,1.17211,0.0000,0.0000,0.9440
25,D,rho,flat,et,0.9410,PASS,9,50,1.2887,1.0000,0.0000,0.9500
25,D,rho,flat,hpd,0.9110,BELOW,7,82,1.2844,1.0000,0.0000,0.9500
25,D,rho,jeffreys,et,0.9570,PASS,23,20,1.26147,1.0000,0.0000,0.9500
25,D,rho,jeffreys,hpd,0.9450,PASS,24,31,1.26057,1.0000,0.0000,0.9500
25,D,rho,flat_norule,et,0.9430,PASS,9,48,1.29927,0.0000,0.0000,0.9500
25,D,rho,flat_norule,hpd,0.9070,BELOW,6,87,1.29236,0.0000,0.0000,0.9500
25,D,rho,jeffreys_norule,et,0.9570,PASS,23,20,1.27427,0.0000,0.0000,0.9500
25,D,rho,jeffreys_norule,hpd,0.9480,PASS,18,34,1.26626,0.0000,0.0000,0.9500
26,D,pd,flat,et,0.9390,PASS,11,50,1.09603,1.0000,0.0000,0.9430
26,D,pd,flat,hpd,0.9410,PASS,12,47,1.08886,1.0000,0.0000,0.9430
26,D,pd,jeffreys,et,0.9440,PASS,23,33,1.03372,1.0000,0.0000,0.9430
26,D,pd,jeffreys,hpd,0.9410,PASS,30,29,1.02598,1.0000,0.0000,0.9430
26,D,pd,flat_norule,et,0.9400,PASS,11,49,1.10443,0.0000,0.0000,0.9430
26,D,pd,flat_norule,hpd,0.9480,PASS,15,37,1.09523,0.0000,0.0000,0.9430
26,D,pd,jeffreys_norule,et,0.9470,PASS,23,30,1.04137,0.0000,0.0000,0.9430
26,D,pd,jeffreys_norule,hpd,0.9400,PASS,38,22,1.0288,0.0000,0.0000,0.9430
26,D,rho,flat,et,0.9410,PASS,11,48,0.814264,1.0000,0.0000,0.9470
26,D,rho,flat,hpd,0.9440,PASS,11,45,0.813078,1.0000,0.0000,0.9470
26,D,rho,jeffreys,et,0.9450,PASS,31,24,0.791126,1.0000,0.0000,0.9470
26,D,rho,jeffreys,hpd,0.9460,PASS,32,22,0.789357,1.0000,0.0000,0.9470
26,D,rho,flat_norule,et,0.9420,PASS,10,48,0.831225,0.0000,0.0000,0.9470
26,D,rho,flat_norule,hpd,0.9300,PASS,9,61,0.825369,0.0000,0.0000,0.9470
26,D,rho,jeffreys_norule,et,0.9560,PASS,22,22,0.810992,0.0000,0.0000,0.9470
26,D,rho,jeffreys_norule,hpd,0.9460,PASS,24,30,0.805247,0.0000,0.0000,0.9470
27,A,pd,flat,et,0.9700,PASS,0,30,1.28036,0.9920,0.0000,0.9660
27,A,pd,flat,hpd,0.9750,ABOVE,0,25,1.26929,0.9920,0.0000,0.9660
27,A,pd,jeffreys,et,0.9710,PASS,0,29,1.0987,1.0000,0.0000,0.9660
27,A,pd,jeffreys,hpd,0.9740,ABOVE,0,26,1.09764,1.0000,0.0000,0.9660
27,A,pd,flat_norule,et,0.9690,PASS,0,31,1.28873,0.0000,0.0000,0.9660
27,A,pd,flat_norule,hpd,0.9670,PASS,0,33,1.27431,0.0000,0.0000,0.9660
27,A,pd,jeffreys_norule,et,0.9700,PASS,0,30,1.10656,0.0000,0.0000,0.9660
27,A,pd,jeffreys_norule,hpd,0.9640,PASS,0,36,1.10264,0.0000,0.0000,0.9660
27,A,rho,flat,et,0.9150,BELOW,0,85,4.52019,0.9920,0.0000,0.9790
27,A,rho,flat,hpd,0.8540,BELOW,0,146,4.4288,0.9920,0.0000,0.9790
27,A,rho,jeffreys,et,0.9720,PASS,0,28,4.41259,1.0000,0.0000,0.9790
27,A,rho,jeffreys,hpd,0.9560,PASS,0,44,4.36274,1.0000,0.0000,0.9790
27,A,rho,flat_norule,et,0.9150,BELOW,0,85,4.5228,0.0000,0.0000,0.9790
27,A,rho,flat_norule,hpd,0.8540,BELOW,0,146,4.43018,0.0000,0.0000,0.9790
27,A,rho,jeffreys_norule,et,0.9720,PASS,0,28,4.40385,0.0000,0.0000,0.9790
27,A,rho,jeffreys_norule,hpd,0.9500,PASS,0,50,4.35529,0.0000,0.0000,0.9790
28,A,pd,flat,et,0.9580,PASS,5,37,0.521116,1.0000,0.0000,0.9370
28,A,pd,flat,hpd,0.9620,PASS,9,29,0.518487,1.0000,0.0000,0.9370
28,A,pd,jeffreys,et,0.9460,PASS,17,37,0.460046,1.0000,0.0000,0.9370
28,A,pd,jeffreys,hpd,0.9450,PASS,20,35,0.45906,1.0000,0.0000,0.9370
28,A,pd,flat_norule,et,0.9560,PASS,3,41,0.537234,0.0000,0.0000,0.9370
28,A,pd,flat_norule,hpd,0.9500,PASS,2,48,0.519196,0.0000,0.0000,0.9370
28,A,pd,jeffreys_norule,et,0.9450,PASS,16,39,0.480933,0.0000,0.0000,0.9370
28,A,pd,jeffreys_norule,hpd,0.9430,PASS,8,49,0.474804,0.0000,0.0000,0.9370
28,A,rho,flat,et,0.9500,PASS,4,46,2.35882,1.0000,0.0000,0.9430
28,A,rho,flat,hpd,0.9430,PASS,12,45,2.34443,1.0000,0.0000,0.9430
28,A,rho,jeffreys,et,0.9640,PASS,20,16,2.44145,1.0000,0.0000,0.9430
28,A,rho,jeffreys,hpd,0.9440,PASS,38,18,2.40922,1.0000,0.0000,0.9430
28,A,rho,flat_norule,et,0.9500,PASS,4,46,2.36211,0.0000,0.0000,0.9430
28,A,rho,flat_norule,hpd,0.9370,PASS,11,52,2.34554,0.0000,0.0000,0.9430
28,A,rho,jeffreys_norule,et,0.9630,PASS,20,17,2.44569,0.0000,0.0000,0.9430
28,A,rho,jeffreys_norule,hpd,0.9460,PASS,35,19,2.41545,0.0000,0.0000,0.9430
29,B,pd,flat,et,0.9390,PASS,25,36,0.405423,1.0000,0.0000,0.9200
29,B,pd,flat,hpd,0.9420,PASS,27,31,0.40355,1.0000,0.0000,0.9200
29,B,pd,jeffreys,et,0.9250,BELOW,40,35,0.363322,1.0000,0.0000,0.9200
29,B,pd,jeffreys,hpd,0.9260,BELOW,43,31,0.361744,1.0000,0.0000,0.9200
29,B,pd,flat_norule,et,0.9390,PASS,19,42,0.433725,0.0000,0.0000,0.9200
29,B,pd,flat_norule,hpd,0.9280,PASS,17,55,0.411013,0.0000,0.0000,0.9200
29,B,pd,jeffreys_norule,et,0.9280,PASS,33,39,0.379603,0.0000,0.0000,0.9200
29,B,pd,jeffreys_norule,hpd,0.9240,BELOW,26,50,0.372976,0.0000,0.0000,0.9200
29,B,rho,flat,et,0.9440,PASS,8,48,1.4861,1.0000,0.0000,0.9270
29,B,rho,flat,hpd,0.9530,PASS,9,38,1.47883,1.0000,0.0000,0.9270
29,B,rho,jeffreys,et,0.9360,PASS,48,16,1.38167,1.0000,0.0000,0.9270
29,B,rho,jeffreys,hpd,0.9310,PASS,55,14,1.37416,1.0000,0.0000,0.9270
29,B,rho,flat_norule,et,0.9400,PASS,8,52,1.49683,0.0000,0.0000,0.9270
29,B,rho,flat_norule,hpd,0.9420,PASS,7,51,1.4882,0.0000,0.0000,0.9270
29,B,rho,jeffreys_norule,et,0.9330,PASS,49,18,1.39499,0.0000,0.0000,0.9270
29,B,rho,jeffreys_norule,hpd,0.9320,PASS,43,25,1.37718,0.0000,0.0000,0.9270
30,A,pd,flat,et,0.9700,PASS,3,27,0.775045,1.0000,0.0000,0.9490
30,A,pd,flat,hpd,0.9720,PASS,3,25,0.774823,1.0000,0.0000,0.9490
30,A,pd,jeffreys,et,0.9680,PASS,5,27,0.731908,1.0000,0.0000,0.9490
30,A,pd,jeffreys,hpd,0.9690,PASS,4,27,0.731539,1.0000,0.0000,0.9490
30,A,pd,flat_norule,et,0.9700,PASS,3,27,0.787198,0.0000,0.0000,0.9490
30,A,pd,flat_norule,hpd,0.9650,PASS,2,33,0.774476,0.0000,0.0000,0.9490
30,A,pd,jeffreys_norule,et,0.9690,PASS,4,27,0.74644,0.0000,0.0000,0.9490
30,A,pd,jeffreys_norule,hpd,0.9610,PASS,3,36,0.743905,0.0000,0.0000,0.9490
30,A,rho,flat,et,0.9410,PASS,0,59,4.00473,1.0000,0.0000,0.9820
30,A,rho,flat,hpd,0.9060,BELOW,0,94,3.92323,1.0000,0.0000,0.9820
30,A,rho,jeffreys,et,0.9730,ABOVE,0,27,3.97952,1.0000,0.0000,0.9820
30,A,rho,jeffreys,hpd,0.9570,PASS,0,43,3.91242,1.0000,0.0000,0.9820
30,A,rho,flat_norule,et,0.9410,PASS,0,59,4.00572,0.0000,0.0000,0.9820
30,A,rho,flat_norule,hpd,0.8990,BELOW,0,101,3.91969,0.0000,0.0000,0.9820
30,A,rho,jeffreys_norule,et,0.9730,ABOVE,0,27,3.98432,0.0000,0.0000,0.9820
30,A,rho,jeffreys_norule,hpd,0.9550,PASS,0,45,3.90792,0.0000,0.0000,0.9820
31,C,pd,flat,et,0.9610,PASS,10,29,0.332734,1.0000,0.0000,0.9480
31,C,pd,flat,hpd,0.9620,PASS,10,28,0.332488,1.0000,0.0000,0.9480
31,C,pd,jeffreys,et,0.9530,PASS,18,29,0.315776,1.0000,0.0000,0.9480
31,C,pd,jeffreys,hpd,0.9550,PASS,16,29,0.3157,1.0000,0.0000,0.9480
31,C,pd,flat_norule,et,0.9550,PASS,6,39,0.36095,0.0000,0.0000,0.9480
31,C,pd,flat_norule,hpd,0.9420,PASS,5,53,0.354839,0.0000,0.0000,0.9480
31,C,pd,jeffreys_norule,et,0.9520,PASS,9,39,0.350015,0.0000,0.0000,0.9480
31,C,pd,jeffreys_norule,hpd,0.9330,PASS,6,61,0.341052,0.0000,0.0000,0.9480
31,C,rho,flat,et,0.9410,PASS,21,38,1.61901,1.0000,0.0000,0.9370
31,C,rho,flat,hpd,0.9430,PASS,19,38,1.61239,1.0000,0.0000,0.9370
31,C,rho,jeffreys,et,0.9440,PASS,37,19,1.64915,1.0000,0.0000,0.9370
31,C,rho,jeffreys,hpd,0.9540,PASS,28,18,1.63883,1.0000,0.0000,0.9370
31,C,rho,flat_norule,et,0.9410,PASS,21,38,1.62827,0.0000,0.0000,0.9370
31,C,rho,flat_norule,hpd,0.9320,PASS,16,52,1.6192,0.0000,0.0000,0.9370
31,C,rho,jeffreys_norule,et,0.9410,PASS,38,21,1.6544,0.0000,0.0000,0.9370
31,C,rho,jeffreys_norule,hpd,0.9470,PASS,25,28,1.64668,0.0000,0.0000,0.9370
32,C,pd,flat,et,0.9560,PASS,15,29,0.268799,1.0000,0.0000,0.9400
32,C,pd,flat,hpd,0.9550,PASS,18,27,0.268292,1.0000,0.0000,0.9400
32,C,pd,jeffreys,et,0.9420,PASS,29,29,0.256039,1.0000,0.0000,0.9400
32,C,pd,jeffreys,hpd,0.9400,PASS,33,27,0.25565,1.0000,0.0000,0.9400
32,C,pd,flat_norule,et,0.9550,PASS,5,40,0.303661,0.0000,0.0000,0.9400
32,C,pd,flat_norule,hpd,0.9350,PASS,5,60,0.267985,0.0000,0.0000,0.9400
32,C,pd,jeffreys_norule,et,0.9540,PASS,10,36,0.285732,0.0000,0.0000,0.9400
32,C,pd,jeffreys_norule,hpd,0.9270,BELOW,11,62,0.256504,0.0000,0.0000,0.9400
32,C,rho,flat,et,0.9390,PASS,9,52,0.996078,1.0000,0.0000,0.9440
32,C,rho,flat,hpd,0.9420,PASS,11,47,0.99309,1.0000,0.0000,0.9440
32,C,rho,jeffreys,et,0.9470,PASS,28,25,0.962093,1.0000,0.0000,0.9440
32,C,rho,jeffreys,hpd,0.9480,PASS,29,23,0.959183,1.0000,0.0000,0.9440
32,C,rho,flat_norule,et,0.9350,PASS,11,54,1.01011,0.0000,0.0000,0.9440
32,C,rho,flat_norule,hpd,0.9230,BELOW,6,71,1.00215,0.0000,0.0000,0.9440
32,C,rho,jeffreys_norule,et,0.9460,PASS,28,26,0.979322,0.0000,0.0000,0.9440
32,C,rho,jeffreys_norule,hpd,0.9360,PASS,25,39,0.973257,0.0000,0.0000,0.9440
33,A,pd,flat,et,0.9560,PASS,7,37,0.445871,1.0000,0.0000,0.9480
33,A,pd,flat,hpd,0.9580,PASS,8,34,0.445444,1.0000,0.0000,0.9480
33,A,pd,jeffreys,et,0.9530,PASS,10,37,0.438853,1.0000,0.0000,0.9480
33,A,pd,jeffreys,hpd,0.9570,PASS,10,33,0.438704,1.0000,0.0000,0.9480
33,A,pd,flat_norule,et,0.9540,PASS,7,39,0.469551,0.0000,0.0000,0.9480
33,A,pd,flat_norule,hpd,0.9340,PASS,6,60,0.46342,0.0000,0.0000,0.9480
33,A,pd,jeffreys_norule,et,0.9540,PASS,8,38,0.464072,0.0000,0.0000,0.9480
33,A,pd,jeffreys_norule,hpd,0.9310,PASS,7,62,0.456295,0.0000,0.0000,0.9480
33,A,rho,flat,et,0.9610,PASS,0,39,3.49919,1.0000,0.0000,0.9830
33,A,rho,flat,hpd,0.9480,PASS,0,52,3.38565,1.0000,0.0000,0.9830
33,A,rho,jeffreys,et,0.9810,ABOVE,0,19,3.50545,1.0000,0.0000,0.9830
33,A,rho,jeffreys,hpd,0.9640,PASS,0,36,3.42288,1.0000,0.0000,0.9830
33,A,rho,flat_norule,et,0.9610,PASS,0,39,3.49934,0.0000,0.0000,0.9830
33,A,rho,flat_norule,hpd,0.9450,PASS,0,55,3.38563,0.0000,0.0000,0.9830
33,A,rho,jeffreys_norule,et,0.9810,ABOVE,0,19,3.505,0.0000,0.0000,0.9830
33,A,rho,jeffreys_norule,hpd,0.9640,PASS,0,36,3.4184,0.0000,0.0000,0.9830
34,D,pd,flat,et,0.9420,PASS,17,41,0.202849,1.0000,0.0000,0.9400
34,D,pd,flat,hpd,0.9450,PASS,19,36,0.202739,1.0000,0.0000,0.9400
34,D,pd,jeffreys,et,0.9410,PASS,21,38,0.198946,1.0000,0.0000,0.9400
34,D,pd,jeffreys,hpd,0.9400,PASS,24,36,0.198699,1.0000,0.0000,0.9400
34,D,pd,flat_norule,et,0.9310,PASS,1,68,0.243031,0.0000,0.0000,0.9400
34,D,pd,flat_norule,hpd,0.9040,BELOW,7,89,0.235599,0.0000,0.0000,0.9400
34,D,pd,jeffreys_norule,et,0.9280,PASS,4,68,0.241845,0.0000,0.0000,0.9400
34,D,pd,jeffreys_norule,hpd,0.9070,BELOW,8,85,0.233356,0.0000,0.0000,0.9400
34,D,rho,flat,et,0.9480,PASS,13,39,0.992746,1.0000,0.0000,0.9570
34,D,rho,flat,hpd,0.9520,PASS,6,42,0.990643,1.0000,0.0000,0.9570
34,D,rho,jeffreys,et,0.9550,PASS,23,22,0.998165,1.0000,0.0000,0.9570
34,D,rho,jeffreys,hpd,0.9610,PASS,16,23,0.995711,1.0000,0.0000,0.9570
34,D,rho,flat_norule,et,0.9450,PASS,13,42,1.00488,0.0000,0.0000,0.9570
34,D,rho,flat_norule,hpd,0.9370,PASS,3,60,0.998875,0.0000,0.0000,0.9570
34,D,rho,jeffreys_norule,et,0.9520,PASS,23,25,1.01061,0.0000,0.0000,0.9570
34,D,rho,jeffreys_norule,hpd,0.9510,PASS,8,41,1.00273,0.0000,0.0000,0.9570
35,D,pd,flat,et,0.9510,PASS,19,30,0.162448,1.0000,0.0000,0.9460
35,D,pd,flat,hpd,0.9500,PASS,21,29,0.162232,1.0000,0.0000,0.9460
35,D,pd,jeffreys,et,0.9450,PASS,28,27,0.159538,1.0000,0.0000,0.9460
35,D,pd,jeffreys,hpd,0.9450,PASS,29,26,0.159295,1.0000,0.0000,0.9460
35,D,pd,flat_norule,et,0.9150,BELOW,0,85,0.229017,0.0000,0.0000,0.9460
35,D,pd,flat_norule,hpd,0.8710,BELOW,1,128,0.205746,0.0000,0.0000,0.9460
35,D,pd,jeffreys_norule,et,0.9170,BELOW,1,82,0.225679,0.0000,0.0000,0.9460
35,D,pd,jeffreys_norule,hpd,0.8840,BELOW,2,114,0.198061,0.0000,0.0000,0.9460
35,D,rho,flat,et,0.9540,PASS,14,32,0.612027,1.0000,0.0000,0.9490
35,D,rho,flat,hpd,0.9540,PASS,15,31,0.610941,1.0000,0.0000,0.9490
35,D,rho,jeffreys,et,0.9530,PASS,28,19,0.604217,1.0000,0.0000,0.9490
35,D,rho,jeffreys,hpd,0.9460,PASS,32,22,0.603081,1.0000,0.0000,0.9490
35,D,rho,flat_norule,et,0.9410,PASS,14,45,0.640688,0.0000,0.0000,0.9490
35,D,rho,flat_norule,hpd,0.9210,BELOW,11,68,0.634273,0.0000,0.0000,0.9490
35,D,rho,jeffreys_norule,et,0.9440,PASS,30,26,0.634237,0.0000,0.0000,0.9490
35,D,rho,jeffreys_norule,hpd,0.9450,PASS,20,35,0.626784,0.0000,0.0000,0.9490
36,A,pd,flat,et,0.9490,PASS,1,50,1.63667,0.9720,0.0000,0.9530
36,A,pd,flat,hpd,0.9600,PASS,1,39,1.62614,0.9720,0.0000,0.9530
36,A,pd,jeffreys,et,0.9610,PASS,4,35,1.38349,0.9940,0.0000,0.9530
36,A,pd,jeffreys,hpd,0.9660,PASS,4,30,1.38016,0.9940,0.0000,0.9530
36,A,pd,flat_norule,et,0.9470,PASS,1,52,1.64099,0.0000,0.0000,0.9530
36,A,pd,flat_norule,hpd,0.9460,PASS,1,53,1.62832,0.0000,0.0000,0.9530
36,A,pd,jeffreys_norule,et,0.9610,PASS,4,35,1.38823,0.0000,0.0000,0.9530
36,A,pd,jeffreys_norule,hpd,0.9590,PASS,4,37,1.38541,0.0000,0.0000,0.9530
36,A,rho,flat,et,0.9500,PASS,0,50,3.52444,0.9720,0.0000,0.9480
36,A,rho,flat,hpd,0.8960,BELOW,0,104,3.28084,0.9720,0.0000,0.9480
36,A,rho,jeffreys,et,0.9790,ABOVE,5,16,3.94266,0.9940,0.0000,0.9480
36,A,rho,jeffreys,hpd,0.9600,PASS,5,35,3.7921,0.9940,0.0000,0.9480
36,A,rho,flat_norule,et,0.9500,PASS,0,50,3.52114,0.0000,0.0000,0.9480
36,A,rho,flat_norule,hpd,0.8950,BELOW,0,105,3.28129,0.0000,0.0000,0.9480
36,A,rho,jeffreys_norule,et,0.9780,ABOVE,5,17,3.94402,0.0000,0.0000,0.9480
36,A,rho,jeffreys_norule,hpd,0.9630,PASS,2,35,3.788,0.0000,0.0000,0.9480
37,B,pd,flat,et,0.9420,PASS,9,49,1.19662,1.0000,0.0000,0.9440
37,B,pd,flat,hpd,0.9550,PASS,12,33,1.18169,1.0000,0.0000,0.9440
37,B,pd,jeffreys,et,0.9440,PASS,32,24,1.02491,1.0000,0.0000,0.9440
37,B,pd,jeffreys,hpd,0.9440,PASS,37,19,1.01668,1.0000,0.0000,0.9440
37,B,pd,flat_norule,et,0.9420,PASS,9,49,1.2073,0.0000,0.0000,0.9440
37,B,pd,flat_norule,hpd,0.9450,PASS,12,43,1.18231,0.0000,0.0000,0.9440
37,B,pd,jeffreys_norule,et,0.9440,PASS,32,24,1.03322,0.0000,0.0000,0.9440
37,B,pd,jeffreys_norule,hpd,0.9430,PASS,31,26,1.02117,0.0000,0.0000,0.9440
37,B,rho,flat,et,0.9290,PASS,11,60,1.71751,1.0000,0.0000,0.9370
37,B,rho,flat,hpd,0.9330,PASS,10,57,1.71403,1.0000,0.0000,0.9370
37,B,rho,jeffreys,et,0.9380,PASS,37,25,1.61873,1.0000,0.0000,0.9370
37,B,rho,jeffreys,hpd,0.9420,PASS,35,23,1.61428,1.0000,0.0000,0.9370
37,B,rho,flat_norule,et,0.9290,PASS,11,60,1.72555,0.0000,0.0000,0.9370
37,B,rho,flat_norule,hpd,0.9230,BELOW,10,67,1.71462,0.0000,0.0000,0.9370
37,B,rho,jeffreys_norule,et,0.9370,PASS,38,25,1.63017,0.0000,0.0000,0.9370
37,B,rho,jeffreys_norule,hpd,0.9380,PASS,32,30,1.62329,0.0000,0.0000,0.9370
38,B,pd,flat,et,0.9440,PASS,11,45,1.09709,1.0000,0.0000,0.9470
38,B,pd,flat,hpd,0.9510,PASS,15,34,1.08492,1.0000,0.0000,0.9470
38,B,pd,jeffreys,et,0.9480,PASS,29,23,0.959537,1.0000,0.0000,0.9470
38,B,pd,jeffreys,hpd,0.9480,PASS,32,20,0.953143,1.0000,0.0000,0.9470
38,B,pd,flat_norule,et,0.9420,PASS,11,47,1.10838,0.0000,0.0000,0.9470
38,B,pd,flat_norule,hpd,0.9400,PASS,13,47,1.09047,0.0000,0.0000,0.9470
38,B,pd,jeffreys_norule,et,0.9450,PASS,29,26,0.969605,0.0000,0.0000,0.9470
38,B,pd,jeffreys_norule,hpd,0.9430,PASS,30,27,0.95902,0.0000,0.0000,0.9470
38,B,rho,flat,et,0.9350,PASS,12,53,1.4231,1.0000,0.0000,0.9380
38,B,rho,flat,hpd,0.9380,PASS,17,45,1.41421,1.0000,0.0000,0.9380
38,B,rho,jeffreys,et,0.9420,PASS,43,15,1.31418,1.0000,0.0000,0.9380
38,B,rho,jeffreys,hpd,0.9400,PASS,50,10,1.30713,1.0000,0.0000,0.9380
38,B,rho,flat_norule,et,0.9320,PASS,12,56,1.43674,0.0000,0.0000,0.9380
38,B,rho,flat_norule,hpd,0.9290,PASS,14,57,1.42097,0.0000,0.0000,0.9380
38,B,rho,jeffreys_norule,et,0.9400,PASS,43,17,1.32625,0.0000,0.0000,0.9380
38,B,rho,jeffreys_norule,hpd,0.9340,PASS,45,21,1.31691,0.0000,0.0000,0.9380
39,A,pd,flat,et,0.9450,PASS,8,47,1.04658,1.0000,0.0000,0.9400
39,A,pd,flat,hpd,0.9500,PASS,10,40,1.04049,1.0000,0.0000,0.9400
39,A,pd,jeffreys,et,0.9470,PASS,14,39,0.944673,1.0000,0.0000,0.9400
39,A,pd,jeffreys,hpd,0.9490,PASS,14,37,0.941328,1.0000,0.0000,0.9400
39,A,pd,flat_norule,et,0.9450,PASS,8,47,1.05217,0.0000,0.0000,0.9400
39,A,pd,flat_norule,hpd,0.9440,PASS,7,49,1.04039,0.0000,0.0000,0.9400
39,A,pd,jeffreys_norule,et,0.9480,PASS,13,39,0.954205,0.0000,0.0000,0.9400
39,A,pd,jeffreys_norule,hpd,0.9420,PASS,14,44,0.945201,0.0000,0.0000,0.9400
39,A,rho,flat,et,0.9560,PASS,5,39,2.46172,1.0000,0.0000,0.9550
39,A,rho,flat,hpd,0.9420,PASS,1,57,2.42241,1.0000,0.0000,0.9550
39,A,rho,jeffreys,et,0.9720,PASS,12,16,2.57182,1.0000,0.0000,0.9550
39,A,rho,jeffreys,hpd,0.9740,ABOVE,6,20,2.53556,1.0000,0.0000,0.9550
39,A,rho,flat_norule,et,0.9560,PASS,5,39,2.46584,0.0000,0.0000,0.9550
39,A,rho,flat_norule,hpd,0.9360,PASS,1,63,2.42455,0.0000,0.0000,0.9550
39,A,rho,jeffreys_norule,et,0.9720,PASS,12,16,2.57533,0.0000,0.0000,0.9550
39,A,rho,jeffreys_norule,hpd,0.9710,PASS,7,22,2.54018,0.0000,0.0000,0.9550
40,C,pd,flat,et,0.9430,PASS,9,48,0.758533,1.0000,0.0000,0.9470
40,C,pd,flat,hpd,0.9480,PASS,13,39,0.753246,1.0000,0.0000,0.9470
40,C,pd,jeffreys,et,0.9510,PASS,20,29,0.703876,1.0000,0.0000,0.9470
40,C,pd,jeffreys,hpd,0.9500,PASS,27,23,0.700386,1.0000,0.0000,0.9470
40,C,pd,flat_norule,et,0.9440,PASS,7,49,0.769138,0.0000,0.0000,0.9470
40,C,pd,flat_norule,hpd,0.9360,PASS,11,53,0.759267,0.0000,0.0000,0.9470
40,C,pd,jeffreys_norule,et,0.9520,PASS,18,30,0.718692,0.0000,0.0000,0.9470
40,C,pd,jeffreys_norule,hpd,0.9420,PASS,21,37,0.711539,0.0000,0.0000,0.9470
40,C,rho,flat,et,0.9430,PASS,14,43,1.16463,1.0000,0.0000,0.9410
40,C,rho,flat,hpd,0.9490,PASS,13,38,1.16347,1.0000,0.0000,0.9410
40,C,rho,jeffreys,et,0.9450,PASS,38,17,1.12709,1.0000,0.0000,0.9410
40,C,rho,jeffreys,hpd,0.9490,PASS,35,16,1.1251,1.0000,0.0000,0.9410
40,C,rho,flat_norule,et,0.9400,PASS,15,45,1.17567,0.0000,0.0000,0.9410
40,C,rho,flat_norule,hpd,0.9350,PASS,10,55,1.1703,0.0000,0.0000,0.9410
40,C,rho,jeffreys_norule,et,0.9420,PASS,38,20,1.1417,0.0000,0.0000,0.9410
40,C,rho,jeffreys_norule,hpd,0.9450,PASS,32,23,1.13734,0.0000,0.0000,0.9410
41,C,pd,flat,et,0.9400,PASS,16,44,0.721957,1.0000,0.0000,0.9350
41,C,pd,flat,hpd,0.9430,PASS,21,36,0.71796,1.0000,0.0000,0.9350
41,C,pd,jeffreys,et,0.9390,PASS,30,31,0.678928,1.0000,0.0000,0.9350
41,C,pd,jeffreys,hpd,0.9360,PASS,39,25,0.674833,1.0000,0.0000,0.9350
41,C,pd,flat_norule,et,0.9400,PASS,16,44,0.73537,0.0000,0.0000,0.9350
41,C,pd,flat_norule,hpd,0.9330,PASS,19,48,0.727702,0.0000,0.0000,0.9350
41,C,pd,jeffreys_norule,et,0.9410,PASS,28,31,0.696137,0.0000,0.0000,0.9350
41,C,pd,jeffreys_norule,hpd,0.9310,PASS,34,35,0.682765,0.0000,0.0000,0.9350
41,C,rho,flat,et,0.9420,PASS,14,44,0.954952,1.0000,0.0000,0.9460
41,C,rho,flat,hpd,0.9490,PASS,16,35,0.95204,1.0000,0.0000,0.9460
41,C,rho,jeffreys,et,0.9510,PASS,32,17,0.920121,1.0000,0.0000,0.9460
41,C,rho,jeffreys,hpd,0.9490,PASS,38,13,0.915476,1.0000,0.0000,0.9460
41,C,rho,flat_norule,et,0.9360,PASS,16,48,0.973285,0.0000,0.0000,0.9460
41,C,rho,flat_norule,hpd,0.9280,PASS,14,58,0.965935,0.0000,0.0000,0.9460
41,C,rho,jeffreys_norule,et,0.9470,PASS,33,20,0.941404,0.0000,0.0000,0.9460
41,C,rho,jeffreys_norule,hpd,0.9530,PASS,26,21,0.929635,0.0000,0.0000,0.9460
42,D,pd,flat,et,0.9430,PASS,14,43,0.612211,1.0000,0.0000,0.9420
42,D,pd,flat,hpd,0.9420,PASS,15,43,0.609683,1.0000,0.0000,0.9420
42,D,pd,jeffreys,et,0.9400,PASS,18,42,0.589273,1.0000,0.0000,0.9420
42,D,pd,jeffreys,hpd,0.9410,PASS,18,41,0.588514,1.0000,0.0000,0.9420
42,D,pd,flat_norule,et,0.9420,PASS,13,45,0.624817,0.0000,0.0000,0.9420
42,D,pd,flat_norule,hpd,0.9300,PASS,11,59,0.620639,0.0000,0.0000,0.9420
42,D,pd,jeffreys_norule,et,0.9400,PASS,17,43,0.605844,0.0000,0.0000,0.9420
42,D,pd,jeffreys_norule,hpd,0.9390,PASS,14,47,0.602098,0.0000,0.0000,0.9420
42,D,rho,flat,et,0.9550,PASS,10,35,1.45453,1.0000,0.0000,0.9500
42,D,rho,flat,hpd,0.9580,PASS,3,39,1.44921,1.0000,0.0000,0.9500
42,D,rho,jeffreys,et,0.9560,PASS,22,22,1.46035,1.0000,0.0000,0.9500
42,D,rho,jeffreys,hpd,0.9720,PASS,7,21,1.45442,1.0000,0.0000,0.9500
42,D,rho,flat_norule,et,0.9530,PASS,10,37,1.46596,0.0000,0.0000,0.9500
42,D,rho,flat_norule,hpd,0.9460,PASS,3,51,1.45851,0.0000,0.0000,0.9500
42,D,rho,jeffreys_norule,et,0.9540,PASS,23,23,1.47206,0.0000,0.0000,0.9500
42,D,rho,jeffreys_norule,hpd,0.9670,PASS,5,28,1.4635,0.0000,0.0000,0.9500
43,D,pd,flat,et,0.9500,PASS,17,33,0.456853,1.0000,0.0000,0.9420
43,D,pd,flat,hpd,0.9510,PASS,18,31,0.455713,1.0000,0.0000,0.9420
43,D,pd,jeffreys,et,0.9430,PASS,31,26,0.443537,1.0000,0.0000,0.9420
43,D,pd,jeffreys,hpd,0.9460,PASS,30,24,0.443375,1.0000,0.0000,0.9420
43,D,pd,flat_norule,et,0.9510,PASS,12,37,0.47945,0.0000,0.0000,0.9420
43,D,pd,flat_norule,hpd,0.9450,PASS,10,45,0.473315,0.0000,0.0000,0.9420
43,D,pd,jeffreys_norule,et,0.9480,PASS,23,29,0.469312,0.0000,0.0000,0.9420
43,D,pd,jeffreys_norule,hpd,0.9420,PASS,23,35,0.461019,0.0000,0.0000,0.9420
43,D,rho,flat,et,0.9420,PASS,26,32,0.713193,1.0000,0.0000,0.9440
43,D,rho,flat,hpd,0.9480,PASS,25,27,0.711027,1.0000,0.0000,0.9440
43,D,rho,jeffreys,et,0.9470,PASS,37,16,0.704724,1.0000,0.0000,0.9440
43,D,rho,jeffreys,hpd,0.9480,PASS,34,18,0.70433,1.0000,0.0000,0.9440
43,D,rho,flat_norule,et,0.9350,PASS,26,39,0.742743,0.0000,0.0000,0.9440
43,D,rho,flat_norule,hpd,0.9250,BELOW,17,58,0.719875,0.0000,0.0000,0.9440
43,D,rho,jeffreys_norule,et,0.9420,PASS,40,18,0.733587,0.0000,0.0000,0.9440
43,D,rho,jeffreys_norule,hpd,0.9430,PASS,25,32,0.70754,0.0000,0.0000,0.9440
44,D,pd,flat,et,0.9580,PASS,12,30,0.434835,1.0000,0.0000,0.9550
44,D,pd,flat,hpd,0.9580,PASS,13,29,0.434024,1.0000,0.0000,0.9550
44,D,pd,jeffreys,et,0.9570,PASS,21,22,0.424178,1.0000,0.0000,0.9550
44,D,pd,jeffreys,hpd,0.9550,PASS,24,21,0.423668,1.0000,0.0000,0.9550
44,D,pd,flat_norule,et,0.9520,PASS,10,38,0.462197,0.0000,0.0000,0.9550
44,D,pd,flat_norule,hpd,0.9430,PASS,7,50,0.451395,0.0000,0.0000,0.9550
44,D,pd,jeffreys_norule,et,0.9570,PASS,18,25,0.452494,0.0000,0.0000,0.9550
44,D,pd,jeffreys_norule,hpd,0.9500,PASS,14,36,0.438415,0.0000,0.0000,0.9550
44,D,rho,flat,et,0.9490,PASS,19,32,0.586973,1.0000,0.0000,0.9420
44,D,rho,flat,hpd,0.9470,PASS,21,32,0.586071,1.0000,0.0000,0.9420
44,D,rho,jeffreys,et,0.9480,PASS,34,18,0.578692,1.0000,0.0000,0.9420
44,D,rho,jeffreys,hpd,0.9460,PASS,36,18,0.577342,1.0000,0.0000,0.9420
44,D,rho,flat_norule,et,0.9390,PASS,23,38,0.618867,0.0000,0.0000,0.9420
44,D,rho,flat_norule,hpd,0.9390,PASS,11,50,0.605998,0.0000,0.0000,0.9420
44,D,rho,jeffreys_norule,et,0.9390,PASS,37,24,0.612411,0.0000,0.0000,0.9420
44,D,rho,jeffreys_norule,hpd,0.9540,PASS,18,28,0.596072,0.0000,0.0000,0.9420
45,A,pd,flat,et,0.9500,PASS,1,49,1.84688,0.8930,0.0000,0.9300
45,A,pd,flat,hpd,0.9520,PASS,1,47,1.84502,0.8930,0.0000,0.9300
45,A,pd,jeffreys,et,0.9530,PASS,18,29,1.70086,0.9540,0.0000,0.9300
45,A,pd,jeffreys,hpd,0.9570,PASS,15,28,1.696,0.9540,0.0000,0.9300
45,A,pd,flat_norule,et,0.9500,PASS,1,49,1.85466,0.0000,0.0000,0.9300
45,A,pd,flat_norule,hpd,0.9450,PASS,1,54,1.8485,0.0000,0.0000,0.9300
45,A,pd,jeffreys_norule,et,0.9530,PASS,18,29,1.70532,0.0000,0.0000,0.9300
45,A,pd,jeffreys_norule,hpd,0.9580,PASS,9,33,1.69944,0.0000,0.0000,0.9300
45,A,rho,flat,et,0.9720,PASS,0,28,2.3772,0.8930,0.0000,0.9330
45,A,rho,flat,hpd,0.9470,PASS,0,53,2.19151,0.8930,0.0000,0.9330
45,A,rho,jeffreys,et,0.9680,PASS,22,10,2.78467,0.9540,0.0000,0.9330
45,A,rho,jeffreys,hpd,0.9650,PASS,12,23,2.63848,0.9540,0.0000,0.9330
45,A,rho,flat_norule,et,0.9720,PASS,0,28,2.37902,0.0000,0.0000,0.9330
45,A,rho,flat_norule,hpd,0.9480,PASS,0,52,2.19306,0.0000,0.0000,0.9330
45,A,rho,jeffreys_norule,et,0.9690,PASS,22,9,2.78726,0.0000,0.0000,0.9330
45,A,rho,jeffreys_norule,hpd,0.9690,PASS,8,23,2.63928,0.0000,0.0000,0.9330
46,A,pd,flat,et,0.9470,PASS,3,50,1.68443,1.0000,0.0000,0.9500
46,A,pd,flat,hpd,0.9500,PASS,5,45,1.67707,1.0000,0.0000,0.9500
46,A,pd,jeffreys,et,0.9500,PASS,24,26,1.55128,1.0000,0.0000,0.9500
46,A,pd,jeffreys,hpd,0.9470,PASS,30,23,1.53971,1.0000,0.0000,0.9500
46,A,pd,flat_norule,et,0.9470,PASS,3,50,1.68958,0.0000,0.0000,0.9500
46,A,pd,flat_norule,hpd,0.9430,PASS,5,52,1.67784,0.0000,0.0000,0.9500
46,A,pd,jeffreys_norule,et,0.9500,PASS,24,26,1.55253,0.0000,0.0000,0.9500
46,A,pd,jeffreys_norule,hpd,0.9480,PASS,27,25,1.54143,0.0000,0.0000,0.9500
46,A,rho,flat,et,0.9360,PASS,4,60,1.59065,1.0000,0.0000,0.9410
46,A,rho,flat,hpd,0.8910,BELOW,4,105,1.57393,1.0000,0.0000,0.9410
46,A,rho,jeffreys,et,0.9520,PASS,34,14,1.5816,1.0000,0.0000,0.9410
46,A,rho,jeffreys,hpd,0.9200,BELOW,37,43,1.57644,1.0000,0.0000,0.9410
46,A,rho,flat_norule,et,0.9360,PASS,4,60,1.59984,0.0000,0.0000,0.9410
46,A,rho,flat_norule,hpd,0.8920,BELOW,4,104,1.57737,0.0000,0.0000,0.9410
46,A,rho,jeffreys_norule,et,0.9540,PASS,33,13,1.59198,0.0000,0.0000,0.9410
46,A,rho,jeffreys_norule,hpd,0.9300,PASS,28,42,1.58138,0.0000,0.0000,0.9410
47,B,pd,flat,et,0.9300,PASS,6,64,1.63452,1.0000,0.0000,0.9360
47,B,pd,flat,hpd,0.9350,PASS,8,57,1.62548,1.0000,0.0000,0.9360
47,B,pd,jeffreys,et,0.9350,PASS,33,32,1.5071,1.0000,0.0000,0.9360
47,B,pd,jeffreys,hpd,0.9340,PASS,42,24,1.49591,1.0000,0.0000,0.9360
47,B,pd,flat_norule,et,0.9300,PASS,6,64,1.63896,0.0000,0.0000,0.9360
47,B,pd,flat_norule,hpd,0.9250,BELOW,8,67,1.6294,0.0000,0.0000,0.9360
47,B,pd,jeffreys_norule,et,0.9350,PASS,33,32,1.51151,0.0000,0.0000,0.9360
47,B,pd,jeffreys_norule,hpd,0.9330,PASS,35,32,1.49848,0.0000,0.0000,0.9360
47,B,rho,flat,et,0.9580,PASS,3,39,1.38573,1.0000,0.0000,0.9460
47,B,rho,flat,hpd,0.9020,BELOW,5,93,1.38199,1.0000,0.0000,0.9460
47,B,rho,jeffreys,et,0.9500,PASS,35,15,1.32125,1.0000,0.0000,0.9460
47,B,rho,jeffreys,hpd,0.9340,PASS,42,24,1.31416,1.0000,0.0000,0.9460
47,B,rho,flat_norule,et,0.9590,PASS,3,38,1.3951,0.0000,0.0000,0.9460
47,B,rho,flat_norule,hpd,0.8980,BELOW,4,98,1.37855,0.0000,0.0000,0.9460
47,B,rho,jeffreys_norule,et,0.9510,PASS,35,14,1.33077,0.0000,0.0000,0.9460
47,B,rho,jeffreys_norule,hpd,0.9360,PASS,40,24,1.32291,0.0000,0.0000,0.9460
48,A,pd,flat,et,0.9450,PASS,6,49,1.35708,1.0000,0.0000,0.9470
48,A,pd,flat,hpd,0.9470,PASS,9,44,1.35291,1.0000,0.0000,0.9470
48,A,pd,jeffreys,et,0.9440,PASS,21,35,1.27044,1.0000,0.0000,0.9470
48,A,pd,jeffreys,hpd,0.9470,PASS,24,29,1.26854,1.0000,0.0000,0.9470
48,A,pd,flat_norule,et,0.9440,PASS,6,50,1.36425,0.0000,0.0000,0.9470
48,A,pd,flat_norule,hpd,0.9380,PASS,6,56,1.35751,0.0000,0.0000,0.9470
48,A,pd,jeffreys_norule,et,0.9440,PASS,21,35,1.27658,0.0000,0.0000,0.9470
48,A,pd,jeffreys_norule,hpd,0.9440,PASS,20,36,1.27189,0.0000,0.0000,0.9470
48,A,rho,flat,et,0.9660,PASS,6,28,1.82453,1.0000,0.0000,0.9490
48,A,rho,flat,hpd,0.9320,PASS,1,67,1.78093,1.0000,0.0000,0.9490
48,A,rho,jeffreys,et,0.9640,PASS,24,12,1.89767,1.0000,0.0000,0.9490
48,A,rho,jeffreys,hpd,0.9610,PASS,13,26,1.87763,1.0000,0.0000,0.9490
48,A,rho,flat_norule,et,0.9660,PASS,6,28,1.82849,0.0000,0.0000,0.9490
48,A,rho,flat_norule,hpd,0.9320,PASS,1,67,1.77959,0.0000,0.0000,0.9490
48,A,rho,jeffreys_norule,et,0.9640,PASS,24,12,1.89911,0.0000,0.0000,0.9490
48,A,rho,jeffreys_norule,hpd,0.9630,PASS,11,26,1.87878,0.0000,0.0000,0.9490
49,C,pd,flat,et,0.9380,PASS,8,54,1.18514,1.0000,0.0000,0.9380
49,C,pd,flat,hpd,0.9440,PASS,10,46,1.17675,1.0000,0.0000,0.9380
49,C,pd,jeffreys,et,0.9420,PASS,26,32,1.10392,1.0000,0.0000,0.9380
49,C,pd,jeffreys,hpd,0.9330,PASS,37,30,1.096,1.0000,0.0000,0.9380
49,C,pd,flat_norule,et,0.9380,PASS,8,54,1.19184,0.0000,0.0000,0.9380
49,C,pd,flat_norule,hpd,0.9340,PASS,9,57,1.17748,0.0000,0.0000,0.9380
49,C,pd,jeffreys_norule,et,0.9420,PASS,26,32,1.11196,0.0000,0.0000,0.9380
49,C,pd,jeffreys_norule,hpd,0.9340,PASS,32,34,1.10453,0.0000,0.0000,0.9380
49,C,rho,flat,et,0.9280,PASS,15,57,1.1785,1.0000,0.0000,0.9340
49,C,rho,flat,hpd,0.9110,BELOW,16,73,1.1767,1.0000,0.0000,0.9340
49,C,rho,jeffreys,et,0.9380,PASS,35,27,1.15117,1.0000,0.0000,0.9340
49,C,rho,jeffreys,hpd,0.9310,PASS,35,34,1.14888,1.0000,0.0000,0.9340
49,C,rho,flat_norule,et,0.9290,PASS,14,57,1.19226,0.0000,0.0000,0.9340
49,C,rho,flat_norule,hpd,0.9060,BELOW,13,81,1.18174,0.0000,0.0000,0.9340
49,C,rho,jeffreys_norule,et,0.9400,PASS,35,25,1.16331,0.0000,0.0000,0.9340
49,C,rho,jeffreys_norule,hpd,0.9230,BELOW,37,40,1.15766,0.0000,0.0000,0.9340
50,C,pd,flat,et,0.9360,PASS,9,55,1.13182,1.0000,0.0000,0.9390
50,C,pd,flat,hpd,0.9400,PASS,13,47,1.12553,1.0000,0.0000,0.9390
50,C,pd,jeffreys,et,0.9420,PASS,30,28,1.07072,1.0000,0.0000,0.9390
50,C,pd,jeffreys,hpd,0.9370,PASS,36,27,1.06312,1.0000,0.0000,0.9390
50,C,pd,flat_norule,et,0.9360,PASS,9,55,1.14034,0.0000,0.0000,0.9390
50,C,pd,flat_norule,hpd,0.9350,PASS,9,56,1.13168,0.0000,0.0000,0.9390
50,C,pd,jeffreys_norule,et,0.9410,PASS,30,29,1.07702,0.0000,0.0000,0.9390
50,C,pd,jeffreys_norule,hpd,0.9380,PASS,29,33,1.06526,0.0000,0.0000,0.9390
50,C,rho,flat,et,0.9480,PASS,12,40,0.979876,1.0000,0.0000,0.9560
50,C,rho,flat,hpd,0.9480,PASS,15,37,0.977228,1.0000,0.0000,0.9560
50,C,rho,jeffreys,et,0.9590,PASS,27,14,0.947509,1.0000,0.0000,0.9560
50,C,rho,jeffreys,hpd,0.9510,PASS,36,13,0.94354,1.0000,0.0000,0.9560
50,C,rho,flat_norule,et,0.9490,PASS,11,40,0.993429,0.0000,0.0000,0.9560
50,C,rho,flat_norule,hpd,0.9400,PASS,14,46,0.986521,0.0000,0.0000,0.9560
50,C,rho,jeffreys_norule,et,0.9600,PASS,26,14,0.964988,0.0000,0.0000,0.9560
50,C,rho,jeffreys_norule,hpd,0.9510,PASS,28,21,0.958575,0.0000,0.0000,0.9560
51,D,pd,flat,et,0.9420,PASS,11,47,0.846519,1.0000,0.0000,0.9520
51,D,pd,flat,hpd,0.9460,PASS,12,42,0.843965,1.0000,0.0000,0.9520
51,D,pd,jeffreys,et,0.9520,PASS,17,31,0.809131,1.0000,0.0000,0.9520
51,D,pd,jeffreys,hpd,0.9520,PASS,18,30,0.8075,1.0000,0.0000,0.9520
51,D,pd,flat_norule,et,0.9430,PASS,10,47,0.858696,0.0000,0.0000,0.9520
51,D,pd,flat_norule,hpd,0.9350,PASS,10,55,0.852856,0.0000,0.0000,0.9520
51,D,pd,jeffreys_norule,et,0.9530,PASS,16,31,0.821433,0.0000,0.0000,0.9520
51,D,pd,jeffreys_norule,hpd,0.9420,PASS,17,41,0.812043,0.0000,0.0000,0.9520
51,D,rho,flat,et,0.9540,PASS,10,36,1.24508,1.0000,0.0000,0.9530
51,D,rho,flat,hpd,0.9360,PASS,10,54,1.24387,1.0000,0.0000,0.9530
51,D,rho,jeffreys,et,0.9560,PASS,25,19,1.2398,1.0000,0.0000,0.9530
51,D,rho,jeffreys,hpd,0.9520,PASS,22,26,1.23817,1.0000,0.0000,0.9530
51,D,rho,flat_norule,et,0.9550,PASS,10,35,1.25723,0.0000,0.0000,0.9530
51,D,rho,flat_norule,hpd,0.9320,PASS,8,60,1.24656,0.0000,0.0000,0.9530
51,D,rho,jeffreys_norule,et,0.9560,PASS,25,19,1.25319,0.0000,0.0000,0.9530
51,D,rho,jeffreys_norule,hpd,0.9570,PASS,15,28,1.24369,0.0000,0.0000,0.9530
52,D,pd,flat,et,0.9480,PASS,14,38,0.719738,1.0000,0.0000,0.9510
52,D,pd,flat,hpd,0.9500,PASS,16,34,0.716946,1.0000,0.0000,0.9510
52,D,pd,jeffreys,et,0.9530,PASS,25,22,0.698744,1.0000,0.0000,0.9510
52,D,pd,jeffreys,hpd,0.9540,PASS,25,21,0.694961,1.0000,0.0000,0.9510
52,D,pd,flat_norule,et,0.9480,PASS,14,38,0.732266,0.0000,0.0000,0.9510
52,D,pd,flat_norule,hpd,0.9430,PASS,12,45,0.726824,0.0000,0.0000,0.9510
52,D,pd,jeffreys_norule,et,0.9530,PASS,25,22,0.712031,0.0000,0.0000,0.9510
52,D,pd,jeffreys_norule,hpd,0.9470,PASS,23,30,0.705074,0.0000,0.0000,0.9510
52,D,rho,flat,et,0.9450,PASS,13,42,0.739477,1.0000,0.0000,0.9450
52,D,rho,flat,hpd,0.9470,PASS,13,40,0.737805,1.0000,0.0000,0.9450
52,D,rho,jeffreys,et,0.9420,PASS,31,27,0.729056,1.0000,0.0000,0.9450
52,D,rho,jeffreys,hpd,0.9460,PASS,30,24,0.728124,1.0000,0.0000,0.9450
52,D,rho,flat_norule,et,0.9460,PASS,13,41,0.76836,0.0000,0.0000,0.9450
52,D,rho,flat_norule,hpd,0.9410,PASS,13,46,0.755456,0.0000,0.0000,0.9450
52,D,rho,jeffreys_norule,et,0.9480,PASS,26,26,0.757159,0.0000,0.0000,0.9450
52,D,rho,jeffreys_norule,hpd,0.9490,PASS,22,29,0.741537,0.0000,0.0000,0.9450
53,D,pd,flat,et,0.9530,PASS,10,37,0.686392,1.0000,0.0000,0.9510
53,D,pd,flat,hpd,0.9530,PASS,11,36,0.68356,1.0000,0.0000,0.9510
53,D,pd,jeffreys,et,0.9520,PASS,23,25,0.670446,1.0000,0.0000,0.9510
53,D,pd,jeffreys,hpd,0.9530,PASS,24,23,0.667238,1.0000,0.0000,0.9510
53,D,pd,flat_norule,et,0.9540,PASS,9,37,0.702523,0.0000,0.0000,0.9510
53,D,pd,flat_norule,hpd,0.9480,PASS,9,43,0.693805,0.0000,0.0000,0.9510
53,D,pd,jeffreys_norule,et,0.9530,PASS,22,25,0.688296,0.0000,0.0000,0.9510
53,D,pd,jeffreys_norule,hpd,0.9440,PASS,22,34,0.674034,0.0000,0.0000,0.9510
53,D,rho,flat,et,0.9400,PASS,21,39,0.605874,1.0000,0.0000,0.9440
53,D,rho,flat,hpd,0.9440,PASS,20,36,0.605373,1.0000,0.0000,0.9440
53,D,rho,jeffreys,et,0.9430,PASS,36,21,0.597751,1.0000,0.0000,0.9440
53,D,rho,jeffreys,hpd,0.9450,PASS,37,18,0.595978,1.0000,0.0000,0.9440
53,D,rho,flat_norule,et,0.9460,PASS,16,38,0.635585,0.0000,0.0000,0.9440
53,D,rho,flat_norule,hpd,0.9320,PASS,20,48,0.627532,0.0000,0.0000,0.9440
53,D,rho,jeffreys_norule,et,0.9530,PASS,27,20,0.62825,0.0000,0.0000,0.9440
53,D,rho,jeffreys_norule,hpd,0.9450,PASS,31,24,0.618454,0.0000,0.0000,0.9440
54,A,pd,flat,et,0.9720,PASS,5,23,0.563013,1.0000,0.0000,0.9430
54,A,pd,flat,hpd,0.9710,PASS,8,21,0.562051,1.0000,0.0000,0.9430
54,A,pd,jeffreys,et,0.9620,PASS,15,23,0.517291,1.0000,0.0000,0.9430
54,A,pd,jeffreys,hpd,0.9620,PASS,15,23,0.516782,1.0000,0.0000,0.9430
54,A,pd,flat_norule,et,0.9820,ABOVE,4,14,0.581748,0.0000,0.0000,0.9430
54,A,pd,flat_norule,hpd,0.9780,ABOVE,5,17,0.575336,0.0000,0.0000,0.9430
54,A,pd,jeffreys_norule,et,0.9740,ABOVE,10,16,0.536805,0.0000,0.0000,0.9430
54,A,pd,jeffreys_norule,hpd,0.9670,PASS,13,20,0.517818,0.0000,0.0000,0.9430
54,A,rho,flat,et,0.9500,PASS,0,50,3.67624,1.0000,0.0000,0.9720
54,A,rho,flat,hpd,0.9380,PASS,0,62,3.61161,1.0000,0.0000,0.9720
54,A,rho,jeffreys,et,0.9800,ABOVE,0,20,3.65356,1.0000,0.0000,0.9720
54,A,rho,jeffreys,hpd,0.9750,ABOVE,0,25,3.61955,1.0000,0.0000,0.9720
54,A,rho,flat_norule,et,0.9480,PASS,0,52,3.67756,0.0000,0.0000,0.9720
54,A,rho,flat_norule,hpd,0.9310,PASS,0,69,3.6121,0.0000,0.0000,0.9720
54,A,rho,jeffreys_norule,et,0.9800,ABOVE,0,20,3.65664,0.0000,0.0000,0.9720
54,A,rho,jeffreys_norule,hpd,0.9730,ABOVE,0,27,3.61689,0.0000,0.0000,0.9720
55,B,pd,flat,et,0.9510,PASS,20,29,0.338096,1.0000,0.0000,0.9360
55,B,pd,flat,hpd,0.9530,PASS,21,26,0.337186,1.0000,0.0000,0.9360
55,B,pd,jeffreys,et,0.9360,PASS,32,32,0.306411,1.0000,0.0000,0.9360
55,B,pd,jeffreys,hpd,0.9360,PASS,33,31,0.305978,1.0000,0.0000,0.9360
55,B,pd,flat_norule,et,0.9760,ABOVE,10,14,0.363383,0.0000,0.0000,0.9360
55,B,pd,flat_norule,hpd,0.9620,PASS,15,23,0.35787,0.0000,0.0000,0.9360
55,B,pd,jeffreys_norule,et,0.9660,PASS,18,16,0.342239,0.0000,0.0000,0.9360
55,B,pd,jeffreys_norule,hpd,0.9500,PASS,22,28,0.329435,0.0000,0.0000,0.9360
55,B,rho,flat,et,0.9320,PASS,14,54,1.67392,1.0000,0.0000,0.9260
55,B,rho,flat,hpd,0.9440,PASS,10,46,1.67133,1.0000,0.0000,0.9260
55,B,rho,jeffreys,et,0.9340,PASS,51,15,1.60453,1.0000,0.0000,0.9260
55,B,rho,jeffreys,hpd,0.9480,PASS,42,10,1.60175,1.0000,0.0000,0.9260
55,B,rho,flat_norule,et,0.9310,PASS,15,54,1.6844,0.0000,0.0000,0.9260
55,B,rho,flat_norule,hpd,0.9290,PASS,9,62,1.67874,0.0000,0.0000,0.9260
55,B,rho,jeffreys_norule,et,0.9310,PASS,54,15,1.61452,0.0000,0.0000,0.9260
55,B,rho,jeffreys_norule,hpd,0.9530,PASS,31,16,1.60868,0.0000,0.0000,0.9260
56,B,pd,flat,et,0.9670,PASS,11,22,0.309496,1.0000,0.0000,0.9510
56,B,pd,flat,hpd,0.9690,PASS,13,18,0.308585,1.0000,0.0000,0.9510
56,B,pd,jeffreys,et,0.9550,PASS,22,23,0.281167,1.0000,0.0000,0.9510
56,B,pd,jeffreys,hpd,0.9530,PASS,25,22,0.280647,1.0000,0.0000,0.9510
56,B,pd,flat_norule,et,0.9820,ABOVE,7,11,0.346167,0.0000,0.0000,0.9510
56,B,pd,flat_norule,hpd,0.9740,ABOVE,11,15,0.335564,0.0000,0.0000,0.9510
56,B,pd,jeffreys_norule,et,0.9780,ABOVE,11,11,0.32141,0.0000,0.0000,0.9510
56,B,pd,jeffreys_norule,hpd,0.9650,PASS,18,17,0.296331,0.0000,0.0000,0.9510
56,B,rho,flat,et,0.9460,PASS,8,46,1.41031,1.0000,0.0000,0.9480
56,B,rho,flat,hpd,0.9490,PASS,14,37,1.40057,1.0000,0.0000,0.9480
56,B,rho,jeffreys,et,0.9520,PASS,35,13,1.30491,1.0000,0.0000,0.9480
56,B,rho,jeffreys,hpd,0.9510,PASS,43,6,1.29708,1.0000,0.0000,0.9480
56,B,rho,flat_norule,et,0.9450,PASS,9,46,1.42302,0.0000,0.0000,0.9480
56,B,rho,flat_norule,hpd,0.9410,PASS,9,50,1.4023,0.0000,0.0000,0.9480
56,B,rho,jeffreys_norule,et,0.9540,PASS,32,14,1.31487,0.0000,0.0000,0.9480
56,B,rho,jeffreys_norule,hpd,0.9490,PASS,36,15,1.30632,0.0000,0.0000,0.9480
57,A,pd,flat,et,0.9540,PASS,16,30,0.365956,1.0000,0.0000,0.9440
57,A,pd,flat,hpd,0.9530,PASS,15,32,0.365892,1.0000,0.0000,0.9440
57,A,pd,jeffreys,et,0.9500,PASS,20,30,0.351676,1.0000,0.0000,0.9440
57,A,pd,jeffreys,hpd,0.9460,PASS,22,32,0.351635,1.0000,0.0000,0.9440
57,A,pd,flat_norule,et,0.9790,ABOVE,5,16,0.383979,0.0000,0.0000,0.9440
57,A,pd,flat_norule,hpd,0.9650,PASS,12,23,0.376684,0.0000,0.0000,0.9440
57,A,pd,jeffreys_norule,et,0.9730,ABOVE,10,17,0.37189,0.0000,0.0000,0.9440
57,A,pd,jeffreys_norule,hpd,0.9600,PASS,14,26,0.367914,0.0000,0.0000,0.9440
57,A,rho,flat,et,0.9630,PASS,0,37,3.04585,1.0000,0.0000,0.9550
57,A,rho,flat,hpd,0.9530,PASS,1,46,2.92495,1.0000,0.0000,0.9550
57,A,rho,jeffreys,et,0.9760,ABOVE,0,24,3.1517,1.0000,0.0000,0.9550
57,A,rho,jeffreys,hpd,0.9700,PASS,4,26,3.07254,1.0000,0.0000,0.9550
57,A,rho,flat_norule,et,0.9610,PASS,0,39,3.04721,0.0000,0.0000,0.9550
57,A,rho,flat_norule,hpd,0.9480,PASS,0,52,2.92214,0.0000,0.0000,0.9550
57,A,rho,jeffreys_norule,et,0.9760,ABOVE,0,24,3.15248,0.0000,0.0000,0.9550
57,A,rho,jeffreys_norule,hpd,0.9690,PASS,1,30,3.06769,0.0000,0.0000,0.9550
58,C,pd,flat,et,0.9500,PASS,22,28,0.225458,1.0000,0.0000,0.9400
58,C,pd,flat,hpd,0.9490,PASS,23,28,0.225285,1.0000,0.0000,0.9400
58,C,pd,jeffreys,et,0.9430,PASS,29,28,0.21588,1.0000,0.0000,0.9400
58,C,pd,jeffreys,hpd,0.9410,PASS,31,28,0.215661,1.0000,0.0000,0.9400
58,C,pd,flat_norule,et,0.9830,ABOVE,7,10,0.24896,0.0000,0.0000,0.9400
58,C,pd,flat_norule,hpd,0.9740,ABOVE,8,18,0.246256,0.0000,0.0000,0.9400
58,C,pd,jeffreys_norule,et,0.9800,ABOVE,10,10,0.247268,0.0000,0.0000,0.9400
58,C,pd,jeffreys_norule,hpd,0.9690,PASS,14,17,0.242818,0.0000,0.0000,0.9400
58,C,rho,flat,et,0.9500,PASS,8,42,1.1323,1.0000,0.0000,0.9400
58,C,rho,flat,hpd,0.9520,PASS,7,41,1.13108,1.0000,0.0000,0.9400
58,C,rho,jeffreys,et,0.9420,PASS,32,26,1.11033,1.0000,0.0000,0.9400
58,C,rho,jeffreys,hpd,0.9420,PASS,33,25,1.10747,1.0000,0.0000,0.9400
58,C,rho,flat_norule,et,0.9450,PASS,9,46,1.14541,0.0000,0.0000,0.9400
58,C,rho,flat_norule,hpd,0.9490,PASS,5,46,1.14144,0.0000,0.0000,0.9400
58,C,rho,jeffreys_norule,et,0.9400,PASS,32,28,1.12299,0.0000,0.0000,0.9400
58,C,rho,jeffreys_norule,hpd,0.9460,PASS,20,34,1.11733,0.0000,0.0000,0.9400
59,C,pd,flat,et,0.9690,PASS,12,19,0.204393,1.0000,0.0000,0.9640
59,C,pd,flat,hpd,0.9680,PASS,14,18,0.20422,1.0000,0.0000,0.9640
59,C,pd,jeffreys,et,0.9650,PASS,17,18,0.195962,1.0000,0.0000,0.9640
59,C,pd,jeffreys,hpd,0.9670,PASS,18,15,0.195786,1.0000,0.0000,0.9640
59,C,pd,flat_norule,et,0.9920,ABOVE,2,6,0.243322,0.0000,0.0000,0.9640
59,C,pd,flat_norule,hpd,0.9840,ABOVE,6,10,0.235437,0.0000,0.0000,0.9640
59,C,pd,jeffreys_norule,et,0.9880,ABOVE,6,6,0.239329,0.0000,0.0000,0.9640
59,C,pd,jeffreys_norule,hpd,0.9770,ABOVE,12,11,0.228664,0.0000,0.0000,0.9640
59,C,rho,flat,et,0.9470,PASS,16,37,0.94542,1.0000,0.0000,0.9450
59,C,rho,flat,hpd,0.9480,PASS,18,34,0.941894,1.0000,0.0000,0.9450
59,C,rho,jeffreys,et,0.9490,PASS,34,17,0.911352,1.0000,0.0000,0.9450
59,C,rho,jeffreys,hpd,0.9480,PASS,36,16,0.90784,1.0000,0.0000,0.9450
59,C,rho,flat_norule,et,0.9360,PASS,20,44,0.962057,0.0000,0.0000,0.9450
59,C,rho,flat_norule,hpd,0.9310,PASS,17,52,0.954377,0.0000,0.0000,0.9450
59,C,rho,jeffreys_norule,et,0.9430,PASS,37,20,0.932288,0.0000,0.0000,0.9450
59,C,rho,jeffreys_norule,hpd,0.9520,PASS,28,20,0.917729,0.0000,0.0000,0.9450
60,A,pd,flat,et,0.9370,PASS,28,35,0.221888,1.0000,0.0000,0.9360
60,A,pd,flat,hpd,0.9380,PASS,28,34,0.221808,1.0000,0.0000,0.9360
60,A,pd,jeffreys,et,0.9350,PASS,30,35,0.218383,1.0000,0.0000,0.9360
60,A,pd,jeffreys,hpd,0.9350,PASS,29,36,0.218065,1.0000,0.0000,0.9360
60,A,pd,flat_norule,et,0.9770,ABOVE,10,13,0.248302,0.0000,0.0000,0.9360
60,A,pd,flat_norule,hpd,0.9730,ABOVE,10,17,0.245005,0.0000,0.0000,0.9360
60,A,pd,jeffreys_norule,et,0.9770,ABOVE,10,13,0.247634,0.0000,0.0000,0.9360
60,A,pd,jeffreys_norule,hpd,0.9740,ABOVE,10,16,0.243049,0.0000,0.0000,0.9360
60,A,rho,flat,et,0.9650,PASS,9,26,2.04228,1.0000,0.0000,0.9560
60,A,rho,flat,hpd,0.9560,PASS,10,34,1.95633,1.0000,0.0000,0.9560
60,A,rho,jeffreys,et,0.9660,PASS,17,17,2.16279,1.0000,0.0000,0.9560
60,A,rho,jeffreys,hpd,0.9620,PASS,17,21,2.06417,1.0000,0.0000,0.9560
60,A,rho,flat_norule,et,0.9650,PASS,9,26,2.05957,0.0000,0.0000,0.9560
60,A,rho,flat_norule,hpd,0.9530,PASS,7,40,1.96597,0.0000,0.0000,0.9560
60,A,rho,jeffreys_norule,et,0.9680,PASS,15,17,2.17665,0.0000,0.0000,0.9560
60,A,rho,jeffreys_norule,hpd,0.9640,PASS,12,24,2.06975,0.0000,0.0000,0.9560
61,D,pd,flat,et,0.9620,PASS,18,20,0.138269,1.0000,0.0000,0.9540
61,D,pd,flat,hpd,0.9600,PASS,19,21,0.138152,1.0000,0.0000,0.9540
61,D,pd,jeffreys,et,0.9560,PASS,24,20,0.135923,1.0000,0.0000,0.9540
61,D,pd,jeffreys,hpd,0.9580,PASS,25,17,0.13585,1.0000,0.0000,0.9540
61,D,pd,flat_norule,et,0.9950,ABOVE,3,2,0.125725,0.0000,0.0000,0.9540
61,D,pd,flat_norule,hpd,0.9920,ABOVE,3,5,0.125725,0.0000,0.0000,0.9540
61,D,pd,jeffreys_norule,et,0.9950,ABOVE,3,2,0.125492,0.0000,0.0000,0.9540
61,D,pd,jeffreys_norule,hpd,0.9910,ABOVE,5,4,0.125492,0.0000,0.0000,0.9540
61,D,rho,flat,et,0.9520,PASS,17,31,0.69733,1.0000,0.0000,0.9480
61,D,rho,flat,hpd,0.9520,PASS,17,31,0.696259,1.0000,0.0000,0.9480
61,D,rho,jeffreys,et,0.9520,PASS,27,21,0.692085,1.0000,0.0000,0.9480
61,D,rho,jeffreys,hpd,0.9510,PASS,28,21,0.691353,1.0000,0.0000,0.9480
61,D,rho,flat_norule,et,0.9440,PASS,21,35,0.724246,0.0000,0.0000,0.9480
61,D,rho,flat_norule,hpd,0.9300,PASS,11,59,0.693833,0.0000,0.0000,0.9480
61,D,rho,jeffreys_norule,et,0.9470,PASS,31,22,0.717711,0.0000,0.0000,0.9480
61,D,rho,jeffreys_norule,hpd,0.9450,PASS,18,37,0.687314,0.0000,0.0000,0.9480
62,D,pd,flat,et,0.9500,PASS,19,31,0.125802,1.0000,0.0000,0.9480
62,D,pd,flat,hpd,0.9510,PASS,19,30,0.125681,1.0000,0.0000,0.9480
62,D,pd,jeffreys,et,0.9490,PASS,22,29,0.123765,1.0000,0.0000,0.9480
62,D,pd,jeffreys,hpd,0.9480,PASS,23,29,0.123619,1.0000,0.0000,0.9480
62,D,pd,flat_norule,et,0.9940,ABOVE,1,5,0.124472,0.0000,0.0000,0.9480
62,D,pd,flat_norule,hpd,0.9910,ABOVE,2,7,0.124472,0.0000,0.0000,0.9480
62,D,pd,jeffreys_norule,et,0.9950,ABOVE,1,4,0.124355,0.0000,0.0000,0.9480
62,D,pd,jeffreys_norule,hpd,0.9900,ABOVE,3,7,0.124355,0.0000,0.0000,0.9480
62,D,rho,flat,et,0.9460,PASS,10,44,0.579819,1.0000,0.0000,0.9440
62,D,rho,flat,hpd,0.9460,PASS,15,39,0.578725,1.0000,0.0000,0.9440
62,D,rho,jeffreys,et,0.9430,PASS,30,27,0.571666,1.0000,0.0000,0.9440
62,D,rho,jeffreys,hpd,0.9450,PASS,32,23,0.570524,1.0000,0.0000,0.9440
62,D,rho,flat_norule,et,0.9310,PASS,17,52,0.610118,0.0000,0.0000,0.9440
62,D,rho,flat_norule,hpd,0.9400,PASS,6,54,0.590198,0.0000,0.0000,0.9440
62,D,rho,jeffreys_norule,et,0.9330,PASS,30,37,0.603221,0.0000,0.0000,0.9440
62,D,rho,jeffreys_norule,hpd,0.9510,PASS,11,38,0.579519,0.0000,0.0000,0.9440
63,B,pd,flat,et,0.9620,PASS,2,36,0.924067,1.0000,0.0000,0.9480
63,B,pd,flat,hpd,0.9670,PASS,5,28,0.918993,1.0000,0.0000,0.9480
63,B,pd,jeffreys,et,0.9570,PASS,16,27,0.831031,1.0000,0.0000,0.9480
63,B,pd,jeffreys,hpd,0.9580,PASS,17,25,0.827684,1.0000,0.0000,0.9480
63,B,pd,flat_norule,et,0.9700,PASS,1,29,0.937064,0.0000,0.0000,0.9480
63,B,pd,flat_norule,hpd,0.9690,PASS,4,27,0.920192,0.0000,0.0000,0.9480
63,B,pd,jeffreys_norule,et,0.9630,PASS,13,24,0.842502,0.0000,0.0000,0.9480
63,B,pd,jeffreys_norule,hpd,0.9590,PASS,15,26,0.83491,0.0000,0.0000,0.9480
63,B,rho,flat,et,0.9530,PASS,3,44,1.99367,1.0000,0.0000,0.9440
63,B,rho,flat,hpd,0.9480,PASS,2,50,1.99203,1.0000,0.0000,0.9440
63,B,rho,jeffreys,et,0.9450,PASS,32,23,1.9953,1.0000,0.0000,0.9440
63,B,rho,jeffreys,hpd,0.9580,PASS,20,22,1.99168,1.0000,0.0000,0.9440
63,B,rho,flat_norule,et,0.9530,PASS,3,44,2.00081,0.0000,0.0000,0.9440
63,B,rho,flat_norule,hpd,0.9400,PASS,1,59,1.99677,0.0000,0.0000,0.9440
63,B,rho,jeffreys_norule,et,0.9450,PASS,32,23,2.0008,0.0000,0.0000,0.9440
63,B,rho,jeffreys_norule,hpd,0.9600,PASS,14,26,1.99718,0.0000,0.0000,0.9440
64,B,pd,flat,et,0.9510,PASS,7,42,0.801709,1.0000,0.0000,0.9460
64,B,pd,flat,hpd,0.9560,PASS,10,34,0.796106,1.0000,0.0000,0.9460
64,B,pd,jeffreys,et,0.9470,PASS,24,29,0.728489,1.0000,0.0000,0.9460
64,B,pd,jeffreys,hpd,0.9450,PASS,28,27,0.7255,1.0000,0.0000,0.9460
64,B,pd,flat_norule,et,0.9600,PASS,6,34,0.814165,0.0000,0.0000,0.9460
64,B,pd,flat_norule,hpd,0.9580,PASS,9,33,0.799,0.0000,0.0000,0.9460
64,B,pd,jeffreys_norule,et,0.9570,PASS,19,24,0.741108,0.0000,0.0000,0.9460
64,B,pd,jeffreys_norule,hpd,0.9530,PASS,24,23,0.735266,0.0000,0.0000,0.9460
64,B,rho,flat,et,0.9390,PASS,15,46,1.4301,1.0000,0.0000,0.9350
64,B,rho,flat,hpd,0.9430,PASS,17,40,1.42297,1.0000,0.0000,0.9350
64,B,rho,jeffreys,et,0.9460,PASS,38,16,1.35355,1.0000,0.0000,0.9350
64,B,rho,jeffreys,hpd,0.9390,PASS,49,12,1.34651,1.0000,0.0000,0.9350
64,B,rho,flat_norule,et,0.9370,PASS,16,47,1.44272,0.0000,0.0000,0.9350
64,B,rho,flat_norule,hpd,0.9250,BELOW,17,58,1.42951,0.0000,0.0000,0.9350
64,B,rho,jeffreys_norule,et,0.9420,PASS,41,17,1.36461,0.0000,0.0000,0.9350
64,B,rho,jeffreys_norule,hpd,0.9420,PASS,37,21,1.35281,0.0000,0.0000,0.9350
65,B,pd,flat,et,0.9440,PASS,8,48,0.783419,1.0000,0.0000,0.9360
65,B,pd,flat,hpd,0.9530,PASS,10,37,0.778528,1.0000,0.0000,0.9360
65,B,pd,jeffreys,et,0.9410,PASS,26,33,0.71431,1.0000,0.0000,0.9360
65,B,pd,jeffreys,hpd,0.9370,PASS,32,31,0.712222,1.0000,0.0000,0.9360
65,B,pd,flat_norule,et,0.9550,PASS,8,37,0.794282,0.0000,0.0000,0.9360
65,B,pd,flat_norule,hpd,0.9550,PASS,8,37,0.779056,0.0000,0.0000,0.9360
65,B,pd,jeffreys_norule,et,0.9480,PASS,23,29,0.729243,0.0000,0.0000,0.9360
65,B,pd,jeffreys_norule,hpd,0.9400,PASS,30,30,0.722579,0.0000,0.0000,0.9360
65,B,rho,flat,et,0.9580,PASS,9,33,1.3625,1.0000,0.0000,0.9430
65,B,rho,flat,hpd,0.9600,PASS,12,28,1.35543,1.0000,0.0000,0.9430
65,B,rho,jeffreys,et,0.9470,PASS,38,15,1.27953,1.0000,0.0000,0.9430
65,B,rho,jeffreys,hpd,0.9400,PASS,48,12,1.27353,1.0000,0.0000,0.9430
65,B,rho,flat_norule,et,0.9550,PASS,9,36,1.37521,0.0000,0.0000,0.9430
65,B,rho,flat_norule,hpd,0.9400,PASS,13,47,1.35769,0.0000,0.0000,0.9430
65,B,rho,jeffreys_norule,et,0.9440,PASS,41,15,1.29476,0.0000,0.0000,0.9430
65,B,rho,jeffreys_norule,hpd,0.9470,PASS,38,15,1.28286,0.0000,0.0000,0.9430
66,C,pd,flat,et,0.9580,PASS,6,36,0.618226,1.0000,0.0000,0.9490
66,C,pd,flat,hpd,0.9570,PASS,8,35,0.616898,1.0000,0.0000,0.9490
66,C,pd,jeffreys,et,0.9510,PASS,17,32,0.588427,1.0000,0.0000,0.9490
66,C,pd,jeffreys,hpd,0.9520,PASS,16,32,0.586866,1.0000,0.0000,0.9490
66,C,pd,flat_norule,et,0.9640,PASS,4,32,0.631174,0.0000,0.0000,0.9490
66,C,pd,flat_norule,hpd,0.9580,PASS,6,36,0.62607,0.0000,0.0000,0.9490
66,C,pd,jeffreys_norule,et,0.9630,PASS,9,28,0.603757,0.0000,0.0000,0.9490
66,C,pd,jeffreys_norule,hpd,0.9560,PASS,16,28,0.599302,0.0000,0.0000,0.9490
66,C,rho,flat,et,0.9430,PASS,13,44,1.37421,1.0000,0.0000,0.9380
66,C,rho,flat,hpd,0.9510,PASS,7,42,1.37177,1.0000,0.0000,0.9380
66,C,rho,jeffreys,et,0.9410,PASS,37,22,1.36813,1.0000,0.0000,0.9380
66,C,rho,jeffreys,hpd,0.9510,PASS,26,23,1.36632,1.0000,0.0000,0.9380
66,C,rho,flat_norule,et,0.9430,PASS,13,44,1.38576,0.0000,0.0000,0.9380
66,C,rho,flat_norule,hpd,0.9430,PASS,3,54,1.37317,0.0000,0.0000,0.9380
66,C,rho,jeffreys_norule,et,0.9380,PASS,38,24,1.37713,0.0000,0.0000,0.9380
66,C,rho,jeffreys_norule,hpd,0.9520,PASS,19,29,1.36652,0.0000,0.0000,0.9380
67,C,pd,flat,et,0.9540,PASS,17,29,0.534389,1.0000,0.0000,0.9480
67,C,pd,flat,hpd,0.9550,PASS,17,28,0.532544,1.0000,0.0000,0.9480
67,C,pd,jeffreys,et,0.9510,PASS,25,24,0.511424,1.0000,0.0000,0.9480
67,C,pd,jeffreys,hpd,0.9500,PASS,27,23,0.510973,1.0000,0.0000,0.9480
67,C,pd,flat_norule,et,0.9630,PASS,14,23,0.556843,0.0000,0.0000,0.9480
67,C,pd,flat_norule,hpd,0.9580,PASS,17,25,0.540688,0.0000,0.0000,0.9480
67,C,pd,jeffreys_norule,et,0.9610,PASS,21,18,0.532086,0.0000,0.0000,0.9480
67,C,pd,jeffreys_norule,hpd,0.9540,PASS,25,21,0.514241,0.0000,0.0000,0.9480
67,C,rho,flat,et,0.9500,PASS,17,33,0.973383,1.0000,0.0000,0.9510
67,C,rho,flat,hpd,0.9520,PASS,19,29,0.970125,1.0000,0.0000,0.9510
67,C,rho,jeffreys,et,0.9530,PASS,31,16,0.947561,1.0000,0.0000,0.9510
67,C,rho,jeffreys,hpd,0.9520,PASS,34,14,0.942918,1.0000,0.0000,0.9510
67,C,rho,flat_norule,et,0.9430,PASS,19,38,0.989273,0.0000,0.0000,0.9510
67,C,rho,flat_norule,hpd,0.9230,BELOW,19,58,0.982989,0.0000,0.0000,0.9510
67,C,rho,jeffreys_norule,et,0.9520,PASS,32,16,0.965833,0.0000,0.0000,0.9510
67,C,rho,jeffreys_norule,hpd,0.9510,PASS,29,20,0.958804,0.0000,0.0000,0.9510
68,C,pd,flat,et,0.9340,PASS,15,51,0.52587,1.0000,0.0000,0.9240
68,C,pd,flat,hpd,0.9340,PASS,18,48,0.524726,1.0000,0.0000,0.9240
68,C,pd,jeffreys,et,0.9250,BELOW,35,40,0.504712,1.0000,0.0000,0.9240
68,C,pd,jeffreys,hpd,0.9250,BELOW,38,37,0.50432,1.0000,0.0000,0.9240
68,C,pd,flat_norule,et,0.9530,PASS,10,37,0.546408,0.0000,0.0000,0.9240
68,C,pd,flat_norule,hpd,0.9450,PASS,13,42,0.52296,0.0000,0.0000,0.9240
68,C,pd,jeffreys_norule,et,0.9550,PASS,21,24,0.521421,0.0000,0.0000,0.9240
68,C,pd,jeffreys_norule,hpd,0.9380,PASS,28,34,0.509783,0.0000,0.0000,0.9240
68,C,rho,flat,et,0.9490,PASS,18,33,0.923214,1.0000,0.0000,0.9460
68,C,rho,flat,hpd,0.9560,PASS,19,25,0.919873,1.0000,0.0000,0.9460
68,C,rho,jeffreys,et,0.9470,PASS,39,14,0.89543,1.0000,0.0000,0.9460
68,C,rho,jeffreys,hpd,0.9500,PASS,39,11,0.891461,1.0000,0.0000,0.9460
68,C,rho,flat_norule,et,0.9420,PASS,19,39,0.944448,0.0000,0.0000,0.9460
68,C,rho,flat_norule,hpd,0.9440,PASS,14,42,0.930658,0.0000,0.0000,0.9460
68,C,rho,jeffreys_norule,et,0.9460,PASS,39,15,0.919041,0.0000,0.0000,0.9460
68,C,rho,jeffreys_norule,hpd,0.9630,PASS,22,15,0.893658,0.0000,0.0000,0.9460
69,D,pd,flat,et,0.9540,PASS,16,30,0.375888,1.0000,0.0000,0.9540
69,D,pd,flat,hpd,0.9540,PASS,16,30,0.37555,1.0000,0.0000,0.9540
69,D,pd,jeffreys,et,0.9530,PASS,21,26,0.369182,1.0000,0.0000,0.9540
69,D,pd,jeffreys,hpd,0.9510,PASS,21,28,0.368993,1.0000,0.0000,0.9540
69,D,pd,flat_norule,et,0.9770,ABOVE,5,18,0.400931,0.0000,0.0000,0.9540
69,D,pd,flat_norule,hpd,0.9670,PASS,11,22,0.382425,0.0000,0.0000,0.9540
69,D,pd,jeffreys_norule,et,0.9730,ABOVE,11,16,0.388647,0.0000,0.0000,0.9540
69,D,pd,jeffreys_norule,hpd,0.9670,PASS,14,19,0.378048,0.0000,0.0000,0.9540
69,D,rho,flat,et,0.9510,PASS,16,33,0.846457,1.0000,0.0000,0.9540
69,D,rho,flat,hpd,0.9540,PASS,14,32,0.846451,1.0000,0.0000,0.9540
69,D,rho,jeffreys,et,0.9550,PASS,25,20,0.843772,1.0000,0.0000,0.9540
69,D,rho,jeffreys,hpd,0.9540,PASS,25,21,0.843769,1.0000,0.0000,0.9540
69,D,rho,flat_norule,et,0.9430,PASS,16,41,0.868242,0.0000,0.0000,0.9540
69,D,rho,flat_norule,hpd,0.9340,PASS,8,58,0.851293,0.0000,0.0000,0.9540
69,D,rho,jeffreys_norule,et,0.9510,PASS,26,23,0.865933,0.0000,0.0000,0.9540
69,D,rho,jeffreys_norule,hpd,0.9470,PASS,14,39,0.850222,0.0000,0.0000,0.9540
70,D,pd,flat,et,0.9550,PASS,22,23,0.33132,1.0000,0.0000,0.9490
70,D,pd,flat,hpd,0.9530,PASS,23,24,0.330903,1.0000,0.0000,0.9490
70,D,pd,jeffreys,et,0.9510,PASS,30,19,0.325742,1.0000,0.0000,0.9490
70,D,pd,jeffreys,hpd,0.9510,PASS,31,18,0.325119,1.0000,0.0000,0.9490
70,D,pd,flat_norule,et,0.9800,ABOVE,8,12,0.359379,0.0000,0.0000,0.9490
70,D,pd,flat_norule,hpd,0.9680,PASS,18,14,0.353634,0.0000,0.0000,0.9490
70,D,pd,jeffreys_norule,et,0.9780,ABOVE,13,9,0.355476,0.0000,0.0000,0.9490
70,D,pd,jeffreys_norule,hpd,0.9670,PASS,24,9,0.348387,0.0000,0.0000,0.9490
70,D,rho,flat,et,0.9570,PASS,19,24,0.601524,1.0000,0.0000,0.9430
70,D,rho,flat,hpd,0.9540,PASS,20,26,0.601148,1.0000,0.0000,0.9430
70,D,rho,jeffreys,et,0.9460,PASS,35,19,0.595224,1.0000,0.0000,0.9430
70,D,rho,jeffreys,hpd,0.9440,PASS,37,19,0.593676,1.0000,0.0000,0.9430
70,D,rho,flat_norule,et,0.9460,PASS,20,34,0.631275,0.0000,0.0000,0.9430
70,D,rho,flat_norule,hpd,0.9470,PASS,13,40,0.621389,0.0000,0.0000,0.9430
70,D,rho,jeffreys_norule,et,0.9430,PASS,37,20,0.625233,0.0000,0.0000,0.9430
70,D,rho,jeffreys_norule,hpd,0.9550,PASS,21,24,0.6143,0.0000,0.0000,0.9430
71,D,pd,flat,et,0.9440,PASS,14,42,0.323714,1.0000,0.0000,0.9460
71,D,pd,flat,hpd,0.9420,PASS,15,43,0.323375,1.0000,0.0000,0.9460
71,D,pd,jeffreys,et,0.9480,PASS,22,30,0.318592,1.0000,0.0000,0.9460
71,D,pd,jeffreys,hpd,0.9510,PASS,20,29,0.317994,1.0000,0.0000,0.9460
71,D,pd,flat_norule,et,0.9770,ABOVE,5,18,0.355982,0.0000,0.0000,0.9460
71,D,pd,flat_norule,hpd,0.9670,PASS,11,22,0.34758,0.0000,0.0000,0.9460
71,D,pd,jeffreys_norule,et,0.9730,ABOVE,11,16,0.352217,0.0000,0.0000,0.9460
71,D,pd,jeffreys_norule,hpd,0.9670,PASS,16,17,0.342955,0.0000,0.0000,0.9460
71,D,rho,flat,et,0.9570,PASS,10,33,0.568949,1.0000,0.0000,0.9510
71,D,rho,flat,hpd,0.9570,PASS,12,31,0.56739,1.0000,0.0000,0.9510
71,D,rho,jeffreys,et,0.9530,PASS,24,23,0.561707,1.0000,0.0000,0.9510
71,D,rho,jeffreys,hpd,0.9530,PASS,23,24,0.561088,1.0000,0.0000,0.9510
71,D,rho,flat_norule,et,0.9480,PASS,11,41,0.603665,0.0000,0.0000,0.9510
71,D,rho,flat_norule,hpd,0.9520,PASS,2,46,0.579065,0.0000,0.0000,0.9510
71,D,rho,jeffreys_norule,et,0.9480,PASS,26,26,0.598489,0.0000,0.0000,0.9510
71,D,rho,jeffreys_norule,hpd,0.9690,PASS,5,26,0.571175,0.0000,0.0000,0.9510
72,A,pd,flat,et,0.9430,PASS,18,39,1.21086,1.0000,0.0000,0.9360
72,A,pd,flat,hpd,0.9410,PASS,21,38,1.20837,1.0000,0.0000,0.9360
72,A,pd,jeffreys,et,0.9360,PASS,41,23,1.14174,1.0000,0.0000,0.9360
72,A,pd,jeffreys,hpd,0.9370,PASS,44,19,1.13826,1.0000,0.0000,0.9360
72,A,pd,flat_norule,et,0.9490,PASS,17,34,1.22065,0.0000,0.0000,0.9360
72,A,pd,flat_norule,hpd,0.9390,PASS,22,39,1.21243,0.0000,0.0000,0.9360
72,A,pd,jeffreys_norule,et,0.9440,PASS,38,18,1.14755,0.0000,0.0000,0.9360
72,A,pd,jeffreys_norule,hpd,0.9330,PASS,44,23,1.14302,0.0000,0.0000,0.9360
72,A,rho,flat,et,0.9510,PASS,20,29,1.68355,1.0000,0.0000,0.9240
72,A,rho,flat,hpd,0.9130,BELOW,13,74,1.67422,1.0000,0.0000,0.9240
72,A,rho,jeffreys,et,0.9330,PASS,54,13,1.71807,1.0000,0.0000,0.9240
72,A,rho,jeffreys,hpd,0.9250,BELOW,45,30,1.7144,1.0000,0.0000,0.9240
72,A,rho,flat_norule,et,0.9530,PASS,20,27,1.68909,0.0000,0.0000,0.9240
72,A,rho,flat_norule,hpd,0.9140,BELOW,12,74,1.67524,0.0000,0.0000,0.9240
72,A,rho,jeffreys_norule,et,0.9340,PASS,53,13,1.7242,0.0000,0.0000,0.9240
72,A,rho,jeffreys_norule,hpd,0.9340,PASS,39,27,1.71309,0.0000,0.0000,0.9240
73,B,pd,flat,et,0.9470,PASS,12,41,1.15049,1.0000,0.0000,0.9310
73,B,pd,flat,hpd,0.9480,PASS,14,38,1.14632,1.0000,0.0000,0.9310
73,B,pd,jeffreys,et,0.9340,PASS,37,29,1.08329,1.0000,0.0000,0.9310
73,B,pd,jeffreys,hpd,0.9320,PASS,43,25,1.07927,1.0000,0.0000,0.9310
73,B,pd,flat_norule,et,0.9490,PASS,12,39,1.15841,0.0000,0.0000,0.9310
73,B,pd,flat_norule,hpd,0.9470,PASS,13,40,1.15028,0.0000,0.0000,0.9310
73,B,pd,jeffreys_norule,et,0.9390,PASS,35,26,1.09237,0.0000,0.0000,0.9310
73,B,pd,jeffreys_norule,hpd,0.9340,PASS,43,23,1.08477,0.0000,0.0000,0.9310
73,B,rho,flat,et,0.9540,PASS,13,33,1.3763,1.0000,0.0000,0.9390
73,B,rho,flat,hpd,0.9170,BELOW,16,67,1.37173,1.0000,0.0000,0.9390
73,B,rho,jeffreys,et,0.9420,PASS,43,15,1.33401,1.0000,0.0000,0.9390
73,B,rho,jeffreys,hpd,0.9260,BELOW,47,27,1.32736,1.0000,0.0000,0.9390
73,B,rho,flat_norule,et,0.9550,PASS,13,32,1.38569,0.0000,0.0000,0.9390
73,B,rho,flat_norule,hpd,0.9150,BELOW,15,70,1.37298,0.0000,0.0000,0.9390
73,B,rho,jeffreys_norule,et,0.9420,PASS,43,15,1.34408,0.0000,0.0000,0.9390
73,B,rho,jeffreys_norule,hpd,0.9280,PASS,43,29,1.33494,0.0000,0.0000,0.9390
74,B,pd,flat,et,0.9400,PASS,10,50,1.13603,1.0000,0.0000,0.9330
74,B,pd,flat,hpd,0.9440,PASS,15,41,1.13238,1.0000,0.0000,0.9330
74,B,pd,jeffreys,et,0.9350,PASS,33,32,1.07221,1.0000,0.0000,0.9330
74,B,pd,jeffreys,hpd,0.9320,PASS,39,29,1.06868,1.0000,0.0000,0.9330
74,B,pd,flat_norule,et,0.9460,PASS,10,44,1.14389,0.0000,0.0000,0.9330
74,B,pd,flat_norule,hpd,0.9400,PASS,14,46,1.13641,0.0000,0.0000,0.9330
74,B,pd,jeffreys_norule,et,0.9410,PASS,30,29,1.08125,0.0000,0.0000,0.9330
74,B,pd,jeffreys_norule,hpd,0.9360,PASS,36,28,1.07127,0.0000,0.0000,0.9330
74,B,rho,flat,et,0.9520,PASS,12,36,1.31801,1.0000,0.0000,0.9210
74,B,rho,flat,hpd,0.9230,BELOW,18,59,1.31259,1.0000,0.0000,0.9210
74,B,rho,jeffreys,et,0.9380,PASS,45,17,1.27321,1.0000,0.0000,0.9210
74,B,rho,jeffreys,hpd,0.9100,BELOW,65,25,1.26551,1.0000,0.0000,0.9210
74,B,rho,flat_norule,et,0.9540,PASS,11,35,1.32882,0.0000,0.0000,0.9210
74,B,rho,flat_norule,hpd,0.9190,BELOW,12,69,1.32225,0.0000,0.0000,0.9210
74,B,rho,jeffreys_norule,et,0.9410,PASS,43,16,1.28427,0.0000,0.0000,0.9210
74,B,rho,jeffreys_norule,hpd,0.9150,BELOW,55,30,1.27199,0.0000,0.0000,0.9210
75,C,pd,flat,et,0.9520,PASS,9,39,0.85515,1.0000,0.0000,0.9510
75,C,pd,flat,hpd,0.9540,PASS,11,35,0.853134,1.0000,0.0000,0.9510
75,C,pd,jeffreys,et,0.9520,PASS,18,30,0.820165,1.0000,0.0000,0.9510
75,C,pd,jeffreys,hpd,0.9510,PASS,20,29,0.817419,1.0000,0.0000,0.9510
75,C,pd,flat_norule,et,0.9600,PASS,6,34,0.865083,0.0000,0.0000,0.9510
75,C,pd,flat_norule,hpd,0.9550,PASS,11,34,0.860432,0.0000,0.0000,0.9510
75,C,pd,jeffreys_norule,et,0.9550,PASS,17,28,0.831087,0.0000,0.0000,0.9510
75,C,pd,jeffreys_norule,hpd,0.9540,PASS,18,28,0.824374,0.0000,0.0000,0.9510
75,C,rho,flat,et,0.9540,PASS,15,31,1.25606,1.0000,0.0000,0.9390
75,C,rho,flat,hpd,0.9350,PASS,14,51,1.25346,1.0000,0.0000,0.9390
75,C,rho,jeffreys,et,0.9460,PASS,35,19,1.24871,1.0000,0.0000,0.9390
75,C,rho,jeffreys,hpd,0.9420,PASS,35,23,1.24733,1.0000,0.0000,0.9390
75,C,rho,flat_norule,et,0.9550,PASS,15,30,1.26674,0.0000,0.0000,0.9390
75,C,rho,flat_norule,hpd,0.9340,PASS,12,54,1.25948,0.0000,0.0000,0.9390
75,C,rho,jeffreys_norule,et,0.9490,PASS,32,19,1.26258,0.0000,0.0000,0.9390
75,C,rho,jeffreys_norule,hpd,0.9470,PASS,28,25,1.25238,0.0000,0.0000,0.9390
76,C,pd,flat,et,0.9560,PASS,10,34,0.795452,1.0000,0.0000,0.9500
76,C,pd,flat,hpd,0.9600,PASS,12,28,0.794127,1.0000,0.0000,0.9500
76,C,pd,jeffreys,et,0.9540,PASS,26,20,0.768634,1.0000,0.0000,0.9500
76,C,pd,jeffreys,hpd,0.9490,PASS,32,19,0.766664,1.0000,0.0000,0.9500
76,C,pd,flat_norule,et,0.9620,PASS,9,29,0.810108,0.0000,0.0000,0.9500
76,C,pd,flat_norule,hpd,0.9580,PASS,11,31,0.796951,0.0000,0.0000,0.9500
76,C,pd,jeffreys_norule,et,0.9630,PASS,21,16,0.779383,0.0000,0.0000,0.9500
76,C,pd,jeffreys_norule,hpd,0.9410,PASS,36,23,0.769299,0.0000,0.0000,0.9500
76,C,rho,flat,et,0.9590,PASS,15,26,0.970756,1.0000,0.0000,0.9530
76,C,rho,flat,hpd,0.9590,PASS,17,24,0.967951,1.0000,0.0000,0.9530
76,C,rho,jeffreys,et,0.9570,PASS,31,12,0.951829,1.0000,0.0000,0.9530
76,C,rho,jeffreys,hpd,0.9490,PASS,39,12,0.948333,1.0000,0.0000,0.9530
76,C,rho,flat_norule,et,0.9600,PASS,15,25,0.98689,0.0000,0.0000,0.9530
76,C,rho,flat_norule,hpd,0.9570,PASS,15,28,0.980919,0.0000,0.0000,0.9530
76,C,rho,jeffreys_norule,et,0.9590,PASS,29,12,0.969042,0.0000,0.0000,0.9530
76,C,rho,jeffreys_norule,hpd,0.9570,PASS,30,13,0.963031,0.0000,0.0000,0.9530
77,C,pd,flat,et,0.9640,PASS,9,27,0.789936,1.0000,0.0000,0.9490
77,C,pd,flat,hpd,0.9650,PASS,10,25,0.787542,1.0000,0.0000,0.9490
77,C,pd,jeffreys,et,0.9530,PASS,29,18,0.764674,1.0000,0.0000,0.9490
77,C,pd,jeffreys,hpd,0.9510,PASS,32,17,0.762648,1.0000,0.0000,0.9490
77,C,pd,flat_norule,et,0.9690,PASS,7,24,0.802516,0.0000,0.0000,0.9490
77,C,pd,flat_norule,hpd,0.9630,PASS,12,25,0.786444,0.0000,0.0000,0.9490
77,C,pd,jeffreys_norule,et,0.9660,PASS,19,15,0.77643,0.0000,0.0000,0.9490
77,C,pd,jeffreys_norule,hpd,0.9580,PASS,27,15,0.76723,0.0000,0.0000,0.9490
77,C,rho,flat,et,0.9510,PASS,14,35,0.916462,1.0000,0.0000,0.9470
77,C,rho,flat,hpd,0.9500,PASS,18,32,0.912913,1.0000,0.0000,0.9470
77,C,rho,jeffreys,et,0.9450,PASS,34,21,0.895022,1.0000,0.0000,0.9470
77,C,rho,jeffreys,hpd,0.9460,PASS,35,19,0.892031,1.0000,0.0000,0.9470
77,C,rho,flat_norule,et,0.9540,PASS,13,33,0.938476,0.0000,0.0000,0.9470
77,C,rho,flat_norule,hpd,0.9480,PASS,14,38,0.923843,0.0000,0.0000,0.9470
77,C,rho,jeffreys_norule,et,0.9500,PASS,33,17,0.918946,0.0000,0.0000,0.9470
77,C,rho,jeffreys_norule,hpd,0.9500,PASS,26,24,0.896406,0.0000,0.0000,0.9470
78,D,pd,flat,et,0.9540,PASS,15,31,0.525665,1.0000,0.0000,0.9500
78,D,pd,flat,hpd,0.9520,PASS,16,32,0.525474,1.0000,0.0000,0.9500
78,D,pd,jeffreys,et,0.9560,PASS,22,22,0.516673,1.0000,0.0000,0.9500
78,D,pd,jeffreys,hpd,0.9510,PASS,25,24,0.514607,1.0000,0.0000,0.9500
78,D,pd,flat_norule,et,0.9700,PASS,8,22,0.546036,0.0000,0.0000,0.9500
78,D,pd,flat_norule,hpd,0.9630,PASS,10,27,0.524018,0.0000,0.0000,0.9500
78,D,pd,jeffreys_norule,et,0.9660,PASS,18,16,0.534341,0.0000,0.0000,0.9500
78,D,pd,jeffreys_norule,hpd,0.9590,PASS,20,21,0.516563,0.0000,0.0000,0.9500
78,D,rho,flat,et,0.9420,PASS,18,40,0.793565,1.0000,0.0000,0.9420
78,D,rho,flat,hpd,0.9440,PASS,19,37,0.792216,1.0000,0.0000,0.9420
78,D,rho,jeffreys,et,0.9410,PASS,28,31,0.78875,1.0000,0.0000,0.9420
78,D,rho,jeffreys,hpd,0.9420,PASS,29,29,0.787736,1.0000,0.0000,0.9420
78,D,rho,flat_norule,et,0.9430,PASS,17,40,0.812458,0.0000,0.0000,0.9420
78,D,rho,flat_norule,hpd,0.9450,PASS,10,45,0.808393,0.0000,0.0000,0.9420
78,D,rho,jeffreys_norule,et,0.9450,PASS,26,29,0.809249,0.0000,0.0000,0.9420
78,D,rho,jeffreys_norule,hpd,0.9440,PASS,23,33,0.804592,0.0000,0.0000,0.9420
79,D,pd,flat,et,0.9420,PASS,19,39,0.493245,1.0000,0.0000,0.9500
79,D,pd,flat,hpd,0.9420,PASS,19,39,0.493091,1.0000,0.0000,0.9500
79,D,pd,jeffreys,et,0.9470,PASS,23,30,0.486518,1.0000,0.0000,0.9500
79,D,pd,jeffreys,hpd,0.9460,PASS,23,31,0.484565,1.0000,0.0000,0.9500
79,D,pd,flat_norule,et,0.9560,PASS,15,29,0.506298,0.0000,0.0000,0.9500
79,D,pd,flat_norule,hpd,0.9520,PASS,18,30,0.500327,0.0000,0.0000,0.9500
79,D,pd,jeffreys_norule,et,0.9630,PASS,20,17,0.501263,0.0000,0.0000,0.9500
79,D,pd,jeffreys_norule,hpd,0.9600,PASS,21,19,0.496716,0.0000,0.0000,0.9500
79,D,rho,flat,et,0.9580,PASS,14,28,0.603838,1.0000,0.0000,0.9510
79,D,rho,flat,hpd,0.9680,PASS,11,21,0.602857,1.0000,0.0000,0.9510
79,D,rho,jeffreys,et,0.9530,PASS,30,17,0.59844,1.0000,0.0000,0.9510
79,D,rho,jeffreys,hpd,0.9530,PASS,34,13,0.596931,1.0000,0.0000,0.9510
79,D,rho,flat_norule,et,0.9620,PASS,10,28,0.633812,0.0000,0.0000,0.9510
79,D,rho,flat_norule,hpd,0.9560,PASS,11,33,0.625613,0.0000,0.0000,0.9510
79,D,rho,jeffreys_norule,et,0.9670,PASS,17,16,0.629699,0.0000,0.0000,0.9510
79,D,rho,jeffreys_norule,hpd,0.9560,PASS,23,21,0.619753,0.0000,0.0000,0.9510
80,D,pd,flat,et,0.9540,PASS,16,30,0.488017,1.0000,0.0000,0.9530
80,D,pd,flat,hpd,0.9540,PASS,17,29,0.487747,1.0000,0.0000,0.9530
80,D,pd,jeffreys,et,0.9530,PASS,24,23,0.482355,1.0000,0.0000,0.9530
80,D,pd,jeffreys,hpd,0.9510,PASS,26,23,0.480643,1.0000,0.0000,0.9530
80,D,pd,flat_norule,et,0.9650,PASS,13,22,0.503394,0.0000,0.0000,0.9530
80,D,pd,flat_norule,hpd,0.9620,PASS,15,23,0.497755,0.0000,0.0000,0.9530
80,D,pd,jeffreys_norule,et,0.9670,PASS,16,17,0.497614,0.0000,0.0000,0.9530
80,D,pd,jeffreys_norule,hpd,0.9630,PASS,17,20,0.493813,0.0000,0.0000,0.9530
80,D,rho,flat,et,0.9390,PASS,28,33,0.567701,1.0000,0.0000,0.9410
80,D,rho,flat,hpd,0.9400,PASS,28,32,0.567191,1.0000,0.0000,0.9410
80,D,rho,jeffreys,et,0.9410,PASS,36,23,0.563122,1.0000,0.0000,0.9410
80,D,rho,jeffreys,hpd,0.9420,PASS,37,21,0.562107,1.0000,0.0000,0.9410
80,D,rho,flat_norule,et,0.9500,PASS,18,32,0.605096,0.0000,0.0000,0.9410
80,D,rho,flat_norule,hpd,0.9530,PASS,17,30,0.581777,0.0000,0.0000,0.9410
80,D,rho,jeffreys_norule,et,0.9490,PASS,30,21,0.601799,0.0000,0.0000,0.9410
80,D,rho,jeffreys_norule,hpd,0.9460,PASS,29,25,0.574527,0.0000,0.0000,0.9410
