# Recovery summary (M1.8 D-121, D-124; M2 D-131): one row per scenario, R replicates each.
# Written by recovery_harness --write (MSVC 1951); provenance in MANIFEST.json.
# Bias and RMSE use all replicates. Coverage, sd_u and rms_se_u are conditional on the replicate
# being unflagged (not on the grid edge, not within 2 SEs of a bound, surface not flat); sd_u and
# rms_se_u are in the logit coordinate. t_*: the t(T-1) Wald interval on the same unflagged
# replicates (native comparison). profile_*: the profile-likelihood interval over ALL replicates.
# boot_*: the iid bootstrap percentile interval (B = 999) over ALL replicates.
# q_*: the 99.9% conditional PD (S-23): profile interval and bootstrap over ALL replicates, the
# delta-method Wald interval in logit(q) on the unflagged replicates; miss_below / miss_above count
# intervals entirely below / above the true q; log_width is log(hi / lo) of the profile interval.
# Doubles in *_hex columns are exact; the decimal columns are for readers.
scenario,pd,rho,periods,obligors,replicates,edge,near_bound,flat,rejected,quad_unconverged,numeric,flagged,unflagged,band_lo_hex,band_hi_hex,profile_band_lo_hex,profile_band_hi_hex,profile_residual_max_hex,boot_edge_fraction_hex,pd_mean_hex,pd_bias_hex,pd_bias_mcse_hex,pd_rmse_hex,pd_sd_u_hex,pd_rms_se_u_hex,pd_covered,pd_verdict,pd_bias,pd_rmse,pd_coverage,pd_se_ratio,pd_t_covered,pd_profile_covered,pd_profile_truncated,pd_profile_not_computed,pd_profile_verdict,pd_t_coverage,pd_profile_coverage,pd_boot_covered,pd_boot_degenerate,pd_boot_verdict,pd_boot_coverage,rho_mean_hex,rho_bias_hex,rho_bias_mcse_hex,rho_rmse_hex,rho_sd_u_hex,rho_rms_se_u_hex,rho_covered,rho_verdict,rho_bias,rho_rmse,rho_coverage,rho_se_ratio,rho_t_covered,rho_profile_covered,rho_profile_truncated,rho_profile_not_computed,rho_profile_verdict,rho_t_coverage,rho_profile_coverage,rho_boot_covered,rho_boot_degenerate,rho_boot_verdict,rho_boot_coverage,q_true_hex,q_median_rel_err_hex,q_rmse_hex,q_profile_covered,q_profile_truncated,q_profile_box_limited,q_profile_box_limited_lo,q_profile_not_computed,q_profile_miss_below,q_profile_miss_above,q_profile_excludes_estimate,q_profile_log_width_median_hex,q_profile_residual_max_hex,q_profile_verdict,q_wald_covered,q_wald_miss_below,q_wald_miss_above,q_wald_verdict,q_boot_covered,q_boot_miss_below,q_boot_miss_above,q_boot_verdict,q_true,q_median_rel_err,q_profile_coverage,q_profile_width_ratio_median,q_wald_coverage,q_boot_coverage
1,0.001,0.02,20,1000,10000,4170,2581,0,23,0,0,6751,3249,0x1.dff5901499a9ap-1,0x1.ecd73cb833232p-1,0x1.e2ba9013ef23cp-1,0x1.ea123cb8dda90p-1,0x1.8c03600000000p-29,0x1.058d8f7ab4404p-1,0x1.06a4377a7d9ecp-10,0x1.fd692d8bfc000p-20,0x1.5434361c84d29p-19,0x1.09c74b865da17p-12,0x1.eb82173b10d70p-3,0x1.320c988122338p-2,3172,DEFERRED,1.8977e-06,0.000253466,0.9763,0.8030,3191,9593,3,0,UNREVIEWED,0.9821,0.9593,9199,0,KNOWN FINDING,0.9199,0x1.4f3532a628f0ep-6,0x1.e1c78ad1ea4c0p-12,0x1.1a18b02dcb149p-12,0x1.b8d163982f51ep-6,0x1.e3cb3de5a4c33p-2,0x1.1b59e0b5be483p+0,2983,DEFERRED,0.000459461,0.0269054,0.9181,0.4269,3051,9879,9369,0,CONSERVATIVE,0.9391,0.9879,8412,681,KNOWN FINDING,0.8412,0x1.e248438d65b90p-9,-0x1.666627fced914p-2,0x1.a5a4b0e674c18p-9,9892,2,9364,9349,0,0,108,0,0x1.8728640f01171p+1,0x1.41a2800000000p-29,CONSERVATIVE,3210,0,39,DEFERRED,7906,2064,30,KNOWN FINDING,0.00367952,-0.3500,0.9892,21.2407,0.9880,0.7906
2,0.001,0.02,20,10000,10000,62,492,0,140,0,0,554,9446,0x1.e29f6527a76b7p-1,0x1.ea2d67a525615p-1,0x1.e2ba9013ef23cp-1,0x1.ea123cb8dda90p-1,0x1.767d800000000p-28,0x1.7be75f1bd9cacp-5,0x1.06b4a885137d1p-10,0x1.1f96abf1baa00p-19,0x1.64557b6734baap-20,0x1.166880e61b6cdp-13,0x1.0e88048f37dbbp-3,0x1.0caeb6204a14ap-3,8862,DEFERRED,2.1427e-06,0.000132755,0.9382,1.0069,8988,9419,0,0,UNREVIEWED,0.9515,0.9419,9241,0,KNOWN FINDING,0.9241,0x1.2cee5eb837fa6p-6,-0x1.abfb5c2a94d50p-10,0x1.84ee70a17299ep-14,0x1.3482e3bdca482p-7,0x1.e56242fe484ddp-2,0x1.106dfabb2bf3ep-1,9335,DEFERRED,-0.00163262,0.00941502,0.9882,0.8908,9362,9399,1333,0,UNREVIEWED,0.9911,0.9399,8291,3,KNOWN FINDING,0.8291,0x1.e248438d65b90p-9,-0x1.5615d1be37b80p-4,0x1.386ddddbe21d8p-10,9399,0,1289,1289,0,446,155,0,0x1.4b74073e640cap+0,0x1.be70200000000p-28,UNREVIEWED,9214,194,38,DEFERRED,8198,1766,36,KNOWN FINDING,0.00367952,-0.0835,0.9399,3.6500,0.9754,0.8198
6,0.001,0.02,100,100,10000,6071,3744,0,0,0,0,9815,185,0x1.cb68945aec800p-1,0x1.00b21c38f0266p+0,0x1.e2ba9013ef23cp-1,0x1.ea123cb8dda90p-1,0x1.052b800000000p-29,0x1.78b5e5975c812p-1,0x1.04f61c8dfbc58p-10,-0x1.2ec0a11eda400p-18,0x1.a8717e4bd851cp-19,0x1.4b9d0f67c20aap-12,0x1.1993fb6662897p-3,0x1.2ec25534ba3d0p-2,134,DEFERRED,-4.51136e-06,0.000316251,0.7243,0.4650,146,9790,135,0,CONSERVATIVE,0.7892,0.9790,9453,0,PASS,0.9453,0x1.34181b1837a3dp-5,0x1.208221b58dfffp-6,0x1.48349c7317a50p-11,0x1.0a598009e5b7fp-4,0x1.3636bb5e70e1dp-2,0x1.ddecacf2d8425p-1,76,DEFERRED,0.0176092,0.0650268,0.4108,0.3245,76,9863,9961,0,CONSERVATIVE,0.4108,0.9863,4361,5629,KNOWN FINDING,0.4361,0x1.e248438d65b90p-9,-0x1.1d168108f33acp-1,0x1.0d290d2591110p-7,9880,117,9961,9781,0,0,120,0,0x1.1cf6ea8cd39f3p+2,0x1.3c3f000000000p-30,CONSERVATIVE,75,0,110,DEFERRED,4357,5629,14,KNOWN FINDING,0.00367952,-0.5568,0.9880,85.8473,0.4054,0.4357
7,0.001,0.02,100,1000,10000,1180,2164,0,167,0,0,3344,6656,0x1.e1e66ad1821ffp-1,0x1.eae661fb4aacdp-1,0x1.e2ba9013ef23cp-1,0x1.ea123cb8dda90p-1,0x1.741d800000000p-28,0x1.c6cc0b0a0314bp-3,0x1.062b3e0bf10a5p-10,0x1.9837359aa4000p-24,0x1.2f1d421db4ea2p-20,0x1.d997b2516e73ap-14,0x1.c8b387ee0f342p-4,0x1.dbead72f71029p-4,6358,DEFERRED,9.50451e-08,0.000112913,0.9552,0.9596,6380,9471,0,0,PASS,0.9585,0.9471,9427,0,UNREVIEWED,0.9427,0x1.37de221885ff9p-6,-0x1.f9fe4c4b69040p-11,0x1.1edc7f64f9a9dp-13,0x1.c1500e583f765p-7,0x1.a7c9950a24ebap-2,0x1.79bd9a0e7eefdp-1,6298,DEFERRED,-0.000965106,0.0137119,0.9462,0.5610,6312,9610,7200,0,UNREVIEWED,0.9483,0.9610,9102,34,KNOWN FINDING,0.9102,0x1.e248438d65b90p-9,-0x1.2847f60d61a08p-4,0x1.9f72f2e1a7c17p-10,9608,0,7184,7184,0,212,180,0,0x1.bb34b007e6c4ep+0,0x1.4f4b800000000p-28,UNREVIEWED,6489,0,167,DEFERRED,8965,963,72,KNOWN FINDING,0.00367952,-0.0723,0.9608,5.6478,0.9749,0.8965
9,0.001,0.12,20,100,10000,8400,1600,0,0,0,0,10000,0,nan,nan,0x1.e2ba9013ef23cp-1,0x1.ea123cb8dda90p-1,0x1.c9c3800000000p-31,0x1.cde938e8e89d1p-1,0x1.12ee1e40c3984p-10,0x1.992822351f100p-15,0x1.0d5509ebf1978p-17,0x1.a59637431a583p-11,nan,nan,0,DEFERRED,4.87753e-05,0.000804113,nan,nan,0,9840,4717,0,CONSERVATIVE,nan,0.9840,8148,1659,KNOWN FINDING,0.8148,0x1.19f268592ab3fp-3,0x1.217ec7e80df18p-6,0x1.0bba2eb582590p-9,0x1.a3dd82c94ae1bp-3,nan,nan,0,DEFERRED,0.0176694,0.205012,nan,nan,0,9963,10000,0,CONSERVATIVE,nan,0.9963,7393,2217,KNOWN FINDING,0.7393,0x1.0086ff6b284a9p-6,-0x1.bb4a32c4bb246p-1,0x1.163ba38c1c309p-5,9931,4318,10000,9741,0,0,69,0,0x1.cf5242a5b1dddp+2,0x1.ecc1000000000p-31,CONSERVATIVE,0,0,0,DEFERRED,2053,7944,3,KNOWN FINDING,0.0156572,-0.8658,0.9931,1393.2519,nan,0.2053
12,0.001,0.12,40,100,10000,6822,3175,0,0,0,0,9997,3,0x1.1270dfcb877fap-1,0x1.5d2df680a2a69p+0,0x1.e2ba9013ef23cp-1,0x1.ea123cb8dda90p-1,0x1.69adc00000000p-30,0x1.9cad515ac6d10p-1,0x1.084c334651ce1p-10,0x1.13ab0b9b97280p-17,0x1.7bb99429fc118p-18,0x1.28ad30eb9dfc1p-11,0x1.81745f108e441p-5,0x1.7b076b337398fp-2,0,DEFERRED,8.21555e-06,0.000565866,0.0000,0.1271,0,9808,2732,0,CONSERVATIVE,0.0000,0.9808,8693,256,KNOWN FINDING,0.8693,0x1.6b11664cc97c5p-4,-0x1.00e770d710de6p-5,0x1.78ee0127bdd7ap-10,0x1.2d626ee822331p-3,0x1.a43f19b4da03cp-4,0x1.a0608e8c6dd7cp-1,3,DEFERRED,-0.0313604,0.14716,1.0000,0.1262,3,9911,9998,0,CONSERVATIVE,1.0000,0.9911,7165,2679,KNOWN FINDING,0.7165,0x1.0086ff6b284a9p-6,-0x1.d106b116dd46dp-1,0x1.ac551b8c7444fp-6,9900,2595,9998,9227,0,0,100,0,0x1.81db3b78f8e85p+2,0x1.0ef0c00000000p-30,CONSERVATIVE,3,0,0,DEFERRED,3507,6490,3,KNOWN FINDING,0.0156572,-0.9083,0.9900,415.3020,1.0000,0.3507
15,0.001,0.12,100,100,10000,3435,5753,0,0,0,0,9188,812,0x1.d98437d036665p-1,0x1.f34894fc96667p-1,0x1.e2ba9013ef23cp-1,0x1.ea123cb8dda90p-1,0x1.052b800000000p-29,0x1.0fcb06d6402fep-1,0x1.06afda10fcfa9p-10,0x1.15f9c3c4b5a00p-19,0x1.daf0ba00b670ap-19,0x1.7308f1f424c98p-12,0x1.435dd69909779p-3,0x1.394c8768ab446p-2,631,DEFERRED,2.07108e-06,0.000353846,0.7771,0.5161,648,9762,232,0,UNREVIEWED,0.7980,0.9762,9342,2,KNOWN FINDING,0.9342,0x1.99fed9ea163b9p-4,-0x1.46191338eebfcp-6,0x1.0e30ed2f61f0cp-10,0x1.adf3ca7c2ae07p-4,0x1.3c56681973c81p-2,0x1.ac65908148f1bp-1,812,DEFERRED,-0.0199034,0.104969,1.0000,0.3692,812,9862,9596,0,CONSERVATIVE,1.0000,0.9862,6810,3101,KNOWN FINDING,0.6810,0x1.0086ff6b284a9p-6,-0x1.2c9ffcfe58848p-2,0x1.13e837f5c1409p-6,9871,173,9585,8193,0,0,129,0,0x1.23d7fd5345035p+2,0x1.55b2800000000p-30,CONSERVATIVE,803,0,9,DEFERRED,6695,3282,23,KNOWN FINDING,0.0156572,-0.2936,0.9871,95.5890,0.9889,0.6695
18,0.001,0.23999999999999999,20,100,10000,8249,1751,0,0,0,0,10000,0,nan,nan,0x1.e2ba9013ef23cp-1,0x1.ea123cb8dda90p-1,0x1.e483000000000p-31,0x1.c5ebb63e131f4p-1,0x1.1060010cc7b56p-10,0x1.47647bb5a2b40p-15,0x1.41b44a30ad297p-17,0x1.f70dd90948fb7p-11,nan,nan,0,DEFERRED,3.90282e-05,0.0009595,nan,nan,0,9816,5595,0,CONSERVATIVE,nan,0.9816,7684,2206,KNOWN FINDING,0.7684,0x1.9db108906c11fp-3,-0x1.3750589f97664p-5,0x1.2846d65ce95cbp-9,0x1.d567fe80ce396p-3,nan,nan,0,DEFERRED,-0.0380022,0.229202,nan,nan,0,9969,10000,0,CONSERVATIVE,nan,0.9969,6763,2671,KNOWN FINDING,0.6763,0x1.2117163eb4697p-5,-0x1.d8bab38a832afp-1,0x1.af65d8f7f6fc5p-5,9934,4899,10000,9238,0,0,66,0,0x1.cf5242a5b1dddp+2,0x1.ecc1000000000p-31,CONSERVATIVE,0,0,0,DEFERRED,2732,7267,1,KNOWN FINDING,0.0352893,-0.9233,0.9934,1393.2519,nan,0.2732
21,0.001,0.23999999999999999,40,100,10000,6178,3819,0,0,0,0,9997,3,0x1.1270dfcb877fap-1,0x1.5d2df680a2a69p+0,0x1.e2ba9013ef23cp-1,0x1.ea123cb8dda90p-1,0x1.c33bc00000000p-30,0x1.883b015f4f485p-1,0x1.0c0d907d0fbe1p-10,0x1.7a2cd37d47940p-16,0x1.d08a256ef2fbap-18,0x1.6b18878376232p-11,0x1.8758e9870865ep-3,0x1.7ba458539e0ffp-2,0,DEFERRED,2.2541e-05,0.00069255,0.0000,0.5154,0,9793,3352,0,CONSERVATIVE,0.0000,0.9793,8328,437,KNOWN FINDING,0.8328,0x1.50dbc06430ad8p-3,-0x1.3552bca8427c0p-4,0x1.eeb8ba91ec6d5p-10,0x1.a047828817969p-3,0x1.8793dbd45c008p-3,0x1.aac870663674bp-1,3,DEFERRED,-0.0755184,0.203261,1.0000,0.2294,3,9891,9998,0,CONSERVATIVE,1.0000,0.9891,7927,1678,KNOWN FINDING,0.7927,0x1.2117163eb4697p-5,-0x1.25e8b3c667389p-1,0x1.73188f616188cp-5,9897,3020,9996,7892,0,0,103,0,0x1.8d25fd81e9b8fp+2,0x1.1464400000000p-30,CONSERVATIVE,3,0,0,DEFERRED,4736,5256,8,KNOWN FINDING,0.0352893,-0.5740,0.9897,495.4388,1.0000,0.4736
22,0.001,0.23999999999999999,40,1000,10000,144,3330,0,38,0,0,3474,6526,0x1.e1dafff9e1323p-1,0x1.eaf1ccd2eb9a9p-1,0x1.e2ba9013ef23cp-1,0x1.ea123cb8dda90p-1,0x1.d47b000000000p-30,0x1.073309a283e7fp-4,0x1.10848cbd697d5p-10,0x1.4bf5f1c9dbb20p-15,0x1.4eb5fad7aec0ap-18,0x1.064d36b5d2319p-11,0x1.a8d6da21f3b35p-2,0x1.91c9e2a0ee7b3p-2,5812,DEFERRED,3.95728e-05,0.000500301,0.8906,1.0574,5864,9433,67,0,PASS,0.8986,0.9433,8607,0,KNOWN FINDING,0.8607,0x1.d13ff7603a057p-3,-0x1.a45275817e610p-7,0x1.ef092098292d6p-11,0x1.8647ac5d1b9cfp-4,0x1.d05e059d95c65p-2,0x1.283afa28d9aadp-1,6344,DEFERRED,-0.0128272,0.0952832,0.9721,0.7838,6393,9399,4356,0,UNREVIEWED,0.9796,0.9399,8828,5,KNOWN FINDING,0.8828,0x1.2117163eb4697p-5,-0x1.211d895776458p-3,0x1.04c1db23f1569p-5,9387,21,4029,434,0,442,171,0,0x1.75df49f122ddbp+1,0x1.ff12000000000p-30,UNREVIEWED,5904,622,0,DEFERRED,8344,1582,74,KNOWN FINDING,0.0352893,-0.1412,0.9387,18.5576,0.9047,0.8344
24,0.001,0.23999999999999999,100,100,10000,2355,7141,0,0,0,0,9496,504,0x1.d60c084b3312ep-1,0x1.f6c0c48199b9ep-1,0x1.e2ba9013ef23cp-1,0x1.ea123cb8dda90p-1,0x1.f31d000000000p-30,0x1.c0df3aa842539p-2,0x1.099952cdee406p-10,0x1.ba3acf69d0500p-17,0x1.24109a2b77d60p-18,0x1.c889a87792ca4p-12,0x1.504f22e328a88p-3,0x1.41e1b706fb590p-2,395,DEFERRED,1.31795e-05,0.000435388,0.7837,0.5224,407,9748,450,0,UNREVIEWED,0.8075,0.9748,9183,7,KNOWN FINDING,0.9183,0x1.983bd190f2a69p-3,-0x1.4d25349d7d13cp-5,0x1.7c488b015dc00p-10,0x1.34890b2da8d89p-3,0x1.30f4bc3ebc779p-2,0x1.8ce78a22a07fep-1,504,DEFERRED,-0.0406672,0.150652,1.0000,0.3842,504,9608,9587,0,UNREVIEWED,1.0000,0.9608,7907,1674,KNOWN FINDING,0.7907,0x1.2117163eb4697p-5,-0x1.a550ecc855af8p-3,0x1.0faba63d00beap-5,9795,288,9567,5279,0,60,145,0,0x1.198dc011419d8p+2,0x1.b01d000000000p-30,CONSERVATIVE,504,0,0,DEFERRED,7677,2296,27,KNOWN FINDING,0.0352893,-0.2057,0.9795,81.3920,1.0000,0.7677
27,0.01,0.02,20,100,10000,4790,2858,0,339,0,0,7648,2352,0x1.ded47d0570b99p-1,0x1.edf84fc75c133p-1,0x1.e2ba9013ef23cp-1,0x1.ea123cb8dda90p-1,0x1.803de00000000p-29,0x1.1e553c3f4dcccp-1,0x1.4723db58b776dp-7,-0x1.14724453a1c00p-16,0x1.8f7d4a8d2a4ccp-16,0x1.3817cd45eb472p-9,0x1.9c0913d827e8bp-3,0x1.20d66df9f1eecp-2,2301,DEFERRED,-1.64775e-05,0.00238108,0.9783,0.7133,2309,9615,0,0,UNREVIEWED,0.9817,0.9615,9110,0,KNOWN FINDING,0.9110,0x1.9e5c8e5a74709p-6,0x1.5ab9e77e4ca38p-8,0x1.849349c6d04b0p-12,0x1.32a3400b55463p-5,0x1.ca5a473e3db41p-2,0x1.25558b801310bp+0,1993,DEFERRED,0.00529062,0.0374314,0.8474,0.3906,2090,9871,9668,0,CONSERVATIVE,0.8886,0.9871,8363,930,KNOWN FINDING,0.8363,0x1.cd6c47ec117ecp-6,-0x1.77bb473564d80p-2,0x1.93c7d9cbeb09bp-6,9870,0,9658,9598,0,0,130,0,0x1.659ae54d9c5cep+1,0x1.263bc00000000p-29,CONSERVATIVE,2274,0,78,DEFERRED,8143,1822,35,KNOWN FINDING,0.028163,-0.3669,0.9870,16.3428,0.9668,0.8143
28,0.01,0.02,20,1000,10000,256,1113,0,402,0,0,1369,8631,0x1.e272c4e61c290p-1,0x1.ea5a07e6b0a3cp-1,0x1.e2ba9013ef23cp-1,0x1.ea123cb8dda90p-1,0x1.c28c000000000p-28,0x1.985c9cf191d7bp-4,0x1.47d00202e51a8p-7,0x1.0f6c401e96800p-18,0x1.73dd497ea9230p-17,0x1.2281a837cc8ffp-10,0x1.c65b6afd07221p-4,0x1.d35e01e83d128p-4,8172,DEFERRED,4.04452e-06,0.00110819,0.9468,0.9722,8281,9450,0,0,PASS,0.9594,0.9450,9214,0,KNOWN FINDING,0.9214,0x1.2b3b48408ee8ap-6,-0x1.c72cc3a525f10p-10,0x1.b9d460c1dad9ap-14,0x1.5dd1f58617cc1p-7,0x1.dcfaa60a36465p-2,0x1.3af501b075361p-1,8504,DEFERRED,-0.00173635,0.0106757,0.9853,0.7572,8534,9397,3118,0,UNREVIEWED,0.9888,0.9397,8350,22,KNOWN FINDING,0.8350,0x1.cd6c47ec117ecp-6,-0x1.2eb3c02922afcp-4,0x1.06dcbeae03928p-7,9390,0,3076,3076,0,470,140,0,0x1.2a6fb71727a56p+0,0x1.bd17c00000000p-28,UNREVIEWED,8589,0,42,DEFERRED,8282,1690,28,KNOWN FINDING,0.028163,-0.0739,0.9390,3.2084,0.9951,0.8282
29,0.01,0.02,20,10000,10000,0,1,0,176,0,0,1,9999,0x1.e2ba840c0b6c6p-1,0x1.ea1248c0c1606p-1,0x1.e2ba9013ef23cp-1,0x1.ea123cb8dda90p-1,0x1.3d68800000000p-27,0x1.5b87f28ab576fp-12,0x1.475f96163d56dp-7,-0x1.39f9928fc3800p-17,0x1.298635af46d8ap-17,0x1.d0e260fe4f3eap-11,0x1.6f0757058ea67p-4,0x1.677d423ce2e68p-4,9287,KNOWN FINDING,-9.35718e-06,0.000886696,0.9288,1.0210,9450,9416,0,0,KNOWN FINDING,0.9451,0.9416,9246,0,KNOWN FINDING,0.9246,0x1.33f36e78b33e0p-6,-0x1.3baa6022e09b0p-10,0x1.102c30cd59c65p-14,0x1.b0824e708c5b9p-8,0x1.76b23294ebc85p-2,0x1.6265be3e4d1f4p-2,9290,KNOWN FINDING,-0.00120417,0.00659956,0.9291,1.0573,9433,9408,1,0,KNOWN FINDING,0.9434,0.9408,8248,0,KNOWN FINDING,0.8248,0x1.cd6c47ec117ecp-6,-0x1.7bf5dfaade348p-5,0x1.5637bf32d2b08p-8,9413,0,1,1,0,446,141,0,0x1.79c4599656258p-1,0x1.4023000000000p-28,UNREVIEWED,9019,950,30,KNOWN FINDING,8339,1624,37,KNOWN FINDING,0.028163,-0.0464,0.9413,2.0914,0.9020,0.8339
30,0.01,0.02,40,100,10000,3630,2563,0,282,0,0,6193,3807,0x1.e0732f601b80ap-1,0x1.ec599d6cb14c2p-1,0x1.e2ba9013ef23cp-1,0x1.ea123cb8dda90p-1,0x1.fe76c00000000p-29,0x1.d0f14a0c5800bp-2,0x1.4779373091965p-7,-0x1.a6ea527d8b000p-18,0x1.1bcd9619cfb4ep-16,0x1.bb6c571a67468p-10,0x1.5e43099b03c94p-3,0x1.86cda4baa4a45p-3,3700,DEFERRED,-6.30193e-06,0.00169153,0.9719,0.8963,3716,9545,0,0,PASS,0.9761,0.9545,9340,0,KNOWN FINDING,0.9340,0x1.749df2d4a1040p-6,0x1.677ef2cdfde28p-9,0x1.16139ed5d9e4fp-12,0x1.b4ca6d892d904p-6,0x1.c24b56c7382d6p-2,0x1.0ac513d80399ep+0,3306,DEFERRED,0.00274274,0.0266596,0.8684,0.4220,3355,9854,9315,0,CONSERVATIVE,0.8813,0.9854,8872,424,KNOWN FINDING,0.8872,0x1.cd6c47ec117ecp-6,-0x1.5ba3eaa9235d0p-3,0x1.24f487ac5b896p-6,9864,0,9309,9309,0,1,135,0,0x1.1b53eebb49065p+1,0x1.b97d800000000p-29,CONSERVATIVE,3649,0,158,DEFERRED,8666,1287,47,KNOWN FINDING,0.028163,-0.1697,0.9864,9.1477,0.9585,0.8666
31,0.01,0.02,40,1000,10000,13,175,0,224,0,0,188,9812,0x1.e2b19a0e897e6p-1,0x1.ea1b32be434e6p-1,0x1.e2ba9013ef23cp-1,0x1.ea123cb8dda90p-1,0x1.0d8f400000000p-27,0x1.2e8b747f1e2c5p-6,0x1.47b1fea132b44p-7,0x1.f51328b648000p-22,0x1.076532385be0fp-17,0x1.9b88de9e238acp-11,0x1.4402441b70ab4p-4,0x1.4353295b62b01p-4,9290,PASS,4.66662e-07,0.00078494,0.9468,1.0021,9365,9505,0,0,PASS,0.9544,0.9505,9389,0,UNREVIEWED,0.9389,0x1.366322bc6a62bp-6,-0x1.14af1be76e500p-10,0x1.3fc628b581bc4p-14,0x1.f863337ba4c27p-8,0x1.a68f96526f9b4p-2,0x1.bffd3aed9ff0ep-2,9641,KNOWN FINDING,-0.00105547,0.00769634,0.9826,0.9432,9666,9443,693,0,PASS,0.9851,0.9443,8858,0,KNOWN FINDING,0.8858,0x1.cd6c47ec117ecp-6,-0x1.5698c19595aa0p-5,0x1.71b38e5390fc7p-8,9455,0,674,674,0,368,177,0,0x1.9de9cc64ab542p-1,0x1.2cf4400000000p-27,PASS,9496,230,86,UNREVIEWED,8809,1128,63,KNOWN FINDING,0.028163,-0.0418,0.9455,2.2444,0.9678,0.8809
37,0.01,0.12,20,1000,10000,0,5,0,0,0,0,5,9995,0x1.e2ba53e7dd60ap-1,0x1.ea1278e4ef6c2p-1,0x1.e2ba9013ef23cp-1,0x1.ea123cb8dda90p-1,0x1.c2d4c00000000p-29,0x1.254aa8f2a9e20p-10,0x1.47b1e72c337f2p-7,0x1.e958a91bb8000p-22,0x1.a612c498b4a5ap-16,0x1.49ba716932eedp-9,0x1.02fdce2362c07p-2,0x1.fc747027230c2p-3,9197,KNOWN FINDING,4.55739e-07,0.00251563,0.9202,1.0187,9354,9429,0,0,PASS,0.9359,0.9429,8933,0,KNOWN FINDING,0.8933,0x1.d24bf5bc63aa1p-4,-0x1.93928fbee4170p-8,0x1.b5bcd166013eep-12,0x1.59aa911d86258p-5,0x1.bf0683ab14c15p-2,0x1.a775f6ac4d560p-2,9405,UNREVIEWED,-0.00615803,0.0421956,0.9410,1.0556,9559,9414,16,0,UNREVIEWED,0.9564,0.9414,8603,0,KNOWN FINDING,0.8603,0x1.71f97fb878ae6p-4,-0x1.7af7a17800d20p-4,0x1.38fcef2777770p-5,9399,0,12,10,0,437,164,0,0x1.9ae46a545554ap+0,0x1.42da800000000p-29,UNREVIEWED,9145,809,41,KNOWN FINDING,8474,1467,59,KNOWN FINDING,0.0903258,-0.0925,0.9399,4.9781,0.9150,0.8474
41,0.01,0.12,40,10000,10000,0,0,0,0,0,0,0,10000,0x1.e2ba9013ef23cp-1,0x1.ea123cb8dda90p-1,0x1.e2ba9013ef23cp-1,0x1.ea123cb8dda90p-1,0x1.3236000000000p-28,0x0.0000000000000p+0,0x1.486a029878d12p-7,0x1.77dc3b2f12e00p-16,0x1.1b7d442950bc1p-16,0x1.baf80675e0b1cp-10,0x1.5b584836cfdfdp-3,0x1.5911acad67a2ap-3,9398,UNREVIEWED,2.2403e-05,0.00168979,0.9398,1.0066,9477,9471,0,0,PASS,0.9477,0.9471,9240,0,KNOWN FINDING,0.9240,0x1.de8d6a3617bebp-4,-0x1.9ef69047459a0p-9,0x1.f98d6f87918b1p-13,0x1.8e55b56cc7a19p-6,0x1.e62dbb1316e6ap-3,0x1.dbe9a92cf008fp-3,9403,UNREVIEWED,-0.00316592,0.0243124,0.9403,1.0216,9481,9459,0,0,PASS,0.9481,0.9459,8899,0,KNOWN FINDING,0.8899,0x1.71f97fb878ae6p-4,-0x1.6668726b43c28p-5,0x1.7d91f5bd15cf3p-6,9463,0,0,0,0,360,177,0,0x1.0197be338080cp+0,0x1.80ed000000000p-29,PASS,9307,611,82,UNREVIEWED,8943,996,61,KNOWN FINDING,0.0903258,-0.0438,0.9463,2.7352,0.9307,0.8943
45,0.01,0.23999999999999999,20,100,10000,773,6467,0,23,0,0,7240,2760,0x1.df69735219fd7p-1,0x1.ed63597ab2cf5p-1,0x1.e2ba9013ef23cp-1,0x1.ea123cb8dda90p-1,0x1.ca28000000000p-30,0x1.a2406a3f941ffp-3,0x1.4b5aad78ca46ep-7,0x1.d64c7ef47f980p-14,0x1.7dc0aeae831a7p-15,0x1.2a51e36fae5d9p-8,0x1.2f832afa75f07p-2,0x1.5f4e66822ce40p-2,2636,DEFERRED,0.000112128,0.004552,0.9551,0.8640,2673,9352,2,0,UNREVIEWED,0.9685,0.9352,8492,0,KNOWN FINDING,0.8492,0x1.ad38235a112dep-3,-0x1.f267daf205ed0p-6,0x1.46672a1e086b0p-10,0x1.067d78d82b150p-3,0x1.c248e45b9618dp-2,0x1.aae7b5520c33dp-1,2760,DEFERRED,-0.0304203,0.128169,1.0000,0.5274,2760,9387,8133,0,UNREVIEWED,1.0000,0.9387,8564,83,KNOWN FINDING,0.8564,0x1.67cc6eaf1196dp-3,-0x1.a2df97c4b9bf4p-3,0x1.f6cec75c4d910p-4,9308,1,7913,2824,0,551,141,0,0x1.617dbed2dce14p+1,0x1.f725800000000p-30,UNREVIEWED,2760,0,0,DEFERRED,7837,2116,47,KNOWN FINDING,0.175683,-0.2045,0.9308,15.8259,1.0000,0.7837
47,0.01,0.23999999999999999,20,10000,10000,1,538,0,20,0,0,539,9461,0x1.e2a02979a2f31p-1,0x1.ea2ca35329d9bp-1,0x1.e2ba9013ef23cp-1,0x1.ea123cb8dda90p-1,0x1.1f4a000000000p-29,0x1.392634efb7697p-8,0x1.4c58570b742e2p-7,0x1.2a90a424b99c0p-13,0x1.4363d3059d5e9p-15,0x1.f99db0420f33ap-9,0x1.7ad0bc6a70f05p-2,0x1.77fd25d80053bp-2,8702,DEFERRED,0.000142367,0.00385754,0.9198,1.0075,8840,9417,0,0,UNREVIEWED,0.9344,0.9417,8839,0,KNOWN FINDING,0.8839,0x1.d4c09e5cf1646p-3,-0x1.6c4805b608720p-7,0x1.412e29dee3674p-11,0x1.fe0416234f5afp-5,0x1.4e580769aa3bap-2,0x1.5bc892d42a1a8p-2,8832,DEFERRED,-0.011117,0.0622578,0.9335,0.9614,8962,9393,744,0,UNREVIEWED,0.9473,0.9393,8492,0,KNOWN FINDING,0.8492,0x1.67cc6eaf1196dp-3,-0x1.87b5d43775c64p-4,0x1.4985dba43e088p-4,9381,0,577,0,0,454,165,0,0x1.bad2646dbb5c7p+0,0x1.c810000000000p-30,UNREVIEWED,8691,767,3,DEFERRED,8556,1385,59,KNOWN FINDING,0.175683,-0.0956,0.9381,5.6394,0.9186,0.8556
49,0.01,0.23999999999999999,40,1000,10000,0,193,0,1,0,0,193,9807,0x1.e2b15c2585a1fp-1,0x1.ea1b70a7472adp-1,0x1.e2ba9013ef23cp-1,0x1.ea123cb8dda90p-1,0x1.8eee800000000p-29,0x1.05b2aa2bdf344p-9,0x1.4b0811dca46f8p-7,0x1.acfeb0e193e80p-14,0x1.d899c74254640p-16,0x1.7171b3a969a50p-9,0x1.1b42fc673508fp-2,0x1.19aed7e4790d3p-2,9141,KNOWN FINDING,0.00010228,0.00281864,0.9321,1.0056,9199,9463,0,0,PASS,0.9380,0.9463,9060,0,KNOWN FINDING,0.9060,0x1.df5b0493f8553p-3,-0x1.8543448b32ca0p-8,0x1.15b29a7b97097p-11,0x1.b499cc1909528p-5,0x1.27acccc76f7b7p-2,0x1.2e4b1219cb911p-2,9354,PASS,-0.00593968,0.053296,0.9538,0.9781,9407,9461,238,0,PASS,0.9592,0.9461,9072,0,KNOWN FINDING,0.9072,0x1.67cc6eaf1196dp-3,-0x1.c6167c454af30p-5,0x1.0a202dd52f09dp-4,9451,0,189,0,0,345,204,0,0x1.6641fde4c66eap+0,0x1.ce84000000000p-30,PASS,9167,611,29,KNOWN FINDING,8931,970,99,KNOWN FINDING,0.175683,-0.0554,0.9451,4.0529,0.9347,0.8931
54,0.050000000000000003,0.02,20,100,10000,2169,2831,0,738,0,0,5000,5000,0x1.e13544fd60abdp-1,0x1.eb9787cf6c20fp-1,0x1.e2ba9013ef23cp-1,0x1.ea123cb8dda90p-1,0x1.5739c00000000p-28,0x1.696fb9fbc0cc4p-2,0x1.9955df2b49293p-5,-0x1.0ee9b941c1c00p-15,0x1.f61f537271e7dp-15,0x1.8844e9ee8754bp-8,0x1.fe8039214b1f1p-4,0x1.168a434ffce3fp-3,4820,DEFERRED,-3.22953e-05,0.00598555,0.9640,0.9164,4873,9501,0,0,PASS,0.9746,0.9501,9062,0,KNOWN FINDING,0.9062,0x1.2ec146f223d1dp-6,-0x1.8eccd88bd75e0p-10,0x1.726a85f7cd9c9p-13,0x1.2271d01bedd63p-6,0x1.c8301c21da39bp-2,0x1.cccae814829d6p-1,4722,DEFERRED,-0.0015213,0.0177273,0.9444,0.4950,4788,9765,8311,0,UNREVIEWED,0.9576,0.9765,8390,305,KNOWN FINDING,0.8390,0x1.c78984063b852p-4,-0x1.c05bd86d62d64p-4,0x1.3d66363931a1ap-5,9748,0,8297,8297,0,118,134,0,0x1.5d5adf3bff2ddp+0,0x1.467d400000000p-28,CONSERVATIVE,4945,0,55,DEFERRED,8269,1701,30,KNOWN FINDING,0.111215,-0.1095,0.9748,3.9144,0.9890,0.8269
55,0.050000000000000003,0.02,20,1000,10000,2,70,0,573,0,0,72,9928,0x1.e2b72937eb60cp-1,0x1.ea15a394e16c0p-1,0x1.e2ba9013ef23cp-1,0x1.ea123cb8dda90p-1,0x1.ac22c00000000p-27,0x1.dd7629e548d96p-8,0x1.998dda493e77ap-5,-0x1.77ea0b6440000p-18,0x1.3689fec25b5d1p-15,0x1.e5318c77b4150p-9,0x1.3ef69c12c6275p-4,0x1.32441c6eef106p-4,9145,KNOWN FINDING,-5.60156e-06,0.00370173,0.9211,1.0415,9329,9388,0,0,UNREVIEWED,0.9397,0.9388,9234,0,KNOWN FINDING,0.9234,0x1.2edfcc5ca90ebp-6,-0x1.8ce481e383900p-10,0x1.39f5647030745p-14,0x1.f478666564e7ap-8,0x1.b743188bbb1b6p-2,0x1.a8f62838aead4p-2,9452,PASS,-0.00151403,0.00763657,0.9521,1.0337,9653,9323,142,0,KNOWN FINDING,0.9723,0.9323,8165,0,KNOWN FINDING,0.8165,0x1.c78984063b852p-4,-0x1.4d54ec46adc38p-5,0x1.20953ae857438p-6,9359,0,128,128,0,514,127,0,0x1.3c5e3e984b00ap-1,0x1.97c7c00000000p-27,UNREVIEWED,9071,824,33,KNOWN FINDING,8316,1657,27,KNOWN FINDING,0.111215,-0.0407,0.9359,1.8550,0.9137,0.8316
59,0.050000000000000003,0.02,40,10000,10000,0,0,0,327,0,0,0,10000,0x1.e2ba9013ef23cp-1,0x1.ea123cb8dda90p-1,0x1.e2ba9013ef23cp-1,0x1.ea123cb8dda90p-1,0x1.e8e4800000000p-27,0x0.0000000000000p+0,0x1.99bf677233f9cp-5,0x1.2e6ec4d301000p-16,0x1.9321ba3b59972p-16,0x1.3af0964da37e1p-9,0x1.9d233b6be3c62p-5,0x1.911a56e411b3bp-5,9258,UNREVIEWED,1.80264e-05,0.0024028,0.9258,1.0300,9342,9468,0,0,PASS,0.9342,0.9468,9389,0,UNREVIEWED,0.9389,0x1.3c4ff5e2098e7p-6,-0x1.6bc3d31af7280p-11,0x1.7205adeccc5bfp-15,0x1.249eadb6cdb4ep-8,0x1.e4f7506327bc5p-3,0x1.d4fac65e19cddp-3,9347,UNREVIEWED,-0.000693827,0.00446502,0.9347,1.0341,9414,9444,0,0,PASS,0.9414,0.9444,8843,0,KNOWN FINDING,0.8843,0x1.c78984063b852p-4,-0x1.265a3a007bf40p-6,0x1.5aa5245e6e59ap-7,9458,0,0,0,0,370,172,0,0x1.7b440da117759p-2,0x1.2fbd800000000p-27,PASS,9206,741,53,KNOWN FINDING,9018,932,50,KNOWN FINDING,0.111215,-0.0180,0.9458,1.4483,0.9206,0.9018
60,0.050000000000000003,0.02,100,100,10000,146,718,0,451,0,0,864,9136,0x1.e28f203d60ee2p-1,0x1.ea3dac8f6bdeap-1,0x1.e2ba9013ef23cp-1,0x1.ea123cb8dda90p-1,0x1.66bbc00000000p-27,0x1.02d855d1158dcp-4,0x1.99821634f9619p-5,-0x1.78364a0381000p-17,0x1.c97fbf408d1b3p-16,0x1.656800318afb1p-9,0x1.d125eff574b5fp-5,0x1.c7b9f09708415p-5,8513,DEFERRED,-1.1212e-05,0.00272679,0.9318,1.0207,8538,9446,0,0,PASS,0.9345,0.9446,9422,0,UNREVIEWED,0.9422,0x1.37ac0a0d0eadbp-6,-0x1.0020a6dd29a00p-10,0x1.72f1c64102b95p-14,0x1.238c8f8c9429cp-7,0x1.a12d9db3b8259p-2,0x1.139e1671a3b8bp-1,8843,DEFERRED,-0.000977049,0.00889737,0.9679,0.7568,8856,9505,3280,0,PASS,0.9694,0.9505,9235,2,KNOWN FINDING,0.9235,0x1.c78984063b852p-4,-0x1.cf5f18e7d2c10p-6,0x1.3e25350cd31ffp-6,9479,0,3254,3254,0,323,198,0,0x1.6cb9191802cf3p-1,0x1.6465800000000p-27,PASS,8971,0,165,DEFERRED,9199,705,96,KNOWN FINDING,0.111215,-0.0283,0.9479,2.0388,0.9819,0.9199
64,0.050000000000000003,0.12,20,1000,10000,0,0,0,0,0,0,0,10000,0x1.e2ba9013ef23cp-1,0x1.ea123cb8dda90p-1,0x1.e2ba9013ef23cp-1,0x1.ea123cb8dda90p-1,0x1.3fd1800000000p-28,0x1.0cb443d71b08bp-16,0x1.990f4f2efdd9dp-5,-0x1.1494d5377fa00p-14,0x1.6d78d5c925835p-14,0x1.1d84d73e46987p-7,0x1.790a4777742b4p-3,0x1.6f751f654fda2p-3,9296,UNREVIEWED,-6.59421e-05,0.00871335,0.9296,1.0261,9442,9424,0,0,UNREVIEWED,0.9442,0.9424,9116,0,KNOWN FINDING,0.9116,0x1.d02bd8b935ca2p-4,-0x1.b5945ff1c2160p-8,0x1.6a36cc05e823ap-12,0x1.203420b8fdabdp-5,0x1.7025e6ccf29a7p-2,0x1.5b2beba1918b1p-2,9262,UNREVIEWED,-0.00667693,0.0351811,0.9262,1.0604,9420,9376,0,0,UNREVIEWED,0.9420,0.9376,8339,0,KNOWN FINDING,0.8339,0x1.14a96fbcbf70dp-2,-0x1.ec1ae7b3d23b8p-5,0x1.130a5d4279bdep-4,9406,0,0,0,0,471,123,0,0x1.ef01ef4a483d7p-1,0x1.8c66000000000p-29,UNREVIEWED,9070,902,28,KNOWN FINDING,8391,1582,27,KNOWN FINDING,0.270178,-0.0601,0.9406,2.6295,0.9070,0.8391
65,0.050000000000000003,0.12,20,10000,10000,0,0,0,0,0,0,0,10000,0x1.e2ba9013ef23cp-1,0x1.ea123cb8dda90p-1,0x1.e2ba9013ef23cp-1,0x1.ea123cb8dda90p-1,0x1.3381000000000p-28,0x1.fe89b418b35d6p-19,0x1.98761a34e7602p-5,-0x1.237f64b239800p-13,0x1.669b8f47e0744p-14,0x1.182f6c2c81798p-7,0x1.74cb20deb3ba2p-3,0x1.69fb2c337fc07p-3,9265,KNOWN FINDING,-0.000138997,0.00855058,0.9265,1.0299,9411,9418,0,0,UNREVIEWED,0.9411,0.9418,9077,0,KNOWN FINDING,0.9077,0x1.d0b4c3bdda45fp-4,-0x1.ad05afa77a590p-8,0x1.55a67ee958cbbp-12,0x1.103c4005a5002p-5,0x1.58b905ab14a23p-2,0x1.46230fff27c49p-2,9255,UNREVIEWED,-0.00654636,0.0332319,0.9255,1.0570,9394,9408,0,0,UNREVIEWED,0.9394,0.9408,8253,0,KNOWN FINDING,0.8253,0x1.14a96fbcbf70dp-2,-0x1.dae8488ca2b10p-5,0x1.07080828f4f9fp-4,9400,0,0,0,0,472,128,0,0x1.ddd48342e590cp-1,0x1.b0da000000000p-29,UNREVIEWED,9095,888,17,KNOWN FINDING,8383,1580,37,KNOWN FINDING,0.270178,-0.0580,0.9400,2.5428,0.9095,0.8383
68,0.050000000000000003,0.12,40,10000,10000,0,0,0,0,0,0,0,10000,0x1.e2ba9013ef23cp-1,0x1.ea123cb8dda90p-1,0x1.e2ba9013ef23cp-1,0x1.ea123cb8dda90p-1,0x1.7f01000000000p-28,0x0.0000000000000p+0,0x1.98cdbe7b91dc3p-5,-0x1.97b63c0f7ae00p-14,0x1.0035d59c56701p-14,0x1.905bf7be50907p-8,0x1.089254ee6f259p-3,0x1.036140d27d88bp-3,9337,KNOWN FINDING,-9.72061e-05,0.006109,0.9337,1.0200,9420,9422,0,0,KNOWN FINDING,0.9420,0.9422,9261,0,KNOWN FINDING,0.9261,0x1.de04a4cf79c34p-4,-0x1.b00f3d1b05080p-9,0x1.f119dabfc2c41p-13,0x1.88140610bc7f3p-6,0x1.def66f9d1968bp-3,0x1.cd3210c7cdefcp-3,9344,UNREVIEWED,-0.00329635,0.0239306,0.9344,1.0385,9418,9432,0,0,PASS,0.9418,0.9432,8803,0,KNOWN FINDING,0.8803,0x1.14a96fbcbf70dp-2,-0x1.f650a93dc3d40p-6,0x1.7f22949adf60ep-5,9426,0,0,0,0,403,171,0,0x1.564c6511d4a02p-1,0x1.0a6f000000000p-28,UNREVIEWED,9228,708,64,KNOWN FINDING,8828,1098,74,KNOWN FINDING,0.270178,-0.0307,0.9426,1.9514,0.9228,0.8828
72,0.050000000000000003,0.23999999999999999,20,100,10000,31,2035,0,0,0,0,2066,7934,0x1.e24744c59b2f5p-1,0x1.ea858807319d7p-1,0x1.e2ba9013ef23cp-1,0x1.ea123cb8dda90p-1,0x1.549f400000000p-29,0x1.6c6daa206e543p-6,0x1.9927d30071ecap-5,-0x1.c71a649eb4000p-15,0x1.21c2798f30cc5p-13,0x1.c4baf7132d43ap-7,0x1.2c987106259f2p-2,0x1.13026c2ca701cp-2,7211,DEFERRED,-5.42525e-05,0.0138162,0.9089,1.0930,7355,9422,0,0,UNREVIEWED,0.9270,0.9422,8933,0,KNOWN FINDING,0.8933,0x1.cdf9e11dd1c62p-3,-0x1.d8b3d9a802560p-7,0x1.a777234e3dd64p-11,0x1.500d2000ba43bp-4,0x1.a3a892fa0aa3cp-2,0x1.e6ca3bc6352c5p-2,7524,DEFERRED,-0.0144257,0.0820438,0.9483,0.8621,7657,9399,2502,0,KNOWN FINDING,0.9651,0.9399,8704,0,KNOWN FINDING,0.8704,0x1.c2dd41bcfabc7p-2,-0x1.352dce48eaf24p-4,0x1.27068fe6d1f51p-3,9403,0,2159,46,0,441,156,0,0x1.3f9330d7f06cap+0,0x1.381fc00000000p-29,KNOWN FINDING,7035,899,0,DEFERRED,8405,1529,66,KNOWN FINDING,0.440297,-0.0755,0.9403,3.4846,0.8867,0.8405
73,0.050000000000000003,0.23999999999999999,20,1000,10000,2,528,0,0,0,0,530,9470,0x1.e2a09f0b17ce9p-1,0x1.ea2c2dc1b4fe3p-1,0x1.e2ba9013ef23cp-1,0x1.ea123cb8dda90p-1,0x1.9cfe800000000p-29,0x1.0491cec957f73p-8,0x1.99f2a78cab6e8p-5,0x1.6437cc4753800p-15,0x1.12c06555792d8p-13,0x1.ad47b35debf1bp-7,0x1.18cc6b04ea48fp-2,0x1.101b438ea501dp-2,8740,DEFERRED,4.24645e-05,0.0131006,0.9229,1.0319,8892,9420,1,0,UNREVIEWED,0.9390,0.9420,8938,0,KNOWN FINDING,0.8938,0x1.d394ca1acfe1dp-3,-0x1.7f0549d8209b0p-7,0x1.3fd4d6cb6863ap-11,0x1.fccd9fa1e381ep-5,0x1.5260a3a0e1e99p-2,0x1.5d506c9792c23p-2,8829,DEFERRED,-0.0116889,0.0621098,0.9323,0.9687,8988,9407,743,0,UNREVIEWED,0.9491,0.9407,8439,0,KNOWN FINDING,0.8439,0x1.c2dd41bcfabc7p-2,-0x1.f55468bb28ee0p-5,0x1.ec1852edf415dp-4,9412,1,581,0,0,431,157,0,0x1.0d11082296310p+0,0x1.4cc1000000000p-29,UNREVIEWED,8642,827,1,DEFERRED,8506,1449,45,KNOWN FINDING,0.440297,-0.0612,0.9412,2.8606,0.9126,0.8506
74,0.050000000000000003,0.23999999999999999,20,10000,10000,0,274,0,0,0,0,274,9726,0x1.e2ad6a8f302b1p-1,0x1.ea1f623d9ca1bp-1,0x1.e2ba9013ef23cp-1,0x1.ea123cb8dda90p-1,0x1.955b000000000p-29,0x1.cdf76b22315a5p-10,0x1.9a64e588b928fp-5,0x1.9697de3f1ea00p-14,0x1.12ae895627d3fp-13,0x1.ad2e3a9510d94p-7,0x1.17ca9c1389e54p-2,0x1.0ec5ae944472fp-2,9001,KNOWN FINDING,9.69394e-05,0.0130976,0.9255,1.0333,9171,9405,1,0,UNREVIEWED,0.9429,0.9405,9019,0,KNOWN FINDING,0.9019,0x1.d1125d027174dp-3,-0x1.a72c1b5e076b0p-7,0x1.2d4d73a0467dbp-11,0x1.e280a928c8f3dp-5,0x1.4ab03de96700bp-2,0x1.4760851f9b5e6p-2,9052,KNOWN FINDING,-0.0129142,0.0588992,0.9307,1.0101,9164,9369,400,0,KNOWN FINDING,0.9422,0.9369,8299,0,KNOWN FINDING,0.8299,0x1.c2dd41bcfabc7p-2,-0x1.0b798301f5ca4p-4,0x1.de08afc9a503ep-4,9381,0,292,0,0,457,162,0,0x1.04c68e480a8e4p+0,0x1.6bc2000000000p-29,KNOWN FINDING,8831,894,1,KNOWN FINDING,8428,1533,39,KNOWN FINDING,0.440297,-0.0653,0.9381,2.7695,0.9080,0.8428
